<?xml version="1.0" encoding="UTF-8"?>
<COLLADA xmlns="http://www.collada.org/2005/11/COLLADASchema" version="1.4.1">
<!--
# File generated by ImageToStl.com - Free Image and 3D model conversion tools
-->
  <asset>
    <contributor>
      <author>ImageToStl.com</author>
      <authoring_tool>ImageToStl.com</authoring_tool>
    </contributor>
    <created>2026-07-28T12:47:13</created>
    <modified>2026-07-28T12:47:13</modified>
    <up_axis>Z_UP</up_axis>
  </asset>
  <library_effects>
    <effect id="effect_0">
        <profile_COMMON>
          <technique sid="common">
            <phong>
              <diffuse>
                <color>0.62745 0.62745 0.62745 1</color>
              </diffuse>
            </phong>
          </technique>
        </profile_COMMON>
    </effect>
    <effect id="effect_1">
        <profile_COMMON>
          <technique sid="common">
            <phong>
              <diffuse>
                <color>0.63137 0.63137 0.63137 1</color>
              </diffuse>
            </phong>
          </technique>
        </profile_COMMON>
    </effect>
    <effect id="effect_2">
        <profile_COMMON>
          <technique sid="common">
            <phong>
              <diffuse>
                <color>0.62745 0.62745 0.62745 1</color>
              </diffuse>
            </phong>
          </technique>
        </profile_COMMON>
    </effect>
    <effect id="effect_3">
        <profile_COMMON>
          <technique sid="common">
            <phong>
              <diffuse>
                <color>0.62745 0.62745 0.62745 1</color>
              </diffuse>
            </phong>
          </technique>
        </profile_COMMON>
    </effect>
    <effect id="effect_4">
        <profile_COMMON>
          <technique sid="common">
            <phong>
              <diffuse>
                <color>1 1 1 1</color>
              </diffuse>
            </phong>
          </technique>
        </profile_COMMON>
    </effect>
    <effect id="effect_5">
        <profile_COMMON>
          <technique sid="common">
            <phong>
              <diffuse>
                <color>1 1 1 1</color>
              </diffuse>
            </phong>
          </technique>
        </profile_COMMON>
    </effect>
    <effect id="effect_6">
        <profile_COMMON>
          <technique sid="common">
            <phong>
              <diffuse>
                <color>1 1 1 1</color>
              </diffuse>
            </phong>
          </technique>
        </profile_COMMON>
    </effect>
    <effect id="effect_7">
        <profile_COMMON>
          <technique sid="common">
            <phong>
              <diffuse>
                <color>0.5098 0.5098 0.58824 1</color>
              </diffuse>
            </phong>
          </technique>
        </profile_COMMON>
    </effect>
    <effect id="effect_8">
        <profile_COMMON>
          <technique sid="common">
            <phong>
              <diffuse>
                <color>0.62745 0.62745 0.62745 1</color>
              </diffuse>
            </phong>
          </technique>
        </profile_COMMON>
    </effect>
    <effect id="effect_9">
        <profile_COMMON>
          <technique sid="common">
            <phong>
              <diffuse>
                <color>0.63137 0.63137 0.63137 1</color>
              </diffuse>
            </phong>
          </technique>
        </profile_COMMON>
    </effect>
    <effect id="effect_10">
        <profile_COMMON>
          <technique sid="common">
            <phong>
              <diffuse>
                <color>1 1 1 1</color>
              </diffuse>
            </phong>
          </technique>
        </profile_COMMON>
    </effect>
    <effect id="effect_11">
        <profile_COMMON>
          <technique sid="common">
            <phong>
              <diffuse>
                <color>0.63137 0.63137 0.63137 1</color>
              </diffuse>
            </phong>
          </technique>
        </profile_COMMON>
    </effect>
    <effect id="effect_12">
        <profile_COMMON>
          <technique sid="common">
            <phong>
              <diffuse>
                <color>1 1 1 1</color>
              </diffuse>
            </phong>
          </technique>
        </profile_COMMON>
    </effect>
    <effect id="effect_13">
        <profile_COMMON>
          <technique sid="common">
            <phong>
              <diffuse>
                <color>1 1 1 1</color>
              </diffuse>
            </phong>
          </technique>
        </profile_COMMON>
    </effect>
    <effect id="effect_14">
        <profile_COMMON>
          <technique sid="common">
            <phong>
              <diffuse>
                <color>0.62745 0.62745 0.62745 1</color>
              </diffuse>
            </phong>
          </technique>
        </profile_COMMON>
    </effect>
    <effect id="effect_15">
        <profile_COMMON>
          <technique sid="common">
            <phong>
              <diffuse>
                <color>0.62745 0.62745 0.62745 1</color>
              </diffuse>
            </phong>
          </technique>
        </profile_COMMON>
    </effect>
    <effect id="effect_16">
        <profile_COMMON>
          <technique sid="common">
            <phong>
              <diffuse>
                <color>0.9 0.9 0.9 1</color>
              </diffuse>
              <specular>
                <color>0.05 0.05 0.05 1</color>
              </specular>
              <shininess>
                <float>64</float>
              </shininess>
            </phong>
          </technique>
        </profile_COMMON>
    </effect>
  </library_effects>
  <library_materials>
    <material id="mat_0">
      <instance_effect url="#effect_0"/>
    </material>
    <material id="mat_1">
      <instance_effect url="#effect_1"/>
    </material>
    <material id="mat_2">
      <instance_effect url="#effect_2"/>
    </material>
    <material id="mat_3">
      <instance_effect url="#effect_3"/>
    </material>
    <material id="mat_4">
      <instance_effect url="#effect_4"/>
    </material>
    <material id="mat_5">
      <instance_effect url="#effect_5"/>
    </material>
    <material id="mat_6">
      <instance_effect url="#effect_6"/>
    </material>
    <material id="mat_7">
      <instance_effect url="#effect_7"/>
    </material>
    <material id="mat_8">
      <instance_effect url="#effect_8"/>
    </material>
    <material id="mat_9">
      <instance_effect url="#effect_9"/>
    </material>
    <material id="mat_10">
      <instance_effect url="#effect_10"/>
    </material>
    <material id="mat_11">
      <instance_effect url="#effect_11"/>
    </material>
    <material id="mat_12">
      <instance_effect url="#effect_12"/>
    </material>
    <material id="mat_13">
      <instance_effect url="#effect_13"/>
    </material>
    <material id="mat_14">
      <instance_effect url="#effect_14"/>
    </material>
    <material id="mat_15">
      <instance_effect url="#effect_15"/>
    </material>
    <material id="mat_16">
      <instance_effect url="#effect_16"/>
    </material>
  </library_materials>
  <library_geometries>
    <geometry id="geometry_a721d8ed_b4a0_4ef7_8efa_76eb2ab6bbec">
      <mesh>
        <source id="pos_0">
          <float_array id="pos_0-array" count="2232">-553 1021.562944 47.518652 -553 1021.562944 43.035856 -552.9712 1021.270336 42.743216 -552.885824 1020.988928 42.461832 -552.7472 1020.7296 42.2025 -552.56064 1020.502336 41.975192 -552.333376 1020.315712 41.788652 -552.074048 1020.177152 41.650036 -551.79264 1020.091776 41.564676 -551.64704 1020.070208 41.543076 -551.500032 1020.062912 41.535856 -551.500032 1020.062912 46.018652 -551.64704 1020.070208 46.025876 -551.79264 1020.091776 46.047472 -552.074048 1020.177152 46.132832 -552.333376 1020.315712 46.271448 -552.56064 1020.502336 46.457992 -552.7472 1020.7296 46.6853 -552.885824 1020.988928 46.944624 -552.9712 1021.270336 47.226016 -551.500032 1010.062912 46.018652 -551.500032 1010.062912 41.535856 -551.64704 1010.055744 41.543076 -551.79264 1010.034112 41.564676 -552.074048 1009.9488 41.650036 -552.333376 1009.810176 41.788652 -552.56064 1009.623616 41.975192 -552.7472 1009.396288 42.2025 -552.885824 1009.13696 42.461832 -552.9712 1008.855616 42.743216 -553 1008.562944 43.035856 -553 1008.562944 47.518652 -552.9712 1008.855616 47.226016 -552.885824 1009.13696 46.944624 -552.7472 1009.396288 46.6853 -552.56064 1009.623616 46.457992 -552.333376 1009.810176 46.271448 -552.074048 1009.9488 46.132832 -551.79264 1010.034112 46.047472 -551.64704 1010.055744 46.025876 -551.500032 1035.062848 54.26296 -551.500032 1035.062848 43.000008 -551.888256 1035.01184 43.000008 -552.249984 1034.861952 43.000008 -552.56064 1034.623552 43.000008 -552.799104 1034.312896 43.000008 -552.948928 1033.951168 43.000008 -553 1033.56288 43.000008 -553 1033.56288 52.76296 -552.9712 1033.855616 53.055596 -552.885824 1034.13696 53.336984 -552.7472 1034.396224 53.596312 -552.56064 1034.623552 53.82362 -552.333376 1034.810048 54.010164 -552.074048 1034.948736 54.148776 -551.79264 1035.034048 54.23414 -551.64704 1035.05568 54.255736 -551.888256 1035.01184 48.631484 -552.249984 1034.861952 48.631484 -552.56064 1034.623552 48.631484 -552.799104 1034.312896 48.631484 -552.948928 1033.951168 48.631484 -551.500032 1009.325952 41.535856 -551.500032 1009.325952 40.000008 -551.64704 1009.318656 40.007232 -551.79264 1009.297088 40.028832 -552.074048 1009.211712 40.114188 -552.333376 1009.073152 40.252804 -552.56064 1008.886528 40.439348 -552.7472 1008.659264 40.666652 -552.885824 1008.399872 40.925984 -552.9712 1008.118528 41.207376 -553 1007.82592 41.500008 -553 1007.82592 43.035856 -552.9712 1008.118528 42.743216 -552.885824 1008.399872 42.461832 -552.7472 1008.659264 42.2025 -552.56064 1008.886528 41.975192 -552.333376 1009.073152 41.788652 -552.074048 1009.211712 41.650036 -551.79264 1009.297088 41.564676 -551.64704 1009.318656 41.543076 -553 996.562944 52.76296 -553 996.562944 43.000008 -552.948928 996.174656 43.000008 -552.799104 995.812928 43.000008 -552.56064 995.502272 43.000008 -552.249984 995.263872 43.000008 -551.888256 995.113984 43.000008 -551.500032 995.062912 43.000008 -551.500032 995.062912 54.26296 -551.64704 995.070144 54.255736 -551.79264 995.091712 54.23414 -552.074048 995.177088 54.148776 -552.333376 995.315648 54.010164 -552.56064 995.502272 53.82362 -552.7472 995.729536 53.596312 -552.885824 995.988864 53.336984 -552.9712 996.270272 53.055596 -552.948928 996.174656 48.631484 -552.799104 995.812928 48.631484 -552.56064 995.502272 48.631484 -552.249984 995.263872 48.631484 -551.888256 995.113984 48.631484 -553 1032.027072 67.237064 -553 1033.56288 67.237064 -552.9712 1033.855616 66.94442 -552.885824 1034.13696 66.663032 -552.7472 1034.396224 66.4037 -552.56064 1034.623552 66.1764 -552.333376 1034.810048 65.989852 -552.074048 1034.948736 65.851236 -551.79264 1035.034048 65.765876 -551.64704 1035.05568 65.744276 -551.500032 1035.062848 65.73706 -551.500032 1033.527104 65.73706 -551.64704 1033.519744 65.744276 -551.79264 1033.498304 65.765876 -552.074048 1033.412864 65.851236 -552.333376 1033.274304 65.989852 -552.56064 1033.087744 66.1764 -552.7472 1032.860352 66.4037 -552.885824 1032.601088 66.663032 -552.9712 1032.31968 66.94442 -551.500032 996.598784 54.26296 -551.64704 996.605952 54.255736 -551.79264 996.627584 54.23414 -552.074048 996.71296 54.148776 -552.333376 996.851584 54.010164 -552.56064 997.03808 53.82362 -552.7472 997.265408 53.596312 -552.885824 997.524736 53.336984 -552.9712 997.80608 53.055596 -553 998.098752 52.76296 -553 1033.56288 77.000008 -552.948928 1033.951168 77.000008 -552.799104 1034.312896 77.000008 -552.56064 1034.623552 77.000008 -552.249984 1034.861952 77.000008 -551.888256 1035.01184 77.000008 -551.500032 1035.062848 77.000008 -552.948928 1033.951168 71.368528 -552.799104 1034.312896 71.368528 -552.56064 1034.623552 71.368528 -552.249984 1034.861952 71.368528 -551.888256 1035.01184 71.368528 -553 1032.062848 78.500008 -552.948928 1032.062848 78.88824 -552.799104 1032.062848 79.250008 -552.56064 1032.062848 79.560672 -552.249984 1032.062848 79.799048 -551.888256 1032.062848 79.948896 -551.500032 1032.062848 80.000008 -551.500032 1032.83936 79.897792 -551.500032 1033.56288 79.59808 -551.500032 1034.184192 79.121328 -551.500032 1034.660992 78.500008 -551.500032 1034.960704 77.776464 -553 1033.511872 77.38824 -553 1033.36192 77.750008 -553 1033.12352 78.060672 -553 1032.812864 78.299048 -553 1032.4512 78.448896 -551.888256 1032.826176 79.848416 -552.249984 1032.787328 79.703672 -552.56064 1032.725696 79.473416 -552.799104 1032.645248 79.173336 -552.948928 1032.551616 78.823896 -551.888256 1033.537344 79.553816 -552.249984 1033.4624 79.424048 -552.56064 1033.343232 79.217608 -552.799104 1033.18784 78.94856 -552.948928 1033.006976 78.635264 -551.888256 1034.148096 79.085192 -552.249984 1034.042112 78.979224 -552.56064 1033.873536 78.810672 -552.799104 1033.653952 78.590992 -552.948928 1033.39808 78.335192 -551.888256 1034.616704 78.474448 -552.249984 1034.486912 78.399528 -552.56064 1034.280512 78.280344 -552.799104 1034.011456 78.125008 -552.948928 1033.698112 77.94412 -551.888256 1034.911232 77.76324 -552.249984 1034.766592 77.724448 -552.56064 1034.536256 77.66276 -552.799104 1034.236224 77.582352 -552.948928 1033.886848 77.48872 -551.500032 1020.8 80.000008 -553 1022.299968 78.500008 -552.9712 1022.00736 78.79264 -552.885824 1021.725952 79.074032 -552.7472 1021.466688 79.333368 -552.56064 1021.239296 79.560672 -552.333376 1021.0528 79.747216 -552.074048 1020.914176 79.885824 -551.79264 1020.8288 79.971184 -551.64704 1020.807232 79.992784 -551.888256 1026.431424 79.948896 -552.249984 1026.431424 79.799048 -552.56064 1026.431424 79.560672 -552.799104 1026.431424 79.250008 -552.948928 1026.431424 78.88824 -551.500032 996.598784 65.73706 -551.64704 996.605952 65.744276 -551.79264 996.627584 65.765876 -552.074048 996.71296 65.851236 -552.333376 996.851584 65.989852 -552.56064 997.03808 66.1764 -552.7472 997.265408 66.4037 -552.885824 997.524736 66.663032 -552.9712 997.80608 66.94442 -553 998.098752 67.237064 -551.888256 996.649856 60.000008 -552.249984 996.79968 60.000008 -552.56064 997.03808 60.000008 -552.799104 997.348736 60.000008 -552.948928 997.710528 60.000008 -553 1022.299968 76.964168 -552.9712 1022.00736 77.2568 -552.885824 1021.725952 77.538184 -552.7472 1021.466688 77.797512 -552.56064 1021.239296 78.024824 -552.333376 1021.0528 78.211368 -552.074048 1020.914176 78.349984 -551.79264 1020.8288 78.435344 -551.64704 1020.807232 78.456936 -551.500032 1020.8 78.464168 -553 1007.82592 78.500008 -553 998.062912 78.500008 -552.948928 998.062912 78.88824 -552.799104 998.062912 79.250008 -552.56064 998.062912 79.560672 -552.249984 998.062912 79.799048 -551.888256 998.062912 79.948896 -551.500032 998.062912 80.000008 -551.500032 1009.325952 80.000008 -551.64704 1009.318656 79.992784 -551.79264 1009.297088 79.971184 -552.074048 1009.211712 79.885824 -552.333376 1009.073152 79.747216 -552.56064 1008.886528 79.560672 -552.7472 1008.659264 79.333368 -552.885824 1008.399872 79.074032 -552.9712 1008.118528 78.79264 -552.948928 1003.6944 78.88824 -552.799104 1003.6944 79.250008 -552.56064 1003.6944 79.560672 -552.249984 1003.6944 79.799048 -551.888256 1003.6944 79.948896 -553 1007.82592 76.964168 -551.500032 1009.325952 78.464168 -551.64704 1009.318656 78.456936 -551.79264 1009.297088 78.435344 -552.074048 1009.211712 78.349984 -552.333376 1009.073152 78.211368 -552.56064 1008.886528 78.024824 -552.7472 1008.659264 77.797512 -552.885824 1008.399872 77.538184 -552.9712 1008.118528 77.2568 -553 996.562944 77.000008 -552.948928 996.174656 77.000008 -552.799104 995.812928 77.000008 -552.56064 995.502272 77.000008 -552.249984 995.263872 77.000008 -551.888256 995.113984 77.000008 -551.500032 995.062912 77.000008 -551.500032 995.16512 77.776464 -551.500032 995.464832 78.500008 -551.500032 995.941568 79.121328 -551.500032 996.562944 79.59808 -551.500032 997.286464 79.897792 -553 997.674688 78.448896 -553 997.312896 78.299048 -553 997.00224 78.060672 -553 996.76384 77.750008 -553 996.614016 77.38824 -551.888256 995.214464 77.76324 -552.249984 995.359232 77.724448 -552.56064 995.589504 77.66276 -552.799104 995.8896 77.582352 -552.948928 996.23904 77.48872 -551.888256 995.50912 78.474448 -552.249984 995.638848 78.399528 -552.56064 995.845248 78.280344 -552.799104 996.114304 78.125008 -552.948928 996.427648 77.94412 -551.888256 995.977728 79.085192 -552.249984 996.083648 78.979224 -552.56064 996.252288 78.810672 -552.799104 996.471936 78.590992 -552.948928 996.727744 78.335192 -551.888256 996.588416 79.553816 -552.249984 996.66336 79.424048 -552.56064 996.782592 79.217608 -552.799104 996.93792 78.94856 -552.948928 997.118784 78.635264 -551.888256 997.299712 79.848416 -552.249984 997.338432 79.703672 -552.56064 997.400128 79.473416 -552.799104 997.480512 79.173336 -552.948928 997.574208 78.823896 -551.500032 995.062912 65.73706 -553 996.562944 67.237064 -552.9712 996.270272 66.94442 -552.885824 995.988864 66.663032 -552.7472 995.729536 66.4037 -552.56064 995.502272 66.1764 -552.333376 995.315648 65.989852 -552.074048 995.177088 65.851236 -551.79264 995.091712 65.765876 -551.64704 995.070144 65.744276 -551.888256 995.113984 71.368528 -552.249984 995.263872 71.368528 -552.56064 995.502272 71.368528 -552.799104 995.812928 71.368528 -552.948928 996.174656 71.368528 -552.799104 1015.062912 77.714168 -552.948928 1015.062912 77.352392 -552.56064 1015.062912 78.024824 -552.249984 1015.062912 78.2632 -551.888256 1015.062912 78.413048 -553 998.062912 41.500008 -552.948928 998.062912 41.11178 -552.799104 998.062912 40.750008 -552.56064 998.062912 40.439348 -552.249984 998.062912 40.200968 -551.888256 998.062912 40.05112 -551.500032 998.062912 40.000008 -551.500032 997.286464 40.102232 -551.500032 996.562944 40.401932 -551.500032 995.941568 40.878688 -551.500032 995.464832 41.500008 -551.500032 995.16512 42.223552 -553 996.614016 42.61178 -553 996.76384 42.250008 -553 997.00224 41.939348 -553 997.312896 41.700968 -553 997.674688 41.55112 -551.888256 997.299712 40.1516 -552.249984 997.338432 40.296344 -552.56064 997.400128 40.5266 -552.799104 997.480512 40.826676 -552.948928 997.574208 41.17612 -551.888256 996.588416 40.446196 -552.249984 996.66336 40.575968 -552.56064 996.782592 40.782412 -552.799104 996.93792 41.051452 -552.948928 997.118784 41.364752 -551.888256 995.977728 40.914828 -552.249984 996.083648 41.020792 -552.56064 996.252288 41.189348 -552.799104 996.471936 41.40902 -552.948928 996.727744 41.664828 -551.888256 995.50912 41.525564 -552.249984 995.638848 41.600492 -552.56064 995.845248 41.719676 -552.799104 996.114304 41.875008 -552.948928 996.427648 42.055892 -551.888256 995.214464 42.23678 -552.249984 995.359232 42.275564 -552.56064 995.589504 42.33726 -552.799104 995.8896 42.417668 -552.948928 996.23904 42.5113 -551.888256 1003.6944 40.05112 -552.249984 1003.6944 40.200968 -552.56064 1003.6944 40.439348 -552.799104 1003.6944 40.750008 -552.948928 1003.6944 41.11178 -553 1032.027072 52.76296 -551.500032 1033.527104 54.26296 -551.64704 1033.519744 54.255736 -551.79264 1033.498304 54.23414 -552.074048 1033.412864 54.148776 -552.333376 1033.274304 54.010164 -552.56064 1033.087744 53.82362 -552.7472 1032.860352 53.596312 -552.885824 1032.601088 53.336984 -552.9712 1032.31968 53.055596 -552.799104 1032.777088 60.000008 -552.948928 1032.415296 60.000008 -552.56064 1033.087744 60.000008 -552.249984 1033.32608 60.000008 -551.888256 1033.475968 60.000008 -551.500032 1032.062848 40.000008 -551.888256 1032.062848 40.05112 -552.249984 1032.062848 40.200968 -552.56064 1032.062848 40.439348 -552.799104 1032.062848 40.750008 -552.948928 1032.062848 41.11178 -553 1032.062848 41.500008 -553 1032.4512 41.55112 -553 1032.812864 41.700968 -553 1033.12352 41.939348 -553 1033.36192 42.250008 -553 1033.511872 42.61178 -551.500032 1034.960704 42.223552 -551.500032 1034.660992 41.500008 -551.500032 1034.184192 40.878688 -551.500032 1033.56288 40.401932 -551.500032 1032.83936 40.102232 -552.948928 1032.551616 41.17612 -552.799104 1032.645248 40.826676 -552.56064 1032.725696 40.5266 -552.249984 1032.787328 40.296344 -551.888256 1032.826176 40.1516 -552.948928 1033.006976 41.364752 -552.799104 1033.18784 41.051452 -552.56064 1033.343232 40.782412 -552.249984 1033.4624 40.575968 -551.888256 1033.537344 40.446196 -552.948928 1033.39808 41.664828 -552.799104 1033.653952 41.40902 -552.56064 1033.873536 41.189348 -552.249984 1034.042112 41.020792 -551.888256 1034.148096 40.914828 -552.948928 1033.698112 42.055892 -552.799104 1034.011456 41.875008 -552.56064 1034.280512 41.719676 -552.249984 1034.486912 41.600492 -551.888256 1034.616704 41.525564 -552.948928 1033.886848 42.5113 -552.799104 1034.236224 42.417668 -552.56064 1034.536256 42.33726 -552.249984 1034.766592 42.275564 -551.888256 1034.911232 42.23678 -553 1022.299968 41.500008 -551.500032 1020.8 40.000008 -551.64704 1020.807232 40.007232 -551.79264 1020.8288 40.028832 -552.074048 1020.914176 40.114188 -552.333376 1021.0528 40.252804 -552.56064 1021.239296 40.439348 -552.7472 1021.466688 40.666652 -552.885824 1021.725952 40.925984 -552.9712 1022.00736 41.207376 -552.948928 1026.431424 41.11178 -552.799104 1026.431424 40.750008 -552.56064 1026.431424 40.439348 -552.249984 1026.431424 40.200968 -551.888256 1026.431424 40.05112 -553 1022.299968 43.035856 -551.500032 1020.8 41.535856 -551.64704 1020.807232 41.543076 -551.79264 1020.8288 41.564676 -552.074048 1020.914176 41.650036 -552.333376 1021.0528 41.788652 -552.56064 1021.239296 41.975192 -552.7472 1021.466688 42.2025 -552.885824 1021.725952 42.461832 -552.9712 1022.00736 42.743216 -552.249984 1015.062912 46.219616 -551.888256 1015.062912 46.069764 -552.56064 1015.062912 46.457992 -552.799104 1015.062912 46.768652 -552.948928 1015.062912 47.130424 -550 1020.8 40.000008 -550 1020.8 41.535856 -550 1032.062848 40.000008 -550 1035.062848 43.000008 -550 1034.960704 42.223552 -550 1034.660992 41.500008 -550 1034.184192 40.878688 -550 1033.56288 40.401932 -550 1032.83936 40.102232 -550 1035.062848 54.26296 -550 1033.527104 54.26296 -550 1033.527104 65.73706 -550 1035.062848 65.73706 -550 1035.062848 77.000008 -550 1032.062848 80.000008 -550 1032.83936 79.897792 -550 1033.56288 79.59808 -550 1034.184192 79.121328 -550 1034.660992 78.500008 -550 1034.960704 77.776464 -550 1020.8 80.000008 -550 1020.8 78.464168 -550 1009.325952 78.464168 -550 1009.325952 80.000008 -550 998.062912 80.000008 -550 1020.062912 46.018652 -550 1010.062912 46.018652 -550 1010.062912 41.535856 -550 997.286464 79.897792 -550 996.562944 79.59808 -550 995.941568 79.121328 -550 995.464832 78.500008 -550 995.16512 77.776464 -550 995.062912 77.000008 -550 995.062912 65.73706 -550 996.598784 65.73706 -550 996.598784 54.26296 -550 995.062912 54.26296 -550 995.062912 43.000008 -550 995.16512 42.223552 -550 995.464832 41.500008 -550 995.941568 40.878688 -550 996.562944 40.401932 -550 997.286464 40.102232 -550 998.062912 40.000008 -550 1009.325952 40.000008 -550 1009.325952 41.535856 -550 1020.062912 41.535856 -550 1019.926592 59.987152 -550 1019.759616 58.718936 -550 1019.270144 57.537152 -550 1018.491392 56.522328 -550 1017.476608 55.743628 -550 1016.294784 55.254116 -550 1015.026624 55.087152 -550 1013.758336 55.254116 -550 1012.576576 55.743628 -550 1011.561792 56.522328 -550 1010.783104 57.537152 -550 1010.293568 58.718936 -550 1010.126592 59.987152 -550 1010.293568 61.255368 -550 1010.783104 62.437152 -550 1011.561792 63.451976 -550 1012.576576 64.230676 -550 1013.758336 64.720192 -550 1015.026624 64.887152 -550 1016.294784 64.720192 -550 1017.476608 64.230676 -550 1018.491392 63.451976 -550 1019.270144 62.437152 -550 1019.759616 61.255368 -550 998.993792 47.569064 -550 999.532224 47.982256 -550 1000.159296 48.241992 -550 1000.832256 48.330584 -550 1001.505216 48.241992 -550 1002.132288 47.982256 -550 1002.67072 47.569064 -550 1003.083904 47.030588 -550 1003.343616 46.403516 -550 1003.432256 45.730588 -550 1003.343616 45.05766 -550 1003.083904 44.430588 -550 1002.67072 43.892108 -550 1002.132288 43.47892 -550 1001.505216 43.21918 -550 1000.832256 43.130588 -550 1000.159296 43.21918 -550 999.532224 43.47892 -550 998.993792 43.892108 -550 998.580544 44.430588 -550 998.320832 45.05766 -550 998.232256 45.730588 -550 998.320832 46.403516 -550 998.580544 47.030588 -550 1031.170752 72.392184 -550 1030.63232 71.979 -550 1030.005248 71.719256 -550 1029.332288 71.630664 -550 1028.659392 71.719256 -550 1028.03232 71.979 -550 1027.493888 72.392184 -550 1027.080704 72.930664 -550 1026.820928 73.557728 -550 1026.732288 74.230656 -550 1026.820928 74.903592 -550 1027.080704 75.530664 -550 1027.493888 76.069136 -550 1028.03232 76.482328 -550 1028.659392 76.742072 -550 1029.332288 76.830664 -550 1030.005248 76.742072 -550 1030.63232 76.482328 -550 1031.170752 76.069136 -550 1031.584 75.530664 -550 1031.843776 74.903592 -550 1031.932352 74.230656 -550 1031.843776 73.557728 -550 1031.584 72.930664 -550 1002.67072 76.069136 -550 1003.083904 75.530664 -550 1003.343616 74.903592 -550 1003.432256 74.230656 -550 1003.343616 73.557728 -550 1003.083904 72.930664 -550 1002.67072 72.392184 -550 1002.132288 71.979 -550 1001.505216 71.719256 -550 1000.832256 71.630664 -550 1000.159296 71.719256 -550 999.532224 71.979 -550 998.993792 72.392184 -550 998.580544 72.930664 -550 998.320832 73.557728 -550 998.232256 74.230656 -550 998.320832 74.903592 -550 998.580544 75.530664 -550 998.993792 76.069136 -550 999.532224 76.482328 -550 1000.159296 76.742072 -550 1000.832256 76.830664 -550 1001.505216 76.742072 -550 1002.132288 76.482328 -550 1027.493888 43.892108 -550 1027.080704 44.430588 -550 1026.820928 45.05766 -550 1026.732288 45.730588 -550 1026.820928 46.403516 -550 1027.080704 47.030588 -550 1027.493888 47.569064 -550 1028.03232 47.982256 -550 1028.659392 48.241992 -550 1029.332288 48.330584 -550 1030.005248 48.241992 -550 1030.63232 47.982256 -550 1031.170752 47.569064 -550 1031.584 47.030588 -550 1031.843776 46.403516 -550 1031.932352 45.730588 -550 1031.843776 45.05766 -550 1031.584 44.430588 -550 1031.170752 43.892108 -550 1030.63232 43.47892 -550 1030.005248 43.21918 -550 1029.332288 43.130588 -550 1028.659392 43.21918 -550 1028.03232 43.47892 -545 1027.493888 43.892108 -545 1027.080704 44.430588 -545 1026.820928 45.05766 -545 1026.732288 45.730588 -545 1026.820928 46.403516 -545 1027.080704 47.030588 -545 1027.493888 47.569064 -545 1028.03232 47.982256 -545 1028.659392 48.241992 -545 1029.332288 48.330584 -545 1030.005248 48.241992 -545 1030.63232 47.982256 -545 1031.170752 47.569064 -545 1031.584 47.030588 -545 1031.843776 46.403516 -545 1031.932352 45.730588 -545 1031.843776 45.05766 -545 1031.584 44.430588 -545 1031.170752 43.892108 -545 1030.63232 43.47892 -545 1030.005248 43.21918 -545 1029.332288 43.130588 -545 1028.659392 43.21918 -545 1028.03232 43.47892 -545 1002.67072 76.069136 -545 1003.083904 75.530664 -545 1003.343616 74.903592 -545 1003.432256 74.230656 -545 1003.343616 73.557728 -545 1003.083904 72.930664 -545 1002.67072 72.392184 -545 1002.132288 71.979 -545 1001.505216 71.719256 -545 1000.832256 71.630664 -545 1000.159296 71.719256 -545 999.532224 71.979 -545 998.993792 72.392184 -545 998.580544 72.930664 -545 998.320832 73.557728 -545 998.232256 74.230656 -545 998.320832 74.903592 -545 998.580544 75.530664 -545 998.993792 76.069136 -545 999.532224 76.482328 -545 1000.159296 76.742072 -545 1000.832256 76.830664 -545 1001.505216 76.742072 -545 1002.132288 76.482328 -545 998.993792 47.569064 -545 999.532224 47.982256 -545 1000.159296 48.241992 -545 1000.832256 48.330584 -545 1001.505216 48.241992 -545 1002.132288 47.982256 -545 1002.67072 47.569064 -545 1003.083904 47.030588 -545 1003.343616 46.403516 -545 1003.432256 45.730588 -545 1003.343616 45.05766 -545 1003.083904 44.430588 -545 1002.67072 43.892108 -545 1002.132288 43.47892 -545 1001.505216 43.21918 -545 1000.832256 43.130588 -545 1000.159296 43.21918 -545 999.532224 43.47892 -545 998.993792 43.892108 -545 998.580544 44.430588 -545 998.320832 45.05766 -545 998.232256 45.730588 -545 998.320832 46.403516 -545 998.580544 47.030588 -545 1031.170752 72.392184 -545 1030.63232 71.979 -545 1030.005248 71.719256 -545 1029.332288 71.630664 -545 1028.659392 71.719256 -545 1028.03232 71.979 -545 1027.493888 72.392184 -545 1027.080704 72.930664 -545 1026.820928 73.557728 -545 1026.732288 74.230656 -545 1026.820928 74.903592 -545 1027.080704 75.530664 -545 1027.493888 76.069136 -545 1028.03232 76.482328 -545 1028.659392 76.742072 -545 1029.332288 76.830664 -545 1030.005248 76.742072 -545 1030.63232 76.482328 -545 1031.170752 76.069136 -545 1031.584 75.530664 -545 1031.843776 74.903592 -545 1031.932352 74.230656 -545 1031.843776 73.557728 -545 1031.584 72.930664 -545 1019.926592 59.987152 -545 1019.759616 58.718936 -545 1019.270144 57.537152 -545 1018.491392 56.522328 -545 1017.476608 55.743628 -545 1016.294784 55.254116 -545 1015.026624 55.087152 -545 1013.758336 55.254116 -545 1012.576576 55.743628 -545 1011.561792 56.522328 -545 1010.783104 57.537152 -545 1010.293568 58.718936 -545 1010.126592 59.987152 -545 1010.293568 61.255368 -545 1010.783104 62.437152 -545 1011.561792 63.451976 -545 1012.576576 64.230676 -545 1013.758336 64.720192 -545 1015.026624 64.887152 -545 1016.294784 64.720192 -545 1017.476608 64.230676 -545 1018.491392 63.451976 -545 1019.270144 62.437152 -545 1019.759616 61.255368</float_array>
          <technique_common>
            <accessor source="#pos_0-array" count="2232" stride="3">
              <param name="X" type="float"/>
              <param name="Y" type="float"/>
              <param name="Z" type="float"/>
            </accessor>
          </technique_common>
        </source>
        <vertices id="vert_0">
          <input semantic="POSITION" source="#pos_0"/>
        </vertices>
        <triangles count="1484" material="mat_16">
          <input semantic="VERTEX" source="#vert_0" offset="0"/>
          <p>0 1 19 19 1 2 19 2 18 18 2 3 18 3 17 17 3 4 17 4 16 16 4 5 16 5 15 15 5 6 15 6 14 14 6 7 14 7 13 13 7 8 13 8 12 12 8 9 12 9 11 11 9 10 21 22 20 20 22 39 39 22 23 39 23 38 38 23 24 38 24 37 37 24 25 37 25 36 36 25 26 36 26 35 35 26 27 35 27 34 34 27 28 34 28 33 33 28 29 33 29 32 32 29 30 32 30 31 40 41 56 56 41 57 56 57 55 55 57 54 54 57 58 54 58 53 53 58 59 53 59 52 52 59 51 51 59 60 51 60 50 50 60 61 50 61 49 49 61 48 48 61 47 47 61 46 46 61 45 45 61 60 45 60 44 44 60 59 44 59 43 43 59 58 43 58 42 42 58 57 42 57 41 63 64 62 62 64 81 81 64 65 81 65 80 80 65 66 80 66 79 79 66 67 79 67 78 78 67 68 78 68 77 77 68 69 77 69 76 76 69 70 76 70 75 75 70 71 75 71 74 74 71 72 74 72 73 82 83 98 98 83 99 98 99 97 97 99 100 97 100 96 96 100 101 96 101 95 95 101 94 94 101 102 94 102 93 93 102 103 93 103 92 92 103 91 91 103 90 90 103 89 89 103 88 88 103 87 87 103 102 87 102 86 86 102 101 86 101 85 85 101 100 85 100 84 84 100 99 84 99 83 104 105 123 123 105 106 123 106 122 122 106 107 122 107 121 121 107 108 121 108 120 120 108 109 120 109 119 119 109 110 119 110 118 118 110 111 118 111 117 117 111 112 117 112 116 116 112 113 116 113 115 115 113 114 90 124 91 91 124 125 91 125 92 92 125 126 92 126 93 93 126 127 93 127 94 94 127 128 94 128 95 95 128 129 95 129 96 96 129 130 96 130 97 97 130 131 97 131 98 98 131 132 98 132 82 82 132 133 105 134 106 106 134 141 106 141 107 107 141 142 107 142 108 108 142 143 108 143 109 109 143 110 110 143 144 110 144 111 111 144 145 111 145 112 112 145 113 113 145 114 114 145 140 140 145 139 139 145 138 138 145 144 138 144 137 137 144 143 137 143 136 136 143 142 136 142 135 135 142 141 135 141 134 146 147 162 162 147 167 162 167 161 161 167 172 161 172 160 160 172 177 160 177 159 159 177 182 159 182 158 158 182 187 158 187 134 134 187 135 135 187 186 135 186 136 136 186 185 136 185 137 137 185 184 137 184 138 138 184 183 138 183 139 139 183 157 139 157 140 147 148 167 167 148 166 167 166 172 172 166 171 172 171 177 177 171 176 177 176 182 182 176 181 182 181 187 187 181 186 148 149 166 166 149 165 166 165 171 171 165 170 171 170 176 176 170 175 176 175 181 181 175 180 181 180 186 186 180 185 149 150 165 165 150 164 165 164 170 170 164 169 170 169 175 175 169 174 175 174 180 180 174 179 180 179 185 185 179 184 150 151 164 164 151 163 164 163 169 169 163 168 169 168 174 174 168 173 174 173 179 179 173 178 179 178 184 184 178 183 151 152 163 163 152 153 163 153 168 168 153 154 168 154 173 173 154 155 173 155 178 178 155 156 178 156 183 183 156 157 188 152 197 197 152 198 197 198 196 196 198 195 195 198 199 195 199 194 194 199 200 194 200 193 193 200 192 192 200 201 192 201 191 191 201 202 191 202 190 190 202 189 189 202 146 146 202 147 147 202 148 148 202 201 148 201 149 149 201 200 149 200 150 150 200 199 150 199 151 151 199 198 151 198 152 124 203 125 125 203 204 125 204 213 213 204 205 213 205 206 213 206 214 214 206 207 214 207 215 215 207 208 215 208 209 215 209 216 216 209 210 216 210 217 217 210 211 217 211 133 133 211 212 133 132 217 217 132 131 217 131 216 216 131 130 216 130 215 215 130 129 215 129 128 215 128 214 214 128 127 214 127 213 213 127 126 213 126 125 218 219 189 189 219 190 190 219 220 190 220 191 191 220 221 191 221 192 192 221 222 192 222 193 193 222 223 193 223 194 194 223 224 194 224 195 195 224 225 195 225 196 196 225 226 196 226 197 197 226 227 197 227 188 228 229 244 244 229 245 244 245 243 243 245 246 243 246 242 242 246 247 242 247 241 241 247 240 240 247 248 240 248 239 239 248 249 239 249 238 238 249 237 237 249 236 236 249 235 235 249 234 234 249 233 233 249 248 233 248 232 232 248 247 232 247 231 231 247 246 231 246 230 230 246 245 230 245 229 250 228 259 259 228 244 259 244 258 258 244 243 258 243 257 257 243 242 257 242 256 256 242 241 256 241 255 255 241 240 255 240 254 254 240 239 254 239 253 253 239 238 253 238 252 252 238 237 252 237 251 251 237 236 260 261 276 276 261 281 276 281 275 275 281 286 275 286 274 274 286 291 274 291 273 273 291 296 273 296 272 272 296 301 272 301 229 229 301 230 230 301 300 230 300 231 231 300 299 231 299 232 232 299 298 232 298 233 233 298 297 233 297 234 234 297 271 234 271 235 261 262 281 281 262 280 281 280 286 286 280 285 286 285 291 291 285 290 291 290 296 296 290 295 296 295 301 301 295 300 262 263 280 280 263 279 280 279 285 285 279 284 285 284 290 290 284 289 290 289 295 295 289 294 295 294 300 300 294 299 263 264 279 279 264 278 279 278 284 284 278 283 284 283 289 289 283 288 289 288 294 294 288 293 294 293 299 299 293 298 264 265 278 278 265 277 278 277 283 283 277 282 283 282 288 288 282 287 288 287 293 293 287 292 293 292 298 298 292 297 265 266 277 277 266 267 277 267 282 282 267 268 282 268 287 287 268 269 287 269 292 292 269 270 292 270 297 297 270 271 302 266 311 311 266 312 311 312 310 310 312 309 309 312 313 309 313 308 308 313 314 308 314 307 307 314 306 306 314 315 306 315 305 305 315 316 305 316 304 304 316 303 303 316 260 260 316 261 261 316 262 262 316 315 262 315 263 263 315 314 263 314 264 264 314 313 264 313 265 265 313 312 265 312 266 218 250 219 219 250 318 219 318 220 220 318 317 220 317 221 221 317 319 221 319 222 222 319 223 223 319 320 223 320 224 224 320 321 224 321 225 225 321 226 226 321 252 226 252 227 227 252 251 250 259 318 318 259 258 318 258 317 317 258 257 317 257 319 319 257 256 319 256 255 319 255 320 320 255 254 320 254 321 321 254 253 321 253 252 302 311 203 203 311 204 204 311 310 204 310 205 205 310 309 205 309 206 206 309 308 206 308 207 207 308 307 207 307 208 208 307 306 208 306 209 209 306 305 209 305 210 210 305 304 210 304 211 211 304 303 211 303 212 322 323 338 338 323 343 338 343 337 337 343 348 337 348 336 336 348 353 336 353 335 335 353 358 335 358 334 334 358 363 334 363 83 83 363 84 84 363 362 84 362 85 85 362 361 85 361 86 86 361 360 86 360 87 87 360 359 87 359 88 88 359 333 88 333 89 323 324 343 343 324 342 343 342 348 348 342 347 348 347 353 353 347 352 353 352 358 358 352 357 358 357 363 363 357 362 324 325 342 342 325 341 342 341 347 347 341 346 347 346 352 352 346 351 352 351 357 357 351 356 357 356 362 362 356 361 325 326 341 341 326 340 341 340 346 346 340 345 346 345 351 351 345 350 351 350 356 356 350 355 356 355 361 361 355 360 326 327 340 340 327 339 340 339 345 345 339 344 345 344 350 350 344 349 350 349 355 355 349 354 355 354 360 360 354 359 327 328 339 339 328 329 339 329 344 344 329 330 344 330 349 349 330 331 349 331 354 354 331 332 354 332 359 359 332 333 63 328 64 64 328 364 64 364 65 65 364 66 66 364 365 66 365 67 67 365 366 67 366 68 68 366 69 69 366 367 69 367 70 70 367 368 70 368 71 71 368 72 72 368 322 322 368 323 323 368 324 324 368 367 324 367 325 325 367 366 325 366 326 326 366 365 326 365 327 327 365 364 327 364 328 369 104 378 378 104 380 378 380 377 377 380 379 377 379 376 376 379 381 376 381 375 375 381 374 374 381 382 374 382 373 373 382 383 373 383 372 372 383 371 371 383 116 371 116 370 370 116 115 104 123 380 380 123 122 380 122 379 379 122 121 379 121 381 381 121 120 381 120 119 381 119 382 382 119 118 382 118 383 383 118 117 383 117 116 369 378 48 48 378 49 49 378 377 49 377 50 50 377 376 50 376 51 51 376 375 51 375 52 52 375 374 52 374 53 53 374 373 53 373 54 54 373 372 54 372 55 55 372 371 55 371 56 56 371 370 56 370 40 21 62 22 22 62 81 22 81 23 23 81 80 23 80 24 24 80 79 24 79 25 25 79 78 25 78 26 26 78 77 26 77 27 27 77 76 27 76 28 28 76 75 28 75 29 29 75 74 29 74 30 30 74 73 384 385 400 400 385 405 400 405 399 399 405 410 399 410 398 398 410 415 398 415 397 397 415 420 397 420 396 396 420 425 396 425 41 41 425 42 42 425 424 42 424 43 43 424 423 43 423 44 44 423 422 44 422 45 45 422 421 45 421 46 46 421 395 46 395 47 385 386 405 405 386 404 405 404 410 410 404 409 410 409 415 415 409 414 415 414 420 420 414 419 420 419 425 425 419 424 386 387 404 404 387 403 404 403 409 409 403 408 409 408 414 414 408 413 414 413 419 419 413 418 419 418 424 424 418 423 387 388 403 403 388 402 403 402 408 408 402 407 408 407 413 413 407 412 413 412 418 418 412 417 418 417 423 423 417 422 388 389 402 402 389 401 402 401 407 407 401 406 407 406 412 412 406 411 412 411 417 417 411 416 417 416 422 422 416 421 389 390 401 401 390 391 401 391 406 406 391 392 406 392 411 411 392 393 411 393 416 416 393 394 416 394 421 421 394 395 426 390 435 435 390 436 435 436 434 434 436 437 434 437 433 433 437 438 433 438 432 432 438 431 431 438 439 431 439 430 430 439 440 430 440 429 429 440 428 428 440 427 427 440 384 384 440 385 385 440 386 386 440 439 386 439 387 387 439 438 387 438 388 388 438 437 388 437 389 389 437 436 389 436 390 441 426 450 450 426 435 450 435 449 449 435 434 449 434 448 448 434 433 448 433 447 447 433 432 447 432 446 446 432 431 446 431 445 445 431 430 445 430 444 444 430 429 444 429 443 443 429 428 443 428 442 442 428 427 20 39 11 11 39 12 12 39 13 13 39 452 13 452 14 14 452 451 14 451 15 15 451 453 15 453 16 16 453 17 17 453 454 17 454 18 18 454 455 18 455 19 19 455 0 0 455 32 0 32 31 39 38 452 452 38 37 452 37 451 451 37 36 451 36 453 453 36 35 453 35 34 453 34 454 454 34 33 454 33 455 455 33 32 441 450 1 1 450 2 2 450 449 2 449 3 3 449 448 3 448 4 4 448 447 4 447 5 5 447 446 5 446 6 6 446 445 6 445 7 7 445 444 7 444 8 8 444 443 8 443 9 9 443 442 9 442 10 442 427 457 457 427 456 427 384 456 456 384 458 458 384 464 464 384 400 464 400 463 463 400 399 463 399 462 462 399 398 462 398 461 461 398 397 461 397 460 460 397 396 460 396 459 459 396 41 41 40 459 459 40 465 40 370 465 465 370 466 370 115 466 466 115 467 115 114 467 467 114 468 114 140 468 468 140 469 469 140 475 475 140 157 475 157 474 474 157 156 474 156 473 473 156 155 473 155 472 472 155 154 472 154 471 471 154 153 471 153 470 470 153 152 152 188 470 470 188 476 188 227 476 476 227 477 227 251 477 477 251 478 251 236 478 478 236 479 236 235 479 479 235 480 228 250 229 229 250 212 229 212 260 260 212 303 212 250 31 31 250 218 31 218 0 0 218 104 0 104 369 189 146 218 218 146 134 218 134 104 104 134 105 146 162 134 134 162 161 134 161 160 160 159 134 134 159 158 48 47 369 369 47 0 0 47 390 390 47 395 390 395 394 394 393 390 390 393 392 390 392 391 426 441 390 390 441 0 441 1 0 30 73 31 31 73 322 31 322 83 83 322 334 334 322 335 335 322 336 336 322 337 337 322 338 73 72 322 82 133 83 83 133 31 133 212 31 276 275 260 260 275 274 260 274 273 273 272 260 260 272 229 20 11 482 482 11 481 21 20 483 483 20 482 479 576 478 478 576 577 478 577 578 480 598 479 479 598 599 479 599 576 484 594 480 480 594 595 480 595 596 484 485 594 594 485 486 594 486 487 487 488 594 594 488 489 594 489 593 593 489 592 592 489 591 591 489 590 590 489 490 590 490 589 589 490 588 588 490 491 588 491 587 587 491 586 586 491 585 585 491 584 584 491 518 584 518 583 583 518 519 583 519 582 582 519 581 581 519 520 581 520 580 580 520 478 580 478 579 579 478 578 492 516 491 491 516 517 491 517 518 493 528 492 492 528 529 492 529 530 494 550 493 493 550 551 493 551 528 495 547 494 494 547 548 494 548 549 547 495 546 546 495 496 546 496 497 497 498 546 546 498 499 546 499 500 501 542 500 500 542 543 500 543 544 502 540 501 501 540 541 501 541 542 483 482 502 502 482 538 502 538 539 481 510 482 482 510 511 482 511 512 503 457 481 481 457 602 481 602 603 456 600 457 457 600 601 457 601 602 458 622 456 456 622 623 456 623 600 464 618 458 458 618 619 458 619 620 464 463 618 618 463 462 618 462 461 461 460 618 618 460 459 618 459 617 617 459 616 616 459 615 615 459 614 614 459 465 614 465 613 613 465 612 612 465 466 612 466 611 611 466 610 610 466 609 609 466 608 608 466 506 608 506 607 607 506 507 607 507 606 606 507 481 606 481 605 605 481 604 604 481 603 467 504 466 466 504 505 466 505 506 468 552 467 467 552 553 467 553 554 469 574 468 468 574 575 468 575 552 475 570 469 469 570 571 469 571 572 475 474 570 570 474 473 570 473 472 472 471 570 570 471 569 569 471 470 569 470 568 568 470 567 567 470 566 566 470 476 566 476 565 565 476 564 564 476 477 564 477 563 563 477 562 562 477 561 561 477 560 560 477 524 560 524 559 559 524 525 559 525 558 558 525 557 557 525 526 557 526 556 556 526 467 556 467 555 555 467 554 478 522 477 477 522 523 477 523 524 507 508 481 481 508 509 481 509 510 512 513 482 482 513 534 482 534 535 534 513 533 533 513 514 533 514 532 532 514 492 532 492 531 531 492 530 514 515 492 492 515 516 520 521 478 478 521 522 526 527 467 467 527 504 535 536 482 482 536 537 482 537 538 539 540 502 544 545 500 500 545 546 549 550 494 572 573 469 469 573 574 596 597 480 480 597 598 620 621 458 458 621 622 11 10 481 481 10 503 203 124 491 491 124 492 302 203 490 490 203 491 124 90 492 492 90 493 10 442 503 503 442 457 63 62 501 501 62 502 266 302 489 489 302 490 328 63 500 500 63 501 625 601 624 624 601 600 624 600 647 647 600 623 647 623 646 646 623 622 646 622 645 645 622 621 645 621 644 644 621 620 644 620 643 643 620 619 643 619 642 642 619 618 642 618 641 641 618 617 641 617 640 640 617 616 640 616 639 639 616 615 639 615 638 638 615 614 638 614 637 637 614 613 637 613 636 636 613 612 636 612 635 635 612 611 635 611 634 634 611 610 634 610 633 633 610 609 633 609 632 632 609 608 632 608 631 631 608 607 631 607 630 630 607 606 630 606 629 629 606 605 629 605 628 628 605 604 628 604 627 627 604 603 627 603 626 626 603 602 626 602 625 625 602 601 647 643 624 624 643 642 624 642 625 625 642 641 625 641 626 626 641 640 626 640 627 627 640 639 627 639 628 628 639 638 628 638 629 629 638 637 629 637 630 630 637 636 630 636 631 631 636 635 631 635 632 632 635 634 632 634 633 643 647 644 644 647 646 644 646 645 649 577 648 648 577 576 648 576 671 671 576 599 671 599 670 670 599 598 670 598 669 669 598 597 669 597 668 668 597 596 668 596 667 667 596 595 667 595 666 666 595 594 666 594 665 665 594 593 665 593 664 664 593 592 664 592 663 663 592 591 663 591 662 662 591 590 662 590 661 661 590 589 661 589 660 660 589 588 660 588 659 659 588 587 659 587 658 658 587 586 658 586 657 657 586 585 657 585 656 656 585 584 656 584 655 655 584 583 655 583 654 654 583 582 654 582 653 653 582 581 653 581 652 652 581 580 652 580 651 651 580 579 651 579 650 650 579 578 650 578 649 649 578 577 671 667 648 648 667 666 648 666 649 649 666 665 649 665 650 650 665 664 650 664 651 651 664 663 651 663 652 652 663 662 652 662 653 653 662 661 653 661 654 654 661 660 654 660 655 655 660 659 655 659 656 656 659 658 656 658 657 667 671 668 668 671 670 668 670 669 673 529 672 672 529 528 672 528 695 695 528 551 695 551 694 694 551 550 694 550 693 693 550 549 693 549 692 692 549 548 692 548 691 691 548 547 691 547 690 690 547 546 690 546 689 689 546 545 689 545 688 688 545 544 688 544 687 687 544 543 687 543 686 686 543 542 686 542 685 685 542 541 685 541 684 684 541 540 684 540 683 683 540 539 683 539 682 682 539 538 682 538 681 681 538 537 681 537 680 680 537 536 680 536 679 679 536 535 679 535 678 678 535 534 678 534 677 677 534 533 677 533 676 676 533 532 676 532 675 675 532 531 675 531 674 674 531 530 674 530 673 673 530 529 695 679 672 672 679 678 672 678 673 673 678 677 673 677 674 674 677 676 674 676 675 679 695 680 680 695 694 680 694 681 681 694 693 681 693 682 682 693 692 682 692 683 683 692 691 683 691 684 684 691 690 684 690 685 685 690 689 685 689 686 686 689 688 686 688 687 697 553 696 696 553 552 696 552 719 719 552 575 719 575 718 718 575 574 718 574 717 717 574 573 717 573 716 716 573 572 716 572 715 715 572 571 715 571 714 714 571 570 714 570 713 713 570 569 713 569 712 712 569 568 712 568 711 711 568 567 711 567 710 710 567 566 710 566 709 709 566 565 709 565 708 708 565 564 708 564 707 707 564 563 707 563 706 706 563 562 706 562 705 705 562 561 705 561 704 704 561 560 704 560 703 703 560 559 703 559 702 702 559 558 702 558 701 701 558 557 701 557 700 700 557 556 700 556 699 699 556 555 699 555 698 698 555 554 698 554 697 697 554 553 719 703 696 696 703 702 696 702 697 697 702 701 697 701 698 698 701 700 698 700 699 703 719 704 704 719 718 704 718 705 705 718 717 705 717 706 706 717 716 706 716 707 707 716 715 707 715 708 708 715 714 708 714 709 709 714 713 709 713 710 710 713 712 710 712 711 62 21 502 502 21 483 721 505 720 720 505 504 720 504 743 743 504 527 743 527 742 742 527 526 742 526 741 741 526 525 741 525 740 740 525 524 740 524 739 739 524 523 739 523 738 738 523 522 738 522 737 737 522 521 737 521 736 736 521 520 736 520 735 735 520 519 735 519 734 734 519 518 734 518 733 733 518 517 733 517 732 732 517 516 732 516 731 731 516 515 731 515 730 730 515 514 730 514 729 729 514 513 729 513 728 728 513 512 728 512 727 727 512 511 727 511 726 726 511 510 726 510 725 725 510 509 725 509 724 724 509 508 724 508 723 723 508 507 723 507 722 722 507 506 722 506 721 721 506 505 743 733 720 720 733 732 720 732 721 721 732 731 721 731 722 722 731 730 722 730 723 723 730 729 723 729 724 724 729 728 724 728 725 725 728 727 725 727 726 733 743 734 734 743 742 734 742 735 735 742 741 735 741 736 736 741 740 736 740 737 737 740 739 737 739 738 494 89 495 495 89 333 495 333 496 496 333 332 496 332 497 497 332 331 497 331 498 498 331 330 498 330 499 499 330 329 499 329 500 500 329 328 90 89 493 493 89 494 480 235 484 484 235 271 484 271 485 485 271 270 485 270 486 486 270 269 486 269 487 487 269 268 487 268 488 488 268 267 488 267 489 489 267 266</p>
        </triangles>
      </mesh>
    </geometry>
    <geometry id="geometry_70dd90fb_dcb6_4723_b256_d494dc7e6fb8">
      <mesh>
        <source id="pos_1">
          <float_array id="pos_1-array" count="336">-340.138432 992 63.802588 -340.138432 992 56.328492 -336.138432 992 56.328492 -336.138432 992 63.802588 -340.138432 995 63.802588 -336.138432 995 63.802588 -340.138432 995 56.328492 -336.138432 995 56.328492 -340.138432 992.717376 30.309018 -340.138432 993.703424 32.340362 -340.138432 994.419712 34.481764 -340.138432 994.854336 36.69758 -340.138432 995 38.9509 -340.138432 995 54.328492 -340.138432 996.535808 54.328492 -340.138432 996.535808 65.802588 -340.138432 995 65.802588 -340.138432 995 81.180072 -340.138432 994.854336 83.43344 -340.138432 994.419648 85.649304 -340.138432 993.70336 87.79076 -340.138432 992.717248 89.822136 -340.138432 991.24224 92.419368 -340.138432 990.36096 93.813776 -340.138432 989.352256 95.119 -340.138432 988.225152 96.323464 -340.138432 989.786752 87.437568 -340.138432 990.912832 78.440344 -340.138432 991.613184 69.394352 -340.138432 991.8976 60.362164 -340.138432 991.773184 51.326316 -340.138432 991.233792 42.269484 -340.138432 990.2688 33.253608 -340.138432 988.868032 24.34062 -340.138432 989.667968 25.300084 -340.138432 990.397376 26.314166 -340.138432 991.052672 27.377698 -530.138432 995 81.180072 -530.138432 994.854336 83.43344 -530.138432 994.419648 85.649304 -530.138432 993.70336 87.79076 -530.138432 992.717248 89.822136 -387.638432 993.70336 87.79076 -435.138432 993.70336 87.79076 -482.638432 993.70336 87.79076 -387.638432 994.419648 85.649304 -435.138432 994.419648 85.649304 -482.638432 994.419648 85.649304 -387.638432 994.854336 83.43344 -435.138432 994.854336 83.43344 -482.638432 994.854336 83.43344 -530.138432 991.24224 92.419368 -530.138432 990.36096 93.813776 -530.138432 989.352256 95.119 -530.138432 988.225152 96.323464 -387.638432 989.872 94.47828 -435.138432 989.872 94.47828 -482.638432 989.872 94.47828 -530.138432 989.042368 92.003704 -530.138432 989.759744 87.61552 -530.138432 990.889088 78.671192 -530.138432 991.603712 69.566208 -530.138432 991.897472 60.37766 -530.138432 991.767872 51.183352 -530.138432 991.216064 42.061132 -530.138432 990.246784 33.08823 -530.138432 989.607936 28.681582 -530.138432 988.868032 24.34062 -435.138432 989.02816 92.084248 -435.138432 989.73984 87.746816 -435.138432 990.35616 83.323032 -435.138432 990.87328 78.825616 -435.138432 991.598272 69.664416 -435.138432 991.897472 60.37766 -435.138432 991.764224 51.08502 -435.138432 991.203008 41.906312 -435.138432 990.766336 37.395908 -435.138432 990.229248 32.956418 -435.138432 989.595136 28.600664 -530.138432 989.667968 25.300084 -530.138432 990.397376 26.314166 -530.138432 991.052672 27.377698 -378.138432 990.041728 25.800614 -416.138432 990.041728 25.800614 -454.138432 990.041728 25.800614 -492.138432 990.041728 25.800614 -530.138432 992.717376 30.309018 -530.138432 992 56.328492 -530.138432 992 63.802588 -534.138432 992 63.802588 -534.138432 992 56.328492 -530.138432 995 63.802588 -534.138432 995 63.802588 -530.138432 995 56.328492 -534.138432 995 56.328492 -530.138432 995 65.802588 -530.138432 996.535808 65.802588 -530.138432 996.535808 54.328492 -530.138432 995 54.328492 -530.138432 995 38.9509 -530.138432 994.854336 36.69758 -530.138432 994.419712 34.481764 -530.138432 993.703424 32.340362 -387.638432 994.854336 36.69758 -435.138432 994.854336 36.69758 -482.638432 994.854336 36.69758 -387.638432 994.419712 34.481764 -435.138432 994.419712 34.481764 -482.638432 994.419712 34.481764 -387.638432 993.703424 32.340362 -435.138432 993.703424 32.340362 -482.638432 993.703424 32.340362</float_array>
          <technique_common>
            <accessor source="#pos_1-array" count="336" stride="3">
              <param name="X" type="float"/>
              <param name="Y" type="float"/>
              <param name="Z" type="float"/>
            </accessor>
          </technique_common>
        </source>
        <vertices id="vert_1">
          <input semantic="POSITION" source="#pos_1"/>
        </vertices>
        <triangles count="220" material="mat_16">
          <input semantic="VERTEX" source="#vert_1" offset="0"/>
          <p>0 1 3 3 1 2 4 0 5 5 0 3 6 4 7 7 4 5 1 6 2 2 6 7 2 7 3 3 7 5 0 29 1 1 29 30 1 30 13 13 30 9 13 9 10 4 16 0 0 16 20 0 20 28 28 20 21 28 21 27 27 21 22 27 22 23 16 4 15 15 4 6 15 6 14 14 6 13 13 6 1 9 30 8 8 30 31 8 31 36 36 31 32 36 32 35 35 32 34 34 32 33 11 12 10 10 12 13 20 16 19 19 16 17 19 17 18 27 23 26 26 23 24 26 24 25 28 29 0 20 42 21 21 42 43 21 43 41 41 43 44 41 44 40 40 44 39 39 44 47 39 47 38 38 47 50 38 50 37 37 50 49 37 49 17 17 49 48 17 48 18 18 48 19 19 48 45 19 45 20 20 45 42 47 44 43 43 42 46 46 42 45 46 45 49 49 45 48 50 47 46 46 47 43 50 46 49 22 21 51 51 21 41 24 55 25 25 55 56 25 56 57 57 56 51 57 51 52 24 23 55 55 23 51 55 51 56 23 22 51 52 53 57 57 53 25 53 54 25 67 33 78 78 33 32 78 32 77 77 32 76 77 76 65 65 76 64 64 76 75 64 75 74 74 75 31 74 31 30 32 31 76 76 31 75 74 30 73 73 30 29 73 29 28 73 28 72 72 28 27 72 27 71 71 27 70 71 70 60 60 70 59 59 70 69 59 69 58 58 69 68 58 68 54 54 68 25 25 68 26 26 68 69 26 69 70 27 26 70 71 60 72 72 60 61 72 61 73 73 61 62 73 62 63 73 63 74 74 63 64 65 66 77 77 66 78 66 67 78 35 82 36 36 82 83 36 83 84 84 83 67 84 67 85 85 67 79 85 79 80 35 34 82 82 34 83 33 67 34 34 67 83 81 36 80 80 36 84 80 84 85 8 36 86 86 36 81 87 88 90 90 88 89 88 91 89 89 91 92 91 93 92 92 93 94 93 87 94 94 87 90 94 90 92 92 90 89 54 53 58 58 53 59 59 53 52 59 52 60 60 52 51 60 51 41 60 41 61 61 41 40 61 40 88 88 40 95 88 95 91 91 95 96 91 96 97 40 39 95 95 39 37 37 39 38 91 97 93 93 97 98 93 98 87 87 98 63 87 63 62 99 101 98 98 101 102 98 102 63 63 102 86 63 86 64 64 86 81 64 81 65 65 81 80 65 80 66 66 80 79 66 79 67 99 100 101 87 62 88 88 62 61 11 103 12 12 103 104 12 104 99 99 104 105 99 105 100 100 105 101 101 105 108 101 108 102 102 108 111 102 111 86 86 111 110 86 110 8 8 110 109 8 109 9 9 109 10 10 109 106 10 106 11 11 106 103 108 105 104 104 103 107 107 103 106 107 106 110 110 106 109 111 108 107 107 108 104 111 107 110 17 16 37 37 16 95 13 12 98 98 12 99 14 13 97 97 13 98 15 14 96 96 14 97 16 15 95 95 15 96</p>
        </triangles>
      </mesh>
    </geometry>
    <geometry id="geometry_53b0ad7d_267d_49a1_99f0_8cdca5c75470">
      <mesh>
        <source id="pos_2">
          <float_array id="pos_2-array" count="36">39.999992 1000 85.000008 -8E-06 1000 85.000008 -8E-06 1000 120.000008 39.999992 1000 120.000008 -8E-06 995 120.000008 39.999992 995 120.000008 -8E-06 995 80.000008 39.999992 995 80.000008 39.999992 1035 80.000008 39.999992 1035 85.000008 -8E-06 1035 80.000008 -8E-06 1035 85.000008</float_array>
          <technique_common>
            <accessor source="#pos_2-array" count="36" stride="3">
              <param name="X" type="float"/>
              <param name="Y" type="float"/>
              <param name="Z" type="float"/>
            </accessor>
          </technique_common>
        </source>
        <vertices id="vert_2">
          <input semantic="POSITION" source="#pos_2"/>
        </vertices>
        <triangles count="20" material="mat_16">
          <input semantic="VERTEX" source="#vert_2" offset="0"/>
          <p>0 1 3 3 1 2 4 5 2 2 5 3 7 5 6 6 5 4 5 7 0 0 7 8 0 8 9 0 3 5 8 10 9 9 10 11 11 10 1 1 10 6 1 6 4 4 2 1 1 0 11 11 0 9 6 10 7 7 10 8</p>
        </triangles>
      </mesh>
    </geometry>
    <geometry id="geometry_c15da4c8_7bc7_41a1_9d2a_b1111b2a2ca7">
      <mesh>
        <source id="pos_3">
          <float_array id="pos_3-array" count="2232">42.999992 1018.500032 42.972904 42.999992 1018.500032 42.972704 42.971168 1018.79264 42.680064 42.885812 1019.074112 42.398676 42.747196 1019.333376 42.139348 42.560652 1019.560704 41.91204 42.333348 1019.747264 41.7255 42.074016 1019.885888 41.586884 41.792624 1019.971264 41.501524 41.64702 1019.992768 41.479924 41.499992 1020.000064 41.472704 41.499992 1020.000064 41.472904 41.64702 1019.992768 41.480124 41.792624 1019.971264 41.501724 42.074016 1019.885888 41.587084 42.333348 1019.747264 41.7257 42.560652 1019.560704 41.912244 42.747196 1019.333376 42.139548 42.885812 1019.074112 42.398876 42.971168 1018.79264 42.680268 41.499992 1035 42.937056 41.499992 1035 54.200008 41.64702 1034.992768 54.192788 41.792624 1034.9712 54.171184 42.074016 1034.885888 54.085828 42.333348 1034.7472 53.947212 42.560652 1034.56064 53.760668 42.747196 1034.333376 53.533364 42.885812 1034.073984 53.274032 42.971168 1033.792576 52.992644 42.999992 1033.500032 52.700008 42.999992 1033.500032 42.937056 42.94888 1033.888192 42.937056 42.799032 1034.249984 42.937056 42.560652 1034.56064 42.937056 42.249992 1034.799104 42.937056 41.88822 1034.948864 42.937056 41.88822 1034.948864 48.568532 42.249992 1034.799104 48.568532 42.560652 1034.56064 48.568532 42.799032 1034.249984 48.568532 42.94888 1033.888192 48.568532 41.499992 1009.262976 39.937056 41.499992 1009.262976 41.472904 41.64702 1009.255808 41.480124 41.792624 1009.234176 41.501724 42.074016 1009.1488 41.587084 42.333348 1009.010176 41.7257 42.560652 1008.82368 41.912244 42.747196 1008.596352 42.139548 42.885812 1008.337024 42.398876 42.971168 1008.05568 42.680268 42.999992 1007.763008 42.972904 42.999992 1007.763008 41.437056 42.971168 1008.05568 41.14442 42.885812 1008.337024 40.863032 42.747196 1008.596352 40.603704 42.560652 1008.82368 40.376396 42.333348 1009.010176 40.189852 42.074016 1009.1488 40.05124 41.792624 1009.234176 39.96588 41.64702 1009.255808 39.94428 42.999992 996.499968 42.937056 42.999992 996.499968 52.700008 42.971168 996.20736 52.992644 42.885812 995.925952 53.274032 42.747196 995.666624 53.533364 42.560652 995.43936 53.760668 42.333348 995.2528 53.947212 42.074016 995.114176 54.085828 41.792624 995.0288 54.171184 41.64702 995.007232 54.192788 41.499992 995 54.200008 41.499992 995 42.937056 41.88822 995.051072 42.937056 42.249992 995.20096 42.937056 42.560652 995.43936 42.937056 42.799032 995.750016 42.937056 42.94888 996.111744 42.937056 42.94888 996.111744 48.568532 42.799032 995.750016 48.568532 42.560652 995.43936 48.568532 42.249992 995.20096 48.568532 41.88822 995.051072 48.568532 42.999992 1033.500032 67.174104 42.999992 1031.964096 67.174104 42.971168 1032.256832 66.881468 42.885812 1032.53824 66.600084 42.747196 1032.797504 66.340752 42.560652 1033.024768 66.113448 42.333348 1033.211328 65.926904 42.074016 1033.349952 65.788284 41.792624 1033.435328 65.702928 41.64702 1033.456896 65.681328 41.499992 1033.464128 65.674104 41.499992 1035 65.674104 41.64702 1034.992768 65.681328 41.792624 1034.9712 65.702928 42.074016 1034.885888 65.788284 42.333348 1034.7472 65.926904 42.560652 1034.56064 66.113448 42.747196 1034.333376 66.340752 42.885812 1034.073984 66.600084 42.971168 1033.792576 66.881468 41.499992 996.535808 54.200008 42.999992 998.03584 52.700008 42.971168 997.743232 52.992644 42.885812 997.46176 53.274032 42.747196 997.202496 53.533364 42.560652 996.975168 53.760668 42.333348 996.788608 53.947212 42.074016 996.650048 54.085828 41.792624 996.564672 54.171184 41.64702 996.543104 54.192788 42.999992 1033.500032 76.937056 41.499992 1035 76.937056 41.88822 1034.948864 76.937056 42.249992 1034.799104 76.937056 42.560652 1034.56064 76.937056 42.799032 1034.249984 76.937056 42.94888 1033.888192 76.937056 42.94888 1033.888192 71.305584 42.799032 1034.249984 71.305584 42.560652 1034.56064 71.305584 42.249992 1034.799104 71.305584 41.88822 1034.948864 71.305584 41.499992 1032 79.937056 41.88822 1032 79.885952 42.249992 1032 79.736096 42.560652 1032 79.49772 42.799032 1032 79.187056 42.94888 1032 78.825288 42.999992 1032 78.437056 42.999992 1032.38816 78.385952 42.999992 1032.750016 78.236096 42.999992 1033.060672 77.99772 42.999992 1033.299072 77.687056 42.999992 1033.448832 77.325288 41.499992 1034.897856 77.71352 41.499992 1034.598016 78.437056 41.499992 1034.121344 79.058384 41.499992 1033.500032 79.535136 41.499992 1032.776512 79.834832 42.94888 1032.488768 78.760952 42.799032 1032.5824 79.110392 42.560652 1032.66272 79.410464 42.249992 1032.72448 79.640728 41.88822 1032.7632 79.785464 42.94888 1032.944064 78.572312 42.799032 1033.124992 78.885616 42.560652 1033.280256 79.154656 42.249992 1033.399552 79.361096 41.88822 1033.474496 79.490864 42.94888 1033.335232 78.27224 42.799032 1033.590912 78.528048 42.560652 1033.810688 78.74772 42.249992 1033.979264 78.916272 41.88822 1034.085184 79.02224 42.94888 1033.635264 77.881176 42.799032 1033.948608 78.062056 42.560652 1034.217664 78.217384 42.249992 1034.424064 78.336576 41.88822 1034.553856 78.411496 42.94888 1033.823872 77.425768 42.799032 1034.173312 77.5194 42.560652 1034.473408 77.599808 42.249992 1034.703616 77.661496 41.88822 1034.848384 77.700288 41.499992 1020.737152 79.937056 41.64702 1020.74432 79.929832 41.792624 1020.765952 79.908232 42.074016 1020.851264 79.822872 42.333348 1020.989888 79.684264 42.560652 1021.176448 79.49772 42.747196 1021.403776 79.270416 42.885812 1021.663104 79.011088 42.971168 1021.944448 78.729688 42.999992 1022.23712 78.437056 41.88822 1026.368512 79.885952 42.249992 1026.368512 79.736096 42.560652 1026.368512 79.49772 42.799032 1026.368512 79.187056 42.94888 1026.368512 78.825288 41.499992 996.535808 65.674104 42.999992 998.03584 67.174104 42.971168 997.743232 66.881468 42.885812 997.46176 66.600084 42.747196 997.202496 66.340752 42.560652 996.975168 66.113448 42.333348 996.788608 65.926904 42.074016 996.650048 65.788284 41.792624 996.564672 65.702928 41.64702 996.543104 65.681328 41.88822 996.586944 59.937056 42.249992 996.736832 59.937056 42.560652 996.975168 59.937056 42.799032 997.285824 59.937056 42.94888 997.647616 59.937056 42.999992 1022.23712 76.901216 41.499992 1020.737152 78.401216 41.64702 1020.74432 78.393992 41.792624 1020.765952 78.372392 42.074016 1020.851264 78.287032 42.333348 1020.989888 78.148416 42.560652 1021.176448 77.961872 42.747196 1021.403776 77.734568 42.885812 1021.663104 77.475232 42.971168 1021.944448 77.193848 42.999992 998 78.437056 42.999992 1007.763008 78.437056 42.971168 1008.05568 78.729688 42.885812 1008.337024 79.011088 42.747196 1008.596352 79.270416 42.560652 1008.82368 79.49772 42.333348 1009.010176 79.684264 42.074016 1009.1488 79.822872 41.792624 1009.234176 79.908232 41.64702 1009.255808 79.929832 41.499992 1009.262976 79.937056 41.499992 998 79.937056 41.88822 998 79.885952 42.249992 998 79.736096 42.560652 998 79.49772 42.799032 998 79.187056 42.94888 998 78.825288 42.94888 1003.631488 78.825288 42.799032 1003.631488 79.187056 42.560652 1003.631488 79.49772 42.249992 1003.631488 79.736096 41.88822 1003.631488 79.885952 42.999992 1007.763008 76.901216 42.971168 1008.05568 77.193848 42.885812 1008.337024 77.475232 42.747196 1008.596352 77.734568 42.560652 1008.82368 77.961872 42.333348 1009.010176 78.148416 42.074016 1009.1488 78.287032 41.792624 1009.234176 78.372392 41.64702 1009.255808 78.393992 41.499992 1009.262976 78.401216 41.499992 995 76.937056 41.88822 995.051072 76.937056 42.249992 995.20096 76.937056 42.560652 995.43936 76.937056 42.799032 995.750016 76.937056 42.94888 996.111744 76.937056 42.999992 996.499968 76.937056 42.999992 996.551104 77.325288 42.999992 996.700992 77.687056 42.999992 996.939328 77.99772 42.999992 997.249984 78.236096 42.999992 997.611776 78.385952 41.499992 997.223552 79.834832 41.499992 996.499968 79.535136 41.499992 995.878656 79.058384 41.499992 995.40192 78.437056 41.499992 995.102208 77.71352 42.94888 996.176064 77.425768 42.799032 995.826688 77.5194 42.560652 995.526592 77.599808 42.249992 995.29632 77.661496 41.88822 995.151616 77.700288 42.94888 996.364736 77.881176 42.799032 996.051456 78.062056 42.560652 995.7824 78.217384 42.249992 995.576 78.336576 41.88822 995.446144 78.411496 42.94888 996.664768 78.27224 42.799032 996.409024 78.528048 42.560652 996.189312 78.74772 42.249992 996.020736 78.916272 41.88822 995.914816 79.02224 42.94888 997.055936 78.572312 42.799032 996.875008 78.885616 42.560652 996.71968 79.154656 42.249992 996.600448 79.361096 41.88822 996.525568 79.490864 42.94888 997.511296 78.760952 42.799032 997.417664 79.110392 42.560652 997.33728 79.410464 42.249992 997.275584 79.640728 41.88822 997.236736 79.785464 41.499992 995 65.674104 41.64702 995.007232 65.681328 41.792624 995.0288 65.702928 42.074016 995.114176 65.788284 42.333348 995.2528 65.926904 42.560652 995.43936 66.113448 42.747196 995.666624 66.340752 42.885812 995.925952 66.600084 42.971168 996.20736 66.881468 42.999992 996.499968 67.174104 41.88822 995.051072 71.305584 42.249992 995.20096 71.305584 42.560652 995.43936 71.305584 42.799032 995.750016 71.305584 42.94888 996.111744 71.305584 42.799032 1015.000064 77.651216 42.94888 1015.000064 77.28944 42.560652 1015.000064 77.961872 42.249992 1015.000064 78.200248 41.88822 1015.000064 78.350096 41.499992 998 39.937056 41.88822 998 39.988168 42.249992 998 40.13802 42.560652 998 40.376396 42.799032 998 40.687056 42.94888 998 41.048828 42.999992 998 41.437056 42.999992 997.611776 41.488168 42.999992 997.249984 41.63802 42.999992 996.939328 41.876396 42.999992 996.700992 42.187056 42.999992 996.551104 42.548828 41.499992 995.102208 42.1606 41.499992 995.40192 41.437056 41.499992 995.878656 40.81574 41.499992 996.499968 40.33898 41.499992 997.223552 40.03928 42.94888 997.511296 41.113168 42.799032 997.417664 40.763724 42.560652 997.33728 40.463648 42.249992 997.275584 40.233396 41.88822 997.236736 40.088648 42.94888 997.055936 41.301804 42.799032 996.875008 40.9885 42.560652 996.71968 40.71946 42.249992 996.600448 40.51302 41.88822 996.525568 40.383244 42.94888 996.664768 41.60188 42.799032 996.409024 41.346064 42.560652 996.189312 41.126396 42.249992 996.020736 40.95784 41.88822 995.914816 40.85188 42.94888 996.364736 41.992944 42.799032 996.051456 41.812056 42.560652 995.7824 41.656728 42.249992 995.576 41.537536 41.88822 995.446144 41.462612 42.94888 996.176064 42.448348 42.799032 995.826688 42.354712 42.560652 995.526592 42.274312 42.249992 995.29632 42.212612 41.88822 995.151616 42.173828 41.88822 1003.631488 39.988168 42.249992 1003.631488 40.13802 42.560652 1003.631488 40.376396 42.799032 1003.631488 40.687056 42.94888 1003.631488 41.048828 42.999992 1031.964096 52.700008 42.971168 1032.256832 52.992644 42.885812 1032.53824 53.274032 42.747196 1032.797504 53.533364 42.560652 1033.024768 53.760668 42.333348 1033.211328 53.947212 42.074016 1033.349952 54.085828 41.792624 1033.435328 54.171184 41.64702 1033.456896 54.192788 41.499992 1033.464128 54.200008 42.799032 1032.714112 59.937056 42.94888 1032.352448 59.937056 42.560652 1033.024768 59.937056 42.249992 1033.263168 59.937056 41.88822 1033.413056 59.937056 41.499992 1010.000064 41.472904 41.64702 1010.007232 41.480124 41.792624 1010.028864 41.501724 42.074016 1010.11424 41.587084 42.333348 1010.252864 41.7257 42.560652 1010.439424 41.912244 42.747196 1010.666688 42.139548 42.885812 1010.926016 42.398876 42.971168 1011.207424 42.680268 42.999992 1011.500032 42.972904 42.999992 1032 41.437056 42.94888 1032 41.048828 42.799032 1032 40.687056 42.560652 1032 40.376396 42.249992 1032 40.13802 41.88822 1032 39.988168 41.499992 1032 39.937056 41.499992 1032.776512 40.03928 41.499992 1033.500032 40.33898 41.499992 1034.121344 40.81574 41.499992 1034.598016 41.437056 41.499992 1034.897856 42.1606 42.999992 1033.448832 42.548828 42.999992 1033.299072 42.187056 42.999992 1033.060672 41.876396 42.999992 1032.750016 41.63802 42.999992 1032.38816 41.488168 41.88822 1032.7632 40.088648 42.249992 1032.72448 40.233396 42.560652 1032.66272 40.463648 42.799032 1032.5824 40.763724 42.94888 1032.488768 41.113168 41.88822 1033.474496 40.383244 42.249992 1033.399552 40.51302 42.560652 1033.280256 40.71946 42.799032 1033.124992 40.9885 42.94888 1032.944064 41.301804 41.88822 1034.085184 40.85188 42.249992 1033.979264 40.95784 42.560652 1033.810688 41.126396 42.799032 1033.590912 41.346064 42.94888 1033.335232 41.60188 41.88822 1034.553856 41.462612 42.249992 1034.424064 41.537536 42.560652 1034.217664 41.656728 42.799032 1033.948608 41.812056 42.94888 1033.635264 41.992944 41.88822 1034.848384 42.173828 42.249992 1034.703616 42.212612 42.560652 1034.473408 42.274312 42.799032 1034.173312 42.354712 42.94888 1033.823872 42.448348 42.999992 1022.23712 41.437056 42.971168 1021.944448 41.14442 42.885812 1021.663104 40.863032 42.747196 1021.403776 40.603704 42.560652 1021.176448 40.376396 42.333348 1020.989888 40.189852 42.074016 1020.851264 40.05124 41.792624 1020.765952 39.96588 41.64702 1020.74432 39.94428 41.499992 1020.737152 39.937056 42.94888 1026.368512 41.048828 42.799032 1026.368512 40.687056 42.560652 1026.368512 40.376396 42.249992 1026.368512 40.13802 41.88822 1026.368512 39.988168 41.499992 1010.000064 41.472704 41.64702 1010.007232 41.479924 41.792624 1010.028864 41.501524 42.074016 1010.11424 41.586884 42.333348 1010.252864 41.7255 42.560652 1010.439424 41.91204 42.747196 1010.666688 42.139348 42.885812 1010.926016 42.398676 42.971168 1011.207424 42.680064 42.999992 1011.500032 42.972704 42.999992 1022.23712 42.972904 42.971168 1021.944448 42.680268 42.885812 1021.663104 42.398876 42.747196 1021.403776 42.139548 42.560652 1021.176448 41.912244 42.333348 1020.989888 41.7257 42.074016 1020.851264 41.587084 41.792624 1020.765952 41.501724 41.64702 1020.74432 41.480124 41.499992 1020.737152 41.472904 41.88822 1015.000064 41.523812 42.249992 1015.000064 41.673664 42.560652 1015.000064 41.91204 42.799032 1015.000064 42.222704 42.94888 1015.000064 42.584472 39.999992 1020.737152 41.472904 39.999992 1020.737152 39.937056 39.999992 1032 39.937056 39.999992 1032.776512 40.03928 39.999992 1033.500032 40.33898 39.999992 1034.121344 40.81574 39.999992 1034.598016 41.437056 39.999992 1034.897856 42.1606 39.999992 1035 42.937056 39.999992 1035 54.200008 39.999992 1033.464128 54.200008 39.999992 1033.464128 65.674104 39.999992 1035 65.674104 39.999992 1035 76.937056 39.999992 1034.897856 77.71352 39.999992 1034.598016 78.437056 39.999992 1034.121344 79.058384 39.999992 1033.500032 79.535136 39.999992 1032.776512 79.834832 39.999992 1032 79.937056 39.999992 1020.737152 79.937056 39.999992 1020.737152 78.401216 39.999992 1009.262976 78.401216 39.999992 1009.262976 79.937056 39.999992 998 79.937056 39.999992 1010.000064 41.472904 39.999992 1010.000064 41.472704 39.999992 1020.000064 41.472704 39.999992 1020.000064 41.472904 39.999992 1009.262976 41.472904 39.999992 1009.262976 39.937056 39.999992 998 39.937056 39.999992 997.223552 40.03928 39.999992 996.499968 40.33898 39.999992 995.878656 40.81574 39.999992 995.40192 41.437056 39.999992 995.102208 42.1606 39.999992 995 42.937056 39.999992 995 54.200008 39.999992 996.535808 54.200008 39.999992 996.535808 65.674104 39.999992 995 65.674104 39.999992 995 76.937056 39.999992 995.102208 77.71352 39.999992 995.40192 78.437056 39.999992 995.878656 79.058384 39.999992 996.499968 79.535136 39.999992 997.223552 79.834832 39.999992 1019.86368 59.9242 39.999992 1019.696704 61.192412 39.999992 1019.207232 62.374204 39.999992 1018.428544 63.389024 39.999992 1017.413696 64.167724 39.999992 1016.231936 64.657236 39.999992 1014.963712 64.824204 39.999992 1013.695488 64.657236 39.999992 1012.513664 64.167724 39.999992 1011.49888 63.389024 39.999992 1010.720128 62.374204 39.999992 1010.230656 61.192412 39.999992 1010.063744 59.9242 39.999992 1010.230656 58.655988 39.999992 1010.720128 57.4742 39.999992 1011.49888 56.459376 39.999992 1012.513664 55.680676 39.999992 1013.695488 55.191164 39.999992 1014.963712 55.0242 39.999992 1016.231936 55.191164 39.999992 1017.413696 55.680676 39.999992 1018.428544 56.459376 39.999992 1019.207232 57.4742 39.999992 1019.696704 58.655988 39.999992 998.930816 47.506116 39.999992 998.517696 46.967636 39.999992 998.25792 46.340564 39.999992 998.169344 45.667636 39.999992 998.25792 44.994704 39.999992 998.517696 44.367636 39.999992 998.930816 43.82916 39.999992 999.469376 43.415968 39.999992 1000.096448 43.156228 39.999992 1000.769344 43.067636 39.999992 1001.44224 43.156228 39.999992 1002.069312 43.415968 39.999992 1002.607872 43.82916 39.999992 1003.020992 44.367636 39.999992 1003.280768 44.994704 39.999992 1003.369344 45.667636 39.999992 1003.280768 46.340564 39.999992 1003.020992 46.967636 39.999992 1002.607872 47.506116 39.999992 1002.069312 47.9193 39.999992 1001.44224 48.179044 39.999992 1000.769344 48.267636 39.999992 1000.096448 48.179044 39.999992 999.469376 47.9193 39.999992 1031.107904 72.329232 39.999992 1031.521088 72.867712 39.999992 1031.780864 73.494784 39.999992 1031.869376 74.167712 39.999992 1031.780864 74.84064 39.999992 1031.521088 75.467712 39.999992 1031.107904 76.006184 39.999992 1030.569472 76.419384 39.999992 1029.9424 76.679112 39.999992 1029.26944 76.767704 39.999992 1028.596416 76.679112 39.999992 1027.969472 76.419384 39.999992 1027.430912 76.006184 39.999992 1027.017728 75.467712 39.999992 1026.75808 74.84064 39.999992 1026.66944 74.167712 39.999992 1026.75808 73.494784 39.999992 1027.017728 72.867712 39.999992 1027.430912 72.329232 39.999992 1027.969472 71.916048 39.999992 1028.596416 71.656304 39.999992 1029.26944 71.567712 39.999992 1029.9424 71.656304 39.999992 1030.569472 71.916048 39.999992 1002.607872 76.006184 39.999992 1002.069312 76.419384 39.999992 1001.44224 76.679112 39.999992 1000.769344 76.767704 39.999992 1000.096448 76.679112 39.999992 999.469376 76.419384 39.999992 998.930816 76.006184 39.999992 998.517696 75.467712 39.999992 998.25792 74.84064 39.999992 998.169344 74.167712 39.999992 998.25792 73.494784 39.999992 998.517696 72.867712 39.999992 998.930816 72.329232 39.999992 999.469376 71.916048 39.999992 1000.096448 71.656304 39.999992 1000.769344 71.567712 39.999992 1001.44224 71.656304 39.999992 1002.069312 71.916048 39.999992 1002.607872 72.329232 39.999992 1003.020992 72.867712 39.999992 1003.280768 73.494784 39.999992 1003.369344 74.167712 39.999992 1003.280768 74.84064 39.999992 1003.020992 75.467712 39.999992 1027.430912 43.82916 39.999992 1027.969472 43.415968 39.999992 1028.596416 43.156228 39.999992 1029.26944 43.067636 39.999992 1029.9424 43.156228 39.999992 1030.569472 43.415968 39.999992 1031.107904 43.82916 39.999992 1031.521088 44.367636 39.999992 1031.780864 44.994704 39.999992 1031.869376 45.667636 39.999992 1031.780864 46.340564 39.999992 1031.521088 46.967636 39.999992 1031.107904 47.506116 39.999992 1030.569472 47.9193 39.999992 1029.9424 48.179044 39.999992 1029.26944 48.267636 39.999992 1028.596416 48.179044 39.999992 1027.969472 47.9193 39.999992 1027.430912 47.506116 39.999992 1027.017728 46.967636 39.999992 1026.75808 46.340564 39.999992 1026.66944 45.667636 39.999992 1026.75808 44.994704 39.999992 1027.017728 44.367636 34.999992 1027.430912 43.82916 34.999992 1027.969472 43.415968 34.999992 1028.596416 43.156228 34.999992 1029.26944 43.067636 34.999992 1029.9424 43.156228 34.999992 1030.569472 43.415968 34.999992 1031.107904 43.82916 34.999992 1031.521088 44.367636 34.999992 1031.780864 44.994704 34.999992 1031.869376 45.667636 34.999992 1031.780864 46.340564 34.999992 1031.521088 46.967636 34.999992 1031.107904 47.506116 34.999992 1030.569472 47.9193 34.999992 1029.9424 48.179044 34.999992 1029.26944 48.267636 34.999992 1028.596416 48.179044 34.999992 1027.969472 47.9193 34.999992 1027.430912 47.506116 34.999992 1027.017728 46.967636 34.999992 1026.75808 46.340564 34.999992 1026.66944 45.667636 34.999992 1026.75808 44.994704 34.999992 1027.017728 44.367636 34.999992 1002.607872 76.006184 34.999992 1002.069312 76.419384 34.999992 1001.44224 76.679112 34.999992 1000.769344 76.767704 34.999992 1000.096448 76.679112 34.999992 999.469376 76.419384 34.999992 998.930816 76.006184 34.999992 998.517696 75.467712 34.999992 998.25792 74.84064 34.999992 998.169344 74.167712 34.999992 998.25792 73.494784 34.999992 998.517696 72.867712 34.999992 998.930816 72.329232 34.999992 999.469376 71.916048 34.999992 1000.096448 71.656304 34.999992 1000.769344 71.567712 34.999992 1001.44224 71.656304 34.999992 1002.069312 71.916048 34.999992 1002.607872 72.329232 34.999992 1003.020992 72.867712 34.999992 1003.280768 73.494784 34.999992 1003.369344 74.167712 34.999992 1003.280768 74.84064 34.999992 1003.020992 75.467712 34.999992 998.930816 47.506116 34.999992 998.517696 46.967636 34.999992 998.25792 46.340564 34.999992 998.169344 45.667636 34.999992 998.25792 44.994704 34.999992 998.517696 44.367636 34.999992 998.930816 43.82916 34.999992 999.469376 43.415968 34.999992 1000.096448 43.156228 34.999992 1000.769344 43.067636 34.999992 1001.44224 43.156228 34.999992 1002.069312 43.415968 34.999992 1002.607872 43.82916 34.999992 1003.020992 44.367636 34.999992 1003.280768 44.994704 34.999992 1003.369344 45.667636 34.999992 1003.280768 46.340564 34.999992 1003.020992 46.967636 34.999992 1002.607872 47.506116 34.999992 1002.069312 47.9193 34.999992 1001.44224 48.179044 34.999992 1000.769344 48.267636 34.999992 1000.096448 48.179044 34.999992 999.469376 47.9193 34.999992 1031.107904 72.329232 34.999992 1031.521088 72.867712 34.999992 1031.780864 73.494784 34.999992 1031.869376 74.167712 34.999992 1031.780864 74.84064 34.999992 1031.521088 75.467712 34.999992 1031.107904 76.006184 34.999992 1030.569472 76.419384 34.999992 1029.9424 76.679112 34.999992 1029.26944 76.767704 34.999992 1028.596416 76.679112 34.999992 1027.969472 76.419384 34.999992 1027.430912 76.006184 34.999992 1027.017728 75.467712 34.999992 1026.75808 74.84064 34.999992 1026.66944 74.167712 34.999992 1026.75808 73.494784 34.999992 1027.017728 72.867712 34.999992 1027.430912 72.329232 34.999992 1027.969472 71.916048 34.999992 1028.596416 71.656304 34.999992 1029.26944 71.567712 34.999992 1029.9424 71.656304 34.999992 1030.569472 71.916048 34.999992 1019.86368 59.9242 34.999992 1019.696704 61.192412 34.999992 1019.207232 62.374204 34.999992 1018.428544 63.389024 34.999992 1017.413696 64.167724 34.999992 1016.231936 64.657236 34.999992 1014.963712 64.824204 34.999992 1013.695488 64.657236 34.999992 1012.513664 64.167724 34.999992 1011.49888 63.389024 34.999992 1010.720128 62.374204 34.999992 1010.230656 61.192412 34.999992 1010.063744 59.9242 34.999992 1010.230656 58.655988 34.999992 1010.720128 57.4742 34.999992 1011.49888 56.459376 34.999992 1012.513664 55.680676 34.999992 1013.695488 55.191164 34.999992 1014.963712 55.0242 34.999992 1016.231936 55.191164 34.999992 1017.413696 55.680676 34.999992 1018.428544 56.459376 34.999992 1019.207232 57.4742 34.999992 1019.696704 58.655988</float_array>
          <technique_common>
            <accessor source="#pos_3-array" count="2232" stride="3">
              <param name="X" type="float"/>
              <param name="Y" type="float"/>
              <param name="Z" type="float"/>
            </accessor>
          </technique_common>
        </source>
        <vertices id="vert_3">
          <input semantic="POSITION" source="#pos_3"/>
        </vertices>
        <triangles count="1484" material="mat_16">
          <input semantic="VERTEX" source="#vert_3" offset="0"/>
          <p>0 1 19 19 1 2 19 2 18 18 2 3 18 3 17 17 3 4 17 4 16 16 4 5 16 5 15 15 5 6 15 6 14 14 6 7 14 7 13 13 7 8 13 8 12 12 8 9 12 9 11 11 9 10 36 20 37 37 20 21 37 21 22 22 23 37 37 23 24 37 24 38 38 24 25 38 25 39 39 25 26 39 26 27 39 27 40 40 27 28 40 28 41 41 28 29 41 29 31 31 29 30 31 32 41 41 32 40 32 33 40 40 33 39 33 34 39 39 34 38 34 35 38 38 35 37 35 36 37 42 43 61 61 43 44 61 44 60 60 44 45 60 45 59 59 45 46 59 46 58 58 46 47 58 47 57 57 47 48 57 48 56 56 48 49 56 49 55 55 49 50 55 50 54 54 50 51 54 51 53 53 51 52 78 62 79 79 62 63 79 63 64 64 65 79 79 65 80 79 80 77 77 80 76 76 80 81 76 81 75 75 81 82 75 82 74 74 82 83 74 83 73 73 83 71 73 71 72 65 66 80 80 66 81 66 67 81 81 67 68 81 68 82 82 68 69 82 69 83 83 69 70 83 70 71 77 78 79 85 86 84 84 86 103 103 86 87 103 87 102 102 87 88 102 88 101 101 88 89 101 89 100 100 89 90 100 90 99 99 90 91 99 91 98 98 91 92 98 92 97 97 92 93 97 93 96 96 93 94 96 94 95 72 71 104 104 71 113 113 71 70 113 70 112 112 70 69 112 69 111 111 69 68 111 68 110 110 68 67 110 67 109 109 67 66 109 66 108 108 66 65 108 65 107 107 65 64 107 64 106 106 64 63 106 63 105 120 114 121 121 114 84 121 84 103 103 102 121 121 102 122 121 122 119 119 122 118 118 122 123 118 123 117 117 123 124 117 124 116 116 124 125 116 125 115 115 125 96 115 96 95 102 101 122 122 101 123 101 100 123 123 100 99 123 99 124 124 99 98 124 98 125 125 98 97 125 97 96 119 120 121 126 127 142 142 127 147 142 147 141 141 147 152 141 152 140 140 152 157 140 157 139 139 157 162 139 162 138 138 162 167 138 167 115 115 167 116 116 167 166 116 166 117 117 166 165 117 165 118 118 165 164 118 164 119 119 164 163 119 163 120 120 163 137 120 137 114 127 128 147 147 128 146 147 146 152 152 146 151 152 151 157 157 151 156 157 156 162 162 156 161 162 161 167 167 161 166 128 129 146 146 129 145 146 145 151 151 145 150 151 150 156 156 150 155 156 155 161 161 155 160 161 160 166 166 160 165 129 130 145 145 130 144 145 144 150 150 144 149 150 149 155 155 149 154 155 154 160 160 154 159 160 159 165 165 159 164 130 131 144 144 131 143 144 143 149 149 143 148 149 148 154 154 148 153 154 153 159 159 153 158 159 158 164 164 158 163 131 132 143 143 132 133 143 133 148 148 133 134 148 134 153 153 134 135 153 135 158 158 135 136 158 136 163 163 136 137 127 126 178 178 126 168 178 168 169 169 170 178 178 170 171 178 171 179 179 171 172 179 172 180 180 172 173 180 173 174 180 174 181 181 174 175 181 175 182 182 175 176 182 176 132 132 176 177 132 131 182 182 131 181 131 130 181 181 130 180 130 129 180 180 129 179 129 128 179 179 128 178 128 127 178 183 104 192 192 104 113 192 113 193 193 113 112 193 112 111 193 111 194 194 111 110 194 110 195 195 110 109 195 109 108 195 108 196 196 108 107 196 107 197 197 107 106 197 106 184 184 106 105 184 185 197 197 185 186 197 186 196 196 186 187 196 187 195 195 187 188 195 188 189 195 189 194 194 189 190 194 190 193 193 190 191 193 191 192 198 177 207 207 177 176 207 176 206 206 176 175 206 175 205 205 175 174 205 174 204 204 174 173 204 173 203 203 173 172 203 172 202 202 172 171 202 171 201 201 171 170 201 170 200 200 170 169 200 169 199 199 169 168 224 208 225 225 208 209 225 209 210 210 211 225 225 211 226 225 226 223 223 226 222 222 226 227 222 227 221 221 227 228 221 228 220 220 228 229 220 229 219 219 229 217 219 217 218 211 212 226 226 212 227 212 213 227 227 213 214 227 214 228 228 214 215 228 215 229 229 215 216 229 216 217 223 224 225 230 231 209 209 231 210 210 231 232 210 232 211 211 232 233 211 233 212 212 233 234 212 234 213 213 234 235 213 235 214 214 235 236 214 236 215 215 236 237 215 237 216 216 237 238 216 238 217 217 238 239 217 239 218 240 241 256 256 241 261 256 261 255 255 261 266 255 266 254 254 266 271 254 271 253 253 271 276 253 276 252 252 276 281 252 281 219 219 281 220 220 281 280 220 280 221 221 280 279 221 279 222 222 279 278 222 278 223 223 278 277 223 277 224 224 277 251 224 251 208 241 242 261 261 242 260 261 260 266 266 260 265 266 265 271 271 265 270 271 270 276 276 270 275 276 275 281 281 275 280 242 243 260 260 243 259 260 259 265 265 259 264 265 264 270 270 264 269 270 269 275 275 269 274 275 274 280 280 274 279 243 244 259 259 244 258 259 258 264 264 258 263 264 263 269 269 263 268 269 268 274 274 268 273 274 273 279 279 273 278 244 245 258 258 245 257 258 257 263 263 257 262 263 262 268 268 262 267 268 267 273 273 267 272 273 272 278 278 272 277 245 246 257 257 246 247 257 247 262 262 247 248 262 248 267 267 248 249 267 249 272 272 249 250 272 250 277 277 250 251 241 240 292 292 240 282 292 282 283 283 284 292 292 284 285 292 285 293 293 285 286 293 286 294 294 286 287 294 287 288 294 288 295 295 288 289 295 289 296 296 289 290 296 290 246 246 290 291 246 245 296 296 245 295 245 244 295 295 244 294 244 243 294 294 243 293 243 242 293 293 242 292 242 241 292 230 198 231 231 198 298 231 298 232 232 298 297 232 297 233 233 297 299 233 299 234 234 299 235 235 299 300 235 300 236 236 300 301 236 301 237 237 301 238 238 301 200 238 200 239 239 200 199 198 207 298 298 207 206 298 206 297 297 206 205 297 205 299 299 205 204 299 204 203 299 203 300 300 203 202 300 202 301 301 202 201 301 201 200 282 183 283 283 183 192 283 192 284 284 192 191 284 191 285 285 191 190 285 190 286 286 190 189 286 189 287 287 189 188 287 188 288 288 188 187 288 187 289 289 187 186 289 186 290 290 186 185 290 185 291 291 185 184 302 303 318 318 303 323 318 323 317 317 323 328 317 328 316 316 328 333 316 333 315 315 333 338 315 338 314 314 338 343 314 343 73 73 343 74 74 343 342 74 342 75 75 342 341 75 341 76 76 341 340 76 340 77 77 340 339 77 339 78 78 339 313 78 313 62 303 304 323 323 304 322 323 322 328 328 322 327 328 327 333 333 327 332 333 332 338 338 332 337 338 337 343 343 337 342 304 305 322 322 305 321 322 321 327 327 321 326 327 326 332 332 326 331 332 331 337 337 331 336 337 336 342 342 336 341 305 306 321 321 306 320 321 320 326 326 320 325 326 325 331 331 325 330 331 330 336 336 330 335 336 335 341 341 335 340 306 307 320 320 307 319 320 319 325 325 319 324 325 324 330 330 324 329 330 329 335 335 329 334 335 334 340 340 334 339 307 308 319 319 308 309 319 309 324 324 309 310 324 310 329 329 310 311 329 311 334 334 311 312 334 312 339 339 312 313 303 302 344 344 302 42 344 42 61 61 60 344 344 60 59 344 59 345 345 59 58 345 58 346 346 58 57 346 57 56 346 56 347 347 56 55 347 55 348 348 55 54 348 54 308 308 54 53 308 307 348 348 307 347 307 306 347 347 306 346 306 305 346 346 305 345 305 304 345 345 304 344 304 303 344 85 349 86 86 349 360 86 360 87 87 360 359 87 359 88 88 359 361 88 361 89 89 361 90 90 361 362 90 362 91 91 362 363 91 363 92 92 363 93 93 363 357 93 357 94 94 357 358 349 350 360 360 350 351 360 351 359 359 351 352 359 352 361 361 352 353 361 353 354 361 354 362 362 354 355 362 355 363 363 355 356 363 356 357 349 30 350 350 30 29 350 29 351 351 29 28 351 28 352 352 28 27 352 27 353 353 27 26 353 26 354 354 26 25 354 25 355 355 25 24 355 24 356 356 24 23 356 23 357 357 23 22 357 22 358 358 22 21 43 364 44 44 364 365 44 365 45 45 365 366 45 366 367 45 367 46 46 367 368 46 368 47 47 368 48 48 368 369 48 369 49 49 369 370 49 370 371 49 371 50 50 371 372 50 372 51 51 372 52 52 372 373 374 375 390 390 375 395 390 395 389 389 395 400 389 400 388 388 400 405 388 405 387 387 405 410 387 410 386 386 410 415 386 415 31 31 415 32 32 415 414 32 414 33 33 414 413 33 413 34 34 413 412 34 412 35 35 412 411 35 411 36 36 411 385 36 385 20 375 376 395 395 376 394 395 394 400 400 394 399 400 399 405 405 399 404 405 404 410 410 404 409 410 409 415 415 409 414 376 377 394 394 377 393 394 393 399 399 393 398 399 398 404 404 398 403 404 403 409 409 403 408 409 408 414 414 408 413 377 378 393 393 378 392 393 392 398 398 392 397 398 397 403 403 397 402 403 402 408 408 402 407 408 407 413 413 407 412 378 379 392 392 379 391 392 391 397 397 391 396 397 396 402 402 396 401 402 401 407 407 401 406 407 406 412 412 406 411 379 380 391 391 380 381 391 381 396 396 381 382 396 382 401 401 382 383 401 383 406 406 383 384 406 384 411 411 384 385 375 374 426 426 374 416 426 416 417 417 418 426 426 418 427 426 427 376 376 427 377 377 427 428 377 428 378 378 428 429 378 429 379 379 429 430 379 430 380 380 430 424 380 424 425 418 419 427 427 419 428 419 420 428 428 420 421 428 421 429 429 421 422 429 422 430 430 422 423 430 423 424 376 375 426 431 432 364 364 432 365 365 432 433 365 433 366 366 433 434 366 434 367 367 434 435 367 435 368 368 435 436 368 436 369 369 436 437 369 437 370 370 437 438 370 438 371 371 438 439 371 439 372 372 439 440 372 440 373 441 442 416 416 442 417 417 442 443 417 443 418 418 443 444 418 444 419 419 444 445 419 445 420 420 445 446 420 446 421 421 446 447 421 447 422 422 447 448 422 448 423 423 448 449 423 449 424 424 449 450 424 450 425 431 10 432 432 10 451 432 451 433 433 451 434 434 451 452 434 452 435 435 452 453 435 453 436 436 453 437 437 453 454 437 454 438 438 454 455 438 455 439 439 455 440 440 455 2 440 2 1 10 9 451 451 9 8 451 8 7 451 7 452 452 7 6 452 6 453 453 6 5 453 5 4 453 4 454 454 4 3 454 3 455 455 3 2 441 0 442 442 0 19 442 19 18 442 18 443 443 18 17 443 17 444 444 17 445 445 17 16 445 16 446 446 16 15 446 15 14 446 14 447 447 14 13 447 13 448 448 13 449 449 13 12 449 12 450 450 12 11 425 450 457 457 450 456 380 425 458 458 425 457 464 20 463 463 20 385 463 385 462 462 385 384 462 384 461 461 384 383 461 383 460 460 383 382 460 382 459 459 382 381 459 381 458 458 381 380 21 20 465 465 20 464 358 21 466 466 21 465 94 358 467 467 358 466 95 94 468 468 94 467 115 95 469 469 95 468 475 126 474 474 126 142 474 142 473 473 142 141 473 141 472 472 141 140 472 140 471 471 140 139 471 139 470 470 139 138 470 138 469 469 138 115 168 126 476 476 126 475 199 168 477 477 168 476 239 199 478 478 199 477 218 239 479 479 239 478 219 218 480 480 218 479 209 208 230 230 208 184 230 184 349 349 184 105 349 105 373 373 105 52 52 105 308 52 308 53 184 208 246 246 208 251 246 251 250 250 249 246 246 249 248 246 248 247 246 291 184 63 62 105 105 62 308 62 313 308 308 313 312 308 312 311 311 310 308 308 310 309 440 1 373 373 1 0 373 0 349 349 0 441 349 441 31 31 441 374 31 374 386 386 374 387 387 374 388 388 374 389 389 374 390 441 416 374 31 30 349 349 85 230 230 85 198 198 85 114 198 114 132 132 114 133 133 114 134 134 114 135 135 114 136 136 114 137 85 84 114 132 177 198 364 481 431 431 481 482 10 483 11 11 483 484 10 431 483 483 431 482 478 576 479 479 576 577 479 577 578 477 510 478 478 510 511 478 511 512 476 564 477 477 564 565 477 565 566 475 562 476 476 562 563 476 563 564 474 559 475 475 559 560 475 560 561 559 474 558 558 474 473 558 473 472 472 471 558 558 471 470 558 470 469 468 554 469 469 554 555 469 555 556 467 552 468 468 552 553 468 553 554 466 504 467 467 504 505 467 505 506 465 612 466 466 612 613 466 613 614 464 610 465 465 610 611 465 611 612 463 606 464 464 606 607 464 607 608 463 462 606 606 462 461 606 461 460 460 459 606 606 459 458 606 458 605 605 458 604 604 458 603 603 458 602 602 458 457 602 457 601 601 457 600 600 457 456 600 456 623 623 456 622 622 456 621 621 456 620 620 456 484 620 484 524 524 484 523 523 484 522 522 484 481 522 481 521 521 481 520 520 481 544 520 544 545 483 482 484 484 482 481 481 485 544 544 485 543 543 485 542 542 485 541 541 485 540 540 485 486 540 486 539 539 486 538 538 486 487 538 487 537 537 487 536 536 487 535 535 487 534 534 487 488 534 488 489 489 490 534 534 490 491 534 491 492 534 492 533 533 492 493 533 493 532 532 493 531 531 493 530 530 493 494 530 494 529 529 494 528 528 494 495 528 495 551 551 495 550 550 495 549 549 495 548 548 495 518 548 518 547 547 518 519 547 519 546 546 519 545 545 519 520 496 516 495 495 516 517 495 517 518 497 588 496 496 588 589 496 589 590 498 586 497 497 586 587 497 587 588 499 582 498 498 582 583 498 583 584 499 500 582 582 500 501 582 501 502 502 503 582 582 503 480 582 480 581 581 480 580 580 480 579 579 480 578 578 480 479 507 571 506 506 571 572 506 572 467 467 572 573 467 573 574 508 569 507 507 569 570 507 570 571 509 477 508 508 477 568 508 568 569 509 510 477 513 595 512 512 595 596 512 596 478 478 596 597 478 597 598 514 593 513 513 593 594 513 594 595 515 496 514 514 496 592 514 592 593 515 516 496 620 524 619 619 524 525 619 525 618 618 525 617 617 525 526 617 526 616 616 526 466 616 466 615 615 466 614 526 527 466 466 527 504 556 557 469 469 557 558 561 562 475 566 567 477 477 567 568 574 575 467 467 575 552 584 585 498 498 585 586 590 591 496 496 591 592 598 599 478 478 599 576 608 609 464 464 609 610 104 183 495 495 183 496 183 282 496 496 282 497 72 104 494 494 104 495 450 11 456 456 11 484 43 42 485 485 42 486 282 240 497 497 240 498 42 302 486 486 302 487 625 601 624 624 601 600 624 600 647 647 600 623 647 623 646 646 623 622 646 622 645 645 622 621 645 621 644 644 621 620 644 620 643 643 620 619 643 619 642 642 619 618 642 618 641 641 618 617 641 617 640 640 617 616 640 616 639 639 616 615 639 615 638 638 615 614 638 614 637 637 614 613 637 613 636 636 613 612 636 612 635 635 612 611 635 611 634 634 611 610 634 610 633 633 610 609 633 609 632 632 609 608 632 608 631 631 608 607 631 607 630 630 607 606 630 606 629 629 606 605 629 605 628 628 605 604 628 604 627 627 604 603 627 603 626 626 603 602 626 602 625 625 602 601 647 631 624 624 631 630 624 630 625 625 630 629 625 629 626 626 629 628 626 628 627 631 647 632 632 647 646 632 646 633 633 646 645 633 645 634 634 645 644 634 644 635 635 644 643 635 643 636 636 643 642 636 642 637 637 642 641 637 641 638 638 641 640 638 640 639 649 577 648 648 577 576 648 576 671 671 576 599 671 599 670 670 599 598 670 598 669 669 598 597 669 597 668 668 597 596 668 596 667 667 596 595 667 595 666 666 595 594 666 594 665 665 594 593 665 593 664 664 593 592 664 592 663 663 592 591 663 591 662 662 591 590 662 590 661 661 590 589 661 589 660 660 589 588 660 588 659 659 588 587 659 587 658 658 587 586 658 586 657 657 586 585 657 585 656 656 585 584 656 584 655 655 584 583 655 583 654 654 583 582 654 582 653 653 582 581 653 581 652 652 581 580 652 580 651 651 580 579 651 579 650 650 579 578 650 578 649 649 578 577 671 655 648 648 655 654 648 654 649 649 654 653 649 653 650 650 653 652 650 652 651 655 671 656 656 671 670 656 670 657 657 670 669 657 669 658 658 669 668 658 668 659 659 668 667 659 667 660 660 667 666 660 666 661 661 666 665 661 665 662 662 665 664 662 664 663 673 529 672 672 529 528 672 528 695 695 528 551 695 551 694 694 551 550 694 550 693 693 550 549 693 549 692 692 549 548 692 548 691 691 548 547 691 547 690 690 547 546 690 546 689 689 546 545 689 545 688 688 545 544 688 544 687 687 544 543 687 543 686 686 543 542 686 542 685 685 542 541 685 541 684 684 541 540 684 540 683 683 540 539 683 539 682 682 539 538 682 538 681 681 538 537 681 537 680 680 537 536 680 536 679 679 536 535 679 535 678 678 535 534 678 534 677 677 534 533 677 533 676 676 533 532 676 532 675 675 532 531 675 531 674 674 531 530 674 530 673 673 530 529 695 691 672 672 691 690 672 690 673 673 690 689 673 689 674 674 689 688 674 688 675 675 688 687 675 687 676 676 687 686 676 686 677 677 686 685 677 685 678 678 685 684 678 684 679 679 684 683 679 683 680 680 683 682 680 682 681 691 695 692 692 695 694 692 694 693 697 553 696 696 553 552 696 552 719 719 552 575 719 575 718 718 575 574 718 574 717 717 574 573 717 573 716 716 573 572 716 572 715 715 572 571 715 571 714 714 571 570 714 570 713 713 570 569 713 569 712 712 569 568 712 568 711 711 568 567 711 567 710 710 567 566 710 566 709 709 566 565 709 565 708 708 565 564 708 564 707 707 564 563 707 563 706 706 563 562 706 562 705 705 562 561 705 561 704 704 561 560 704 560 703 703 560 559 703 559 702 702 559 558 702 558 701 701 558 557 701 557 700 700 557 556 700 556 699 699 556 555 699 555 698 698 555 554 698 554 697 697 554 553 719 715 696 696 715 714 696 714 697 697 714 713 697 713 698 698 713 712 698 712 699 699 712 711 699 711 700 700 711 710 700 710 701 701 710 709 701 709 702 702 709 708 702 708 703 703 708 707 703 707 704 704 707 706 704 706 705 715 719 716 716 719 718 716 718 717 364 43 481 481 43 485 721 505 720 720 505 504 720 504 743 743 504 527 743 527 742 742 527 526 742 526 741 741 526 525 741 525 740 740 525 524 740 524 739 739 524 523 739 523 738 738 523 522 738 522 737 737 522 521 737 521 736 736 521 520 736 520 735 735 520 519 735 519 734 734 519 518 734 518 733 733 518 517 733 517 732 732 517 516 732 516 731 731 516 515 731 515 730 730 515 514 730 514 729 729 514 513 729 513 728 728 513 512 728 512 727 727 512 511 727 511 726 726 511 510 726 510 725 725 510 509 725 509 724 724 509 508 724 508 723 723 508 507 723 507 722 722 507 506 722 506 721 721 506 505 743 733 720 720 733 732 720 732 721 721 732 731 721 731 722 722 731 730 722 730 723 723 730 729 723 729 724 724 729 728 724 728 725 725 728 727 725 727 726 733 743 734 734 743 742 734 742 735 735 742 741 735 741 736 736 741 740 736 740 737 737 740 739 737 739 738 487 302 488 488 302 318 488 318 489 489 318 317 489 317 490 490 317 316 490 316 491 491 316 315 491 315 492 492 315 314 492 314 493 493 314 73 73 72 493 493 72 494 498 240 499 499 240 256 499 256 500 500 256 255 500 255 501 501 255 254 501 254 502 502 254 253 502 253 503 503 253 252 503 252 480 480 252 219</p>
        </triangles>
      </mesh>
    </geometry>
    <geometry id="geometry_6fed35e0_17ae_423d_ad4b_a10e29853e01">
      <mesh>
        <source id="pos_4">
          <float_array id="pos_4-array" count="1002">-550.138432 991.900032 56.228492 -550.138432 991.900032 63.902592 -545.838464 991.900032 63.902592 -545.838464 991.900032 56.228492 -550.138432 995.099968 56.228492 -545.838464 995.099968 56.228492 -550.138432 995.099968 63.902592 -545.838464 995.099968 63.902592 -550.138432 995 40.328492 -550.138432 994.965952 40.069676 -550.138432 994.866048 39.828492 -550.138432 994.707072 39.621388 -550.138432 994.499968 39.462468 -550.138432 994.25888 39.362568 -550.138432 994 39.328492 -550.138432 978 39.328492 -550.138432 978 49.328492 -550.138432 986 49.328492 -550.138432 986 70.802544 -550.138432 978 70.802544 -550.138432 978 80.802544 -550.138432 994 80.802544 -550.138432 994.25888 80.768472 -550.138432 994.499968 80.66856 -550.138432 994.707072 80.509648 -550.138432 994.866048 80.302544 -550.138432 994.965952 80.06136 -550.138432 995 79.802544 -550.138432 995 65.802588 -550.138432 996.535808 65.802588 -550.138432 996.535808 54.328492 -550.138432 995 54.328492 -530.138432 991.900032 63.902592 -530.138432 991.900032 56.228492 -534.4384 991.900032 56.228492 -534.4384 991.900032 63.902592 -530.138432 995.099968 63.902592 -534.4384 995.099968 63.902592 -530.138432 995.099968 56.228492 -534.4384 995.099968 56.228492 -530.138432 994 39.328492 -530.138432 994.25888 39.362568 -530.138432 994.499968 39.462468 -530.138432 994.707072 39.621388 -530.138432 994.866048 39.828492 -530.138432 994.965952 40.069676 -530.138432 995 40.328492 -530.138432 995 54.328492 -530.138432 996.535808 54.328492 -530.138432 996.535808 65.802588 -530.138432 995 65.802588 -530.138432 995 79.802544 -530.138432 994.965952 80.06136 -530.138432 994.866048 80.302544 -530.138432 994.707072 80.509648 -530.138432 994.499968 80.66856 -530.138432 994.25888 80.768472 -530.138432 994 80.802544 -530.138432 978 80.802544 -530.138432 978 70.802544 -530.138432 986 70.802544 -530.138432 986 49.328492 -530.138432 978 49.328492 -530.138432 978 39.328492 -535.138432 994.965952 40.069676 -540.138432 994.965952 40.069676 -545.138432 994.965952 40.069676 -535.138432 994.866048 39.828492 -540.138432 994.866048 39.828492 -545.138432 994.866048 39.828492 -535.138432 994.707072 39.621388 -540.138432 994.707072 39.621388 -545.138432 994.707072 39.621388 -535.138432 994.499968 39.462468 -540.138432 994.499968 39.462468 -545.138432 994.499968 39.462468 -535.138432 994.25888 39.362568 -540.138432 994.25888 39.362568 -545.138432 994.25888 39.362568 -535.138432 994.25888 80.768472 -540.138432 994.25888 80.768472 -545.138432 994.25888 80.768472 -535.138432 994.499968 80.66856 -540.138432 994.499968 80.66856 -545.138432 994.499968 80.66856 -535.138432 994.707072 80.509648 -540.138432 994.707072 80.509648 -545.138432 994.707072 80.509648 -535.138432 994.866048 80.302544 -540.138432 994.866048 80.302544 -545.138432 994.866048 80.302544 -535.138432 994.965952 80.06136 -540.138432 994.965952 80.06136 -545.138432 994.965952 80.06136 -540.125888 995 73.07756 -539.420672 995 73.170408 -538.763456 995 73.442632 -538.19904 995 73.875696 -537.766016 995 74.440056 -537.49376 995 75.097272 -537.400896 995 75.80256 -537.49376 995 76.50784 -537.766016 995 77.165056 -538.19904 995 77.729424 -538.763456 995 78.162472 -539.420672 995 78.434704 -540.125888 995 78.52756 -540.831168 995 78.434704 -541.488384 995 78.162472 -542.0528 995 77.729424 -542.485824 995 77.165056 -542.75808 995 76.50784 -542.85088 995 75.80256 -542.75808 995 75.097272 -542.485824 995 74.440056 -542.0528 995 73.875696 -541.488384 995 73.442632 -540.831168 995 73.170408 -540.138432 995 41.603492 -540.843776 995 41.696348 -541.500928 995 41.968576 -542.06528 995 42.401628 -542.498368 995 42.965992 -542.77056 995 43.623212 -542.863488 995 44.328492 -542.77056 995 45.033776 -542.498368 995 45.690996 -542.06528 995 46.25536 -541.500928 995 46.688412 -540.843776 995 46.96064 -540.138432 995 47.053492 -539.433152 995 46.96064 -538.775936 995 46.688412 -538.21152 995 46.25536 -537.778496 995 45.690996 -537.506304 995 45.033776 -537.41344 995 44.328492 -537.506304 995 43.623212 -537.778496 995 42.965992 -538.21152 995 42.401628 -538.775936 995 41.968576 -539.433152 995 41.696348 -540.138432 978 41.603492 -539.433152 978 41.696348 -538.775936 978 41.968576 -538.21152 978 42.401628 -537.778496 978 42.965992 -537.506304 978 43.623212 -537.41344 978 44.328492 -537.506304 978 45.033776 -537.778496 978 45.690996 -538.21152 978 46.25536 -538.775936 978 46.688412 -539.433152 978 46.96064 -540.138432 978 47.053492 -540.843776 978 46.96064 -541.500928 978 46.688412 -542.06528 978 46.25536 -542.498368 978 45.690996 -542.77056 978 45.033776 -542.863488 978 44.328492 -542.77056 978 43.623212 -542.498368 978 42.965992 -542.06528 978 42.401628 -541.500928 978 41.968576 -540.843776 978 41.696348 -540.138432 986.499968 41.603492 -540.843776 986.499968 41.696348 -541.500928 986.499968 41.968576 -542.06528 986.499968 42.401628 -542.498368 986.499968 42.965992 -542.77056 986.499968 43.623212 -542.863488 986.499968 44.328492 -542.77056 986.499968 45.033776 -542.498368 986.499968 45.690996 -542.06528 986.499968 46.25536 -541.500928 986.499968 46.688412 -540.843776 986.499968 46.96064 -540.138432 986.499968 47.053492 -539.433152 986.499968 46.96064 -538.775936 986.499968 46.688412 -538.21152 986.499968 46.25536 -537.778496 986.499968 45.690996 -537.506304 986.499968 45.033776 -537.41344 986.499968 44.328492 -537.506304 986.499968 43.623212 -537.778496 986.499968 42.965992 -538.21152 986.499968 42.401628 -538.775936 986.499968 41.968576 -539.433152 986.499968 41.696348 -540.125888 978 73.07756 -540.831168 978 73.170408 -541.488384 978 73.442632 -542.0528 978 73.875696 -542.485824 978 74.440056 -542.75808 978 75.097272 -542.85088 978 75.80256 -542.75808 978 76.50784 -542.485824 978 77.165056 -542.0528 978 77.729424 -541.488384 978 78.162472 -540.831168 978 78.434704 -540.125888 978 78.52756 -539.420672 978 78.434704 -538.763456 978 78.162472 -538.19904 978 77.729424 -537.766016 978 77.165056 -537.49376 978 76.50784 -537.400896 978 75.80256 -537.49376 978 75.097272 -537.766016 978 74.440056 -538.19904 978 73.875696 -538.763456 978 73.442632 -539.420672 978 73.170408 -540.138432 986 66.065512 -538.585536 986 65.861068 -537.138432 986 65.261672 -535.895808 986 64.30816 -534.942272 986 63.065516 -534.34288 986 61.618432 -534.138432 986 60.065516 -534.34288 986 58.512604 -534.942272 986 57.065516 -535.895808 986 55.822876 -537.138432 986 54.869364 -538.585536 986 54.269964 -540.138432 986 54.065516 -541.691328 986 54.269964 -543.138432 986 54.869364 -544.38112 986 55.822876 -545.334592 986 57.065516 -545.934016 986 58.512604 -546.138432 986 60.065516 -545.934016 986 61.618432 -545.334592 986 63.065516 -544.38112 986 64.30816 -543.138432 986 65.261672 -541.691328 986 65.861068 -540.138432 991 57.565516 -540.785472 991 57.650704 -541.388416 991 57.900456 -541.906176 991 58.297748 -542.303552 991 58.815516 -542.55328 991 59.418468 -542.6384 991 60.065516 -542.55328 991 60.712568 -542.303552 991 61.315516 -541.906176 991 61.833284 -541.388416 991 62.23058 -540.785472 991 62.480332 -540.138432 991 62.565516 -539.491392 991 62.480332 -538.888448 991 62.23058 -538.370688 991 61.833284 -537.973376 991 61.315516 -537.723648 991 60.712568 -537.6384 991 60.065516 -537.723648 991 59.418468 -537.973376 991 58.815516 -538.370688 991 58.297748 -538.888448 991 57.900456 -539.491392 991 57.650704 -546.138432 991 60.065516 -545.934016 991 58.512604 -545.334592 991 57.065516 -544.38112 991 55.822876 -543.138432 991 54.869364 -541.691328 991 54.269964 -540.138432 991 54.065516 -538.585536 991 54.269964 -537.138432 991 54.869364 -535.895808 991 55.822876 -534.942272 991 57.065516 -534.34288 991 58.512604 -534.138432 991 60.065516 -534.34288 991 61.618432 -534.942272 991 63.065516 -535.895808 991 64.30816 -537.138432 991 65.261672 -538.585536 991 65.861068 -540.138432 991 66.065512 -541.691328 991 65.861068 -543.138432 991 65.261672 -544.38112 991 64.30816 -545.334592 991 63.065516 -545.934016 991 61.618432 -540.138432 996.535808 57.565516 -539.491392 996.535808 57.650704 -538.888448 996.535808 57.900456 -538.370688 996.535808 58.297748 -537.973376 996.535808 58.815516 -537.723648 996.535808 59.418468 -537.6384 996.535808 60.065516 -537.723648 996.535808 60.712568 -537.973376 996.535808 61.315516 -538.370688 996.535808 61.833284 -538.888448 996.535808 62.23058 -539.491392 996.535808 62.480332 -540.138432 996.535808 62.565516 -540.785472 996.535808 62.480332 -541.388416 996.535808 62.23058 -541.906176 996.535808 61.833284 -542.303552 996.535808 61.315516 -542.55328 996.535808 60.712568 -542.6384 996.535808 60.065516 -542.55328 996.535808 59.418468 -542.303552 996.535808 58.815516 -541.906176 996.535808 58.297748 -541.388416 996.535808 57.900456 -540.785472 996.535808 57.650704 -540.125888 986.499968 73.07756 -540.831168 986.499968 73.170408 -541.488384 986.499968 73.442632 -542.0528 986.499968 73.875696 -542.485824 986.499968 74.440056 -542.75808 986.499968 75.097272 -542.85088 986.499968 75.80256 -542.75808 986.499968 76.50784 -542.485824 986.499968 77.165056 -542.0528 986.499968 77.729424 -541.488384 986.499968 78.162472 -540.831168 986.499968 78.434704 -540.125888 986.499968 78.52756 -539.420672 986.499968 78.434704 -538.763456 986.499968 78.162472 -538.19904 986.499968 77.729424 -537.766016 986.499968 77.165056 -537.49376 986.499968 76.50784 -537.400896 986.499968 75.80256 -537.49376 986.499968 75.097272 -537.766016 986.499968 74.440056 -538.19904 986.499968 73.875696 -538.763456 986.499968 73.442632 -539.420672 986.499968 73.170408</float_array>
          <technique_common>
            <accessor source="#pos_4-array" count="1002" stride="3">
              <param name="X" type="float"/>
              <param name="Y" type="float"/>
              <param name="Z" type="float"/>
            </accessor>
          </technique_common>
        </source>
        <vertices id="vert_4">
          <input semantic="POSITION" source="#pos_4"/>
        </vertices>
        <triangles count="676" material="mat_16">
          <input semantic="VERTEX" source="#vert_4" offset="0"/>
          <p>0 1 3 3 1 2 4 0 5 5 0 3 6 4 7 7 4 5 1 6 2 2 6 7 2 7 3 3 7 5 0 18 1 1 18 21 1 21 28 28 21 27 27 21 22 27 22 23 4 31 0 0 31 14 0 14 17 17 14 15 17 15 16 6 29 4 4 29 30 4 30 31 29 6 28 28 6 1 9 10 8 8 10 11 8 11 12 12 13 8 8 13 14 8 14 31 17 18 0 19 20 18 18 20 21 23 24 27 27 24 25 27 25 26 32 33 35 35 33 34 36 32 37 37 32 35 38 36 39 39 36 37 33 38 34 34 38 39 34 39 35 35 39 37 32 60 33 33 60 61 33 61 40 40 61 63 63 61 62 36 50 32 32 50 57 32 57 60 60 57 58 60 58 59 50 36 49 49 36 38 49 38 48 48 38 47 47 38 33 47 33 40 47 40 46 46 40 41 46 41 42 42 43 46 46 43 44 46 44 45 50 51 57 57 51 56 56 51 55 55 51 54 54 51 53 53 51 52 45 64 46 46 64 65 46 65 8 8 65 66 8 66 9 9 66 10 10 66 69 10 69 11 11 69 72 11 72 12 12 72 75 12 75 13 13 75 78 13 78 14 14 78 77 14 77 40 40 77 76 40 76 41 41 76 42 42 76 73 42 73 43 43 73 70 43 70 44 44 70 67 44 67 45 45 67 64 69 66 65 65 64 68 68 64 67 68 67 71 71 67 70 71 70 74 74 70 73 74 73 77 77 73 76 72 69 68 68 69 65 72 68 71 75 72 71 75 71 74 78 75 74 78 74 77 40 63 14 14 63 15 56 79 57 57 79 80 57 80 21 21 80 81 21 81 22 22 81 23 23 81 84 23 84 24 24 84 87 24 87 25 25 87 90 25 90 26 26 90 93 26 93 27 27 93 92 27 92 51 51 92 91 51 91 52 52 91 53 53 91 88 53 88 54 54 88 85 54 85 55 55 85 82 55 82 56 56 82 79 84 81 80 80 79 83 83 79 82 83 82 86 86 82 85 86 85 89 89 85 88 89 88 92 92 88 91 87 84 83 83 84 80 87 83 86 90 87 86 90 86 89 93 90 89 93 89 92 95 50 94 94 50 28 94 28 117 117 28 116 116 28 115 115 28 114 114 28 113 113 28 27 113 27 112 112 27 111 111 27 110 110 27 109 109 27 108 108 27 107 107 27 106 106 27 51 106 51 105 105 51 104 104 51 103 103 51 102 102 51 101 101 51 100 100 51 99 99 51 50 99 50 98 98 50 97 97 50 96 96 50 95 119 167 118 118 167 166 118 166 141 141 166 189 141 189 140 140 189 188 140 188 139 139 188 187 139 187 138 138 187 186 138 186 137 137 186 185 137 185 136 136 185 184 136 184 135 135 184 183 135 183 134 134 183 182 134 182 133 133 182 181 133 181 132 132 181 180 132 180 131 131 180 179 131 179 130 130 179 178 130 178 129 129 178 177 129 177 128 128 177 176 128 176 127 127 176 175 127 175 126 126 175 174 126 174 125 125 174 173 125 173 124 124 173 172 124 172 123 123 172 171 123 171 122 122 171 170 122 170 121 121 170 169 121 169 120 120 169 168 120 168 119 119 168 167 143 189 142 142 189 166 142 166 165 165 166 167 165 167 164 164 167 168 164 168 163 163 168 169 163 169 162 162 169 170 162 170 161 161 170 171 161 171 160 160 171 172 160 172 159 159 172 173 159 173 158 158 173 174 158 174 157 157 174 175 157 175 156 156 175 176 156 176 155 155 176 177 155 177 154 154 177 178 154 178 153 153 178 179 153 179 152 152 179 180 152 180 151 151 180 181 151 181 150 150 181 182 150 182 149 149 182 183 149 183 148 148 183 184 148 184 147 147 184 185 147 185 146 146 185 186 146 186 145 145 186 187 145 187 144 144 187 188 144 188 143 143 188 189 8 118 46 46 118 141 46 141 140 31 125 8 8 125 124 8 124 123 47 130 31 31 130 129 31 129 128 46 135 47 47 135 134 47 134 133 140 139 46 46 139 138 46 138 137 137 136 46 46 136 135 133 132 47 47 132 131 47 131 130 128 127 31 31 127 126 31 126 125 123 122 8 8 122 121 8 121 120 120 119 8 8 119 118 165 15 142 142 15 63 142 63 143 143 63 144 144 63 145 145 63 146 146 63 147 147 63 148 148 63 62 148 62 149 149 62 150 150 62 151 151 62 152 152 62 153 153 62 154 154 62 16 154 16 155 155 16 156 156 16 157 157 16 158 158 16 159 159 16 160 160 16 15 160 15 161 161 15 162 162 15 163 163 15 164 164 15 165 191 19 190 190 19 59 190 59 213 213 59 212 212 59 211 211 59 210 210 59 209 209 59 208 208 59 58 208 58 207 207 58 206 206 58 205 205 58 204 204 58 203 203 58 202 202 58 20 202 20 201 201 20 200 200 20 199 199 20 198 198 20 197 197 20 196 196 20 19 196 19 195 195 19 194 194 19 193 193 19 192 192 19 191 59 19 60 60 19 18 60 220 61 61 220 221 61 221 222 18 214 60 60 214 215 60 215 216 17 232 18 18 232 233 18 233 234 61 226 17 17 226 227 17 227 228 216 217 60 60 217 218 60 218 219 219 220 60 222 223 61 61 223 224 61 224 225 225 226 61 228 229 17 17 229 230 17 230 231 231 232 17 234 235 18 18 235 236 18 236 237 237 214 18 239 267 238 238 267 268 238 268 261 261 268 269 261 269 260 260 269 270 260 270 259 259 270 271 259 271 258 258 271 272 258 272 257 257 272 273 257 273 256 256 273 274 256 274 275 239 240 267 267 240 266 266 240 241 266 241 265 265 241 242 265 242 264 264 242 243 264 243 263 263 243 244 263 244 262 262 244 285 285 244 245 285 245 284 284 245 246 284 246 283 283 246 247 283 247 282 282 247 248 282 248 281 281 248 249 281 249 280 280 249 250 280 250 251 280 251 279 279 251 252 279 252 278 278 252 253 278 253 277 277 253 254 277 254 276 276 254 255 276 255 275 275 255 256 48 47 30 30 47 31 287 48 286 286 48 30 286 30 309 309 30 308 308 30 307 307 30 306 306 30 305 305 30 304 304 30 29 304 29 303 303 29 302 302 29 301 301 29 300 300 29 299 299 29 298 298 29 49 298 49 297 297 49 296 296 49 295 295 49 294 294 49 293 293 49 292 292 49 48 292 48 291 291 48 290 290 48 289 289 48 288 288 48 287 50 49 28 28 49 29 16 62 17 17 62 61 261 287 238 238 287 286 238 286 239 239 286 309 239 309 240 240 309 308 240 308 241 241 308 307 241 307 242 242 307 306 242 306 243 243 306 305 243 305 244 244 305 304 244 304 245 245 304 303 245 303 246 246 303 302 246 302 247 247 302 301 247 301 248 248 301 300 248 300 249 249 300 299 249 299 250 250 299 298 250 298 251 251 298 297 251 297 252 252 297 296 252 296 253 253 296 295 253 295 254 254 295 294 254 294 255 255 294 293 255 293 256 256 293 292 256 292 257 257 292 291 257 291 258 258 291 290 258 290 259 259 290 289 259 289 260 260 289 288 260 288 261 261 288 287 237 281 214 214 281 280 214 280 215 215 280 279 215 279 216 216 279 278 216 278 217 217 278 277 217 277 218 218 277 276 218 276 219 219 276 275 219 275 220 220 275 274 220 274 221 221 274 273 221 273 222 222 273 272 222 272 223 223 272 271 223 271 224 224 271 270 224 270 225 225 270 269 225 269 226 226 269 268 226 268 227 227 268 267 227 267 228 228 267 266 228 266 229 229 266 265 229 265 230 230 265 264 230 264 231 231 264 263 231 263 232 232 263 262 232 262 233 233 262 285 233 285 234 234 285 284 234 284 235 235 284 283 235 283 236 236 283 282 236 282 237 237 282 281 21 20 57 57 20 58 117 311 94 94 311 310 94 310 95 95 310 333 95 333 96 96 333 332 96 332 97 97 332 331 97 331 98 98 331 330 98 330 99 99 330 329 99 329 100 100 329 328 100 328 101 101 328 327 101 327 102 102 327 326 102 326 103 103 326 325 103 325 104 104 325 324 104 324 105 105 324 323 105 323 106 106 323 322 106 322 107 107 322 321 107 321 108 108 321 320 108 320 109 109 320 319 109 319 110 110 319 318 110 318 111 111 318 317 111 317 112 112 317 316 112 316 113 113 316 315 113 315 114 114 315 314 114 314 115 115 314 313 115 313 116 116 313 312 116 312 117 117 312 311 213 333 190 190 333 310 190 310 191 191 310 311 191 311 192 192 311 312 192 312 193 193 312 313 193 313 194 194 313 314 194 314 195 195 314 315 195 315 196 196 315 316 196 316 197 197 316 317 197 317 198 198 317 318 198 318 199 199 318 319 199 319 200 200 319 320 200 320 201 201 320 321 201 321 202 202 321 322 202 322 203 203 322 323 203 323 204 204 323 324 204 324 205 205 324 325 205 325 206 206 325 326 206 326 207 207 326 327 207 327 208 208 327 328 208 328 209 209 328 329 209 329 210 210 329 330 210 330 211 211 330 331 211 331 212 212 331 332 212 332 213 213 332 333</p>
        </triangles>
      </mesh>
    </geometry>
    <geometry id="geometry_67fe35f0_5c98_44bb_a36d_085e9f3c2b4c">
      <mesh>
        <source id="pos_5">
          <float_array id="pos_5-array" count="1002">-340.138432 991.900032 56.228492 -340.138432 991.900032 63.902592 -335.838432 991.900032 63.902592 -335.838432 991.900032 56.228492 -340.138432 995.099968 56.228492 -335.838432 995.099968 56.228492 -340.138432 995.099968 63.902592 -335.838432 995.099968 63.902592 -340.138432 995 40.328492 -340.138432 994.965952 40.069676 -340.138432 994.866048 39.828492 -340.138432 994.707072 39.621388 -340.138432 994.499968 39.462468 -340.138432 994.25888 39.362568 -340.138432 994 39.328492 -340.138432 978 39.328492 -340.138432 978 49.328492 -340.138432 986 49.328492 -340.138432 986 70.802544 -340.138432 978 70.802544 -340.138432 978 80.802544 -340.138432 994 80.802544 -340.138432 994.25888 80.768472 -340.138432 994.499968 80.66856 -340.138432 994.707072 80.509648 -340.138432 994.866048 80.302544 -340.138432 994.965952 80.06136 -340.138432 995 79.802544 -340.138432 995 65.802588 -340.138432 996.535808 65.802588 -340.138432 996.535808 54.328492 -340.138432 995 54.328492 -320.138432 991.900032 63.902592 -320.138432 991.900032 56.228492 -324.438432 991.900032 56.228492 -324.438432 991.900032 63.902592 -320.138432 995.099968 63.902592 -324.438432 995.099968 63.902592 -320.138432 995.099968 56.228492 -324.438432 995.099968 56.228492 -320.138432 994 39.328492 -320.138432 994.25888 39.362568 -320.138432 994.499968 39.462468 -320.138432 994.707072 39.621388 -320.138432 994.866048 39.828492 -320.138432 994.965952 40.069676 -320.138432 995 40.328492 -320.138432 995 54.328492 -320.138432 996.535808 54.328492 -320.138432 996.535808 65.802588 -320.138432 995 65.802588 -320.138432 995 79.802544 -320.138432 994.965952 80.06136 -320.138432 994.866048 80.302544 -320.138432 994.707072 80.509648 -320.138432 994.499968 80.66856 -320.138432 994.25888 80.768472 -320.138432 994 80.802544 -320.138432 978 80.802544 -320.138432 978 70.802544 -320.138432 986 70.802544 -320.138432 986 49.328492 -320.138432 978 49.328492 -320.138432 978 39.328492 -325.138432 994.965952 40.069676 -330.138432 994.965952 40.069676 -335.138432 994.965952 40.069676 -325.138432 994.866048 39.828492 -330.138432 994.866048 39.828492 -335.138432 994.866048 39.828492 -325.138432 994.707072 39.621388 -330.138432 994.707072 39.621388 -335.138432 994.707072 39.621388 -325.138432 994.499968 39.462468 -330.138432 994.499968 39.462468 -335.138432 994.499968 39.462468 -325.138432 994.25888 39.362568 -330.138432 994.25888 39.362568 -335.138432 994.25888 39.362568 -325.138432 994.25888 80.768472 -330.138432 994.25888 80.768472 -335.138432 994.25888 80.768472 -325.138432 994.499968 80.66856 -330.138432 994.499968 80.66856 -335.138432 994.499968 80.66856 -325.138432 994.707072 80.509648 -330.138432 994.707072 80.509648 -335.138432 994.707072 80.509648 -325.138432 994.866048 80.302544 -330.138432 994.866048 80.302544 -335.138432 994.866048 80.302544 -325.138432 994.965952 80.06136 -330.138432 994.965952 80.06136 -335.138432 994.965952 80.06136 -330.12592 995 73.07756 -329.420608 995 73.170408 -328.763392 995 73.442632 -328.19904 995 73.875696 -327.765984 995 74.440056 -327.493728 995 75.097272 -327.400896 995 75.80256 -327.493728 995 76.50784 -327.765984 995 77.165056 -328.19904 995 77.729424 -328.763392 995 78.162472 -329.420608 995 78.434704 -330.12592 995 78.52756 -330.831168 995 78.434704 -331.488416 995 78.162472 -332.052768 995 77.729424 -332.485824 995 77.165056 -332.758048 995 76.50784 -332.85088 995 75.80256 -332.758048 995 75.097272 -332.485824 995 74.440056 -332.052768 995 73.875696 -331.488416 995 73.442632 -330.831168 995 73.170408 -330.138432 995 41.603492 -330.843712 995 41.696348 -331.50096 995 41.968576 -332.065312 995 42.401628 -332.498368 995 42.965992 -332.770592 995 43.623212 -332.863424 995 44.328492 -332.770592 995 45.033776 -332.498368 995 45.690996 -332.065312 995 46.25536 -331.50096 995 46.688412 -330.843712 995 46.96064 -330.138432 995 47.053492 -329.433152 995 46.96064 -328.775936 995 46.688412 -328.211584 995 46.25536 -327.778528 995 45.690996 -327.506272 995 45.033776 -327.41344 995 44.328492 -327.506272 995 43.623212 -327.778528 995 42.965992 -328.211584 995 42.401628 -328.775936 995 41.968576 -329.433152 995 41.696348 -330.138432 978 41.603492 -329.433152 978 41.696348 -328.775936 978 41.968576 -328.211584 978 42.401628 -327.778528 978 42.965992 -327.506272 978 43.623212 -327.41344 978 44.328492 -327.506272 978 45.033776 -327.778528 978 45.690996 -328.211584 978 46.25536 -328.775936 978 46.688412 -329.433152 978 46.96064 -330.138432 978 47.053492 -330.843712 978 46.96064 -331.50096 978 46.688412 -332.065312 978 46.25536 -332.498368 978 45.690996 -332.770592 978 45.033776 -332.863424 978 44.328492 -332.770592 978 43.623212 -332.498368 978 42.965992 -332.065312 978 42.401628 -331.50096 978 41.968576 -330.843712 978 41.696348 -330.138432 986.499968 41.603492 -330.843712 986.499968 41.696348 -331.50096 986.499968 41.968576 -332.065312 986.499968 42.401628 -332.498368 986.499968 42.965992 -332.770592 986.499968 43.623212 -332.863424 986.499968 44.328492 -332.770592 986.499968 45.033776 -332.498368 986.499968 45.690996 -332.065312 986.499968 46.25536 -331.50096 986.499968 46.688412 -330.843712 986.499968 46.96064 -330.138432 986.499968 47.053492 -329.433152 986.499968 46.96064 -328.775936 986.499968 46.688412 -328.211584 986.499968 46.25536 -327.778528 986.499968 45.690996 -327.506272 986.499968 45.033776 -327.41344 986.499968 44.328492 -327.506272 986.499968 43.623212 -327.778528 986.499968 42.965992 -328.211584 986.499968 42.401628 -328.775936 986.499968 41.968576 -329.433152 986.499968 41.696348 -330.12592 978 73.07756 -330.831168 978 73.170408 -331.488416 978 73.442632 -332.052768 978 73.875696 -332.485824 978 74.440056 -332.758048 978 75.097272 -332.85088 978 75.80256 -332.758048 978 76.50784 -332.485824 978 77.165056 -332.052768 978 77.729424 -331.488416 978 78.162472 -330.831168 978 78.434704 -330.12592 978 78.52756 -329.420608 978 78.434704 -328.763392 978 78.162472 -328.19904 978 77.729424 -327.765984 978 77.165056 -327.493728 978 76.50784 -327.400896 978 75.80256 -327.493728 978 75.097272 -327.765984 978 74.440056 -328.19904 978 73.875696 -328.763392 978 73.442632 -329.420608 978 73.170408 -330.138432 986 66.065512 -328.585536 986 65.861068 -327.138432 986 65.261672 -325.895808 986 64.30816 -324.942304 986 63.065516 -324.34288 986 61.618432 -324.138432 986 60.065516 -324.34288 986 58.512604 -324.942304 986 57.065516 -325.895808 986 55.822876 -327.138432 986 54.869364 -328.585536 986 54.269964 -330.138432 986 54.065516 -331.69136 986 54.269964 -333.138432 986 54.869364 -334.381088 986 55.822876 -335.334592 986 57.065516 -335.933984 986 58.512604 -336.138432 986 60.065516 -335.933984 986 61.618432 -335.334592 986 63.065516 -334.381088 986 64.30816 -333.138432 986 65.261672 -331.69136 986 65.861068 -330.138432 991 57.565516 -330.785504 991 57.650704 -331.388416 991 57.900456 -331.906208 991 58.297748 -332.303488 991 58.815516 -332.553248 991 59.418468 -332.638432 991 60.065516 -332.553248 991 60.712568 -332.303488 991 61.315516 -331.906208 991 61.833284 -331.388416 991 62.23058 -330.785504 991 62.480332 -330.138432 991 62.565516 -329.491392 991 62.480332 -328.888416 991 62.23058 -328.370656 991 61.833284 -327.973376 991 61.315516 -327.723648 991 60.712568 -327.638432 991 60.065516 -327.723648 991 59.418468 -327.973376 991 58.815516 -328.370656 991 58.297748 -328.888416 991 57.900456 -329.491392 991 57.650704 -336.138432 991 60.065516 -335.933984 991 58.512604 -335.334592 991 57.065516 -334.381088 991 55.822876 -333.138432 991 54.869364 -331.69136 991 54.269964 -330.138432 991 54.065516 -328.585536 991 54.269964 -327.138432 991 54.869364 -325.895808 991 55.822876 -324.942304 991 57.065516 -324.34288 991 58.512604 -324.138432 991 60.065516 -324.34288 991 61.618432 -324.942304 991 63.065516 -325.895808 991 64.30816 -327.138432 991 65.261672 -328.585536 991 65.861068 -330.138432 991 66.065512 -331.69136 991 65.861068 -333.138432 991 65.261672 -334.381088 991 64.30816 -335.334592 991 63.065516 -335.933984 991 61.618432 -330.138432 996.535808 57.565516 -329.491392 996.535808 57.650704 -328.888416 996.535808 57.900456 -328.370656 996.535808 58.297748 -327.973376 996.535808 58.815516 -327.723648 996.535808 59.418468 -327.638432 996.535808 60.065516 -327.723648 996.535808 60.712568 -327.973376 996.535808 61.315516 -328.370656 996.535808 61.833284 -328.888416 996.535808 62.23058 -329.491392 996.535808 62.480332 -330.138432 996.535808 62.565516 -330.785504 996.535808 62.480332 -331.388416 996.535808 62.23058 -331.906208 996.535808 61.833284 -332.303488 996.535808 61.315516 -332.553248 996.535808 60.712568 -332.638432 996.535808 60.065516 -332.553248 996.535808 59.418468 -332.303488 996.535808 58.815516 -331.906208 996.535808 58.297748 -331.388416 996.535808 57.900456 -330.785504 996.535808 57.650704 -330.12592 986.499968 73.07756 -330.831168 986.499968 73.170408 -331.488416 986.499968 73.442632 -332.052768 986.499968 73.875696 -332.485824 986.499968 74.440056 -332.758048 986.499968 75.097272 -332.85088 986.499968 75.80256 -332.758048 986.499968 76.50784 -332.485824 986.499968 77.165056 -332.052768 986.499968 77.729424 -331.488416 986.499968 78.162472 -330.831168 986.499968 78.434704 -330.12592 986.499968 78.52756 -329.420608 986.499968 78.434704 -328.763392 986.499968 78.162472 -328.19904 986.499968 77.729424 -327.765984 986.499968 77.165056 -327.493728 986.499968 76.50784 -327.400896 986.499968 75.80256 -327.493728 986.499968 75.097272 -327.765984 986.499968 74.440056 -328.19904 986.499968 73.875696 -328.763392 986.499968 73.442632 -329.420608 986.499968 73.170408</float_array>
          <technique_common>
            <accessor source="#pos_5-array" count="1002" stride="3">
              <param name="X" type="float"/>
              <param name="Y" type="float"/>
              <param name="Z" type="float"/>
            </accessor>
          </technique_common>
        </source>
        <vertices id="vert_5">
          <input semantic="POSITION" source="#pos_5"/>
        </vertices>
        <triangles count="676" material="mat_16">
          <input semantic="VERTEX" source="#vert_5" offset="0"/>
          <p>0 1 3 3 1 2 4 0 5 5 0 3 6 4 7 7 4 5 1 6 2 2 6 7 2 7 3 3 7 5 0 18 1 1 18 21 1 21 28 28 21 27 27 21 22 27 22 23 4 31 0 0 31 14 0 14 17 17 14 15 17 15 16 6 29 4 4 29 30 4 30 31 29 6 28 28 6 1 9 10 8 8 10 11 8 11 12 12 13 8 8 13 14 8 14 31 17 18 0 19 20 18 18 20 21 23 24 27 27 24 25 27 25 26 32 33 35 35 33 34 36 32 37 37 32 35 38 36 39 39 36 37 33 38 34 34 38 39 34 39 35 35 39 37 32 60 33 33 60 61 33 61 40 40 61 63 63 61 62 36 50 32 32 50 57 32 57 60 60 57 58 60 58 59 50 36 49 49 36 38 49 38 48 48 38 47 47 38 33 47 33 40 47 40 46 46 40 41 46 41 42 42 43 46 46 43 44 46 44 45 50 51 57 57 51 56 56 51 55 55 51 54 54 51 53 53 51 52 45 64 46 46 64 65 46 65 8 8 65 66 8 66 9 9 66 10 10 66 69 10 69 11 11 69 72 11 72 12 12 72 75 12 75 13 13 75 78 13 78 14 14 78 77 14 77 40 40 77 76 40 76 41 41 76 42 42 76 73 42 73 43 43 73 70 43 70 44 44 70 67 44 67 45 45 67 64 69 66 65 65 64 68 68 64 67 68 67 71 71 67 70 71 70 74 74 70 73 74 73 77 77 73 76 72 69 68 68 69 65 72 68 71 75 72 71 75 71 74 78 75 74 78 74 77 40 63 14 14 63 15 56 79 57 57 79 80 57 80 21 21 80 81 21 81 22 22 81 23 23 81 84 23 84 24 24 84 87 24 87 25 25 87 90 25 90 26 26 90 93 26 93 27 27 93 92 27 92 51 51 92 91 51 91 52 52 91 53 53 91 88 53 88 54 54 88 85 54 85 55 55 85 82 55 82 56 56 82 79 84 81 80 80 79 83 83 79 82 83 82 86 86 82 85 86 85 89 89 85 88 89 88 92 92 88 91 87 84 83 83 84 80 87 83 86 90 87 86 90 86 89 93 90 89 93 89 92 95 50 94 94 50 28 94 28 117 117 28 116 116 28 115 115 28 114 114 28 113 113 28 27 113 27 112 112 27 111 111 27 110 110 27 109 109 27 108 108 27 107 107 27 106 106 27 51 106 51 105 105 51 104 104 51 103 103 51 102 102 51 101 101 51 100 100 51 99 99 51 50 99 50 98 98 50 97 97 50 96 96 50 95 119 167 118 118 167 166 118 166 141 141 166 189 141 189 140 140 189 188 140 188 139 139 188 187 139 187 138 138 187 186 138 186 137 137 186 185 137 185 136 136 185 184 136 184 135 135 184 183 135 183 134 134 183 182 134 182 133 133 182 181 133 181 132 132 181 180 132 180 131 131 180 179 131 179 130 130 179 178 130 178 129 129 178 177 129 177 128 128 177 176 128 176 127 127 176 175 127 175 126 126 175 174 126 174 125 125 174 173 125 173 124 124 173 172 124 172 123 123 172 171 123 171 122 122 171 170 122 170 121 121 170 169 121 169 120 120 169 168 120 168 119 119 168 167 143 189 142 142 189 166 142 166 165 165 166 167 165 167 164 164 167 168 164 168 163 163 168 169 163 169 162 162 169 170 162 170 161 161 170 171 161 171 160 160 171 172 160 172 159 159 172 173 159 173 158 158 173 174 158 174 157 157 174 175 157 175 156 156 175 176 156 176 155 155 176 177 155 177 154 154 177 178 154 178 153 153 178 179 153 179 152 152 179 180 152 180 151 151 180 181 151 181 150 150 181 182 150 182 149 149 182 183 149 183 148 148 183 184 148 184 147 147 184 185 147 185 146 146 185 186 146 186 145 145 186 187 145 187 144 144 187 188 144 188 143 143 188 189 8 118 46 46 118 141 46 141 140 31 125 8 8 125 124 8 124 123 47 130 31 31 130 129 31 129 128 46 135 47 47 135 134 47 134 133 140 139 46 46 139 138 46 138 137 137 136 46 46 136 135 133 132 47 47 132 131 47 131 130 128 127 31 31 127 126 31 126 125 123 122 8 8 122 121 8 121 120 120 119 8 8 119 118 165 15 142 142 15 63 142 63 143 143 63 144 144 63 145 145 63 146 146 63 147 147 63 148 148 63 62 148 62 149 149 62 150 150 62 151 151 62 152 152 62 153 153 62 154 154 62 16 154 16 155 155 16 156 156 16 157 157 16 158 158 16 159 159 16 160 160 16 15 160 15 161 161 15 162 162 15 163 163 15 164 164 15 165 191 19 190 190 19 59 190 59 213 213 59 212 212 59 211 211 59 210 210 59 209 209 59 208 208 59 58 208 58 207 207 58 206 206 58 205 205 58 204 204 58 203 203 58 202 202 58 20 202 20 201 201 20 200 200 20 199 199 20 198 198 20 197 197 20 196 196 20 19 196 19 195 195 19 194 194 19 193 193 19 192 192 19 191 59 19 60 60 19 18 60 220 61 61 220 221 61 221 222 18 214 60 60 214 215 60 215 216 17 232 18 18 232 233 18 233 234 61 226 17 17 226 227 17 227 228 216 217 60 60 217 218 60 218 219 219 220 60 222 223 61 61 223 224 61 224 225 225 226 61 228 229 17 17 229 230 17 230 231 231 232 17 234 235 18 18 235 236 18 236 237 237 214 18 239 267 238 238 267 268 238 268 261 261 268 269 261 269 260 260 269 270 260 270 259 259 270 271 259 271 258 258 271 272 258 272 257 257 272 273 257 273 256 256 273 274 256 274 275 239 240 267 267 240 266 266 240 241 266 241 265 265 241 242 265 242 264 264 242 243 264 243 263 263 243 244 263 244 262 262 244 285 285 244 245 285 245 284 284 245 246 284 246 283 283 246 247 283 247 282 282 247 248 282 248 281 281 248 249 281 249 280 280 249 250 280 250 251 280 251 279 279 251 252 279 252 278 278 252 253 278 253 277 277 253 254 277 254 276 276 254 255 276 255 275 275 255 256 48 47 30 30 47 31 287 48 286 286 48 30 286 30 309 309 30 308 308 30 307 307 30 306 306 30 305 305 30 304 304 30 29 304 29 303 303 29 302 302 29 301 301 29 300 300 29 299 299 29 298 298 29 49 298 49 297 297 49 296 296 49 295 295 49 294 294 49 293 293 49 292 292 49 48 292 48 291 291 48 290 290 48 289 289 48 288 288 48 287 50 49 28 28 49 29 16 62 17 17 62 61 261 287 238 238 287 286 238 286 239 239 286 309 239 309 240 240 309 308 240 308 241 241 308 307 241 307 242 242 307 306 242 306 243 243 306 305 243 305 244 244 305 304 244 304 245 245 304 303 245 303 246 246 303 302 246 302 247 247 302 301 247 301 248 248 301 300 248 300 249 249 300 299 249 299 250 250 299 298 250 298 251 251 298 297 251 297 252 252 297 296 252 296 253 253 296 295 253 295 254 254 295 294 254 294 255 255 294 293 255 293 256 256 293 292 256 292 257 257 292 291 257 291 258 258 291 290 258 290 259 259 290 289 259 289 260 260 289 288 260 288 261 261 288 287 237 281 214 214 281 280 214 280 215 215 280 279 215 279 216 216 279 278 216 278 217 217 278 277 217 277 218 218 277 276 218 276 219 219 276 275 219 275 220 220 275 274 220 274 221 221 274 273 221 273 222 222 273 272 222 272 223 223 272 271 223 271 224 224 271 270 224 270 225 225 270 269 225 269 226 226 269 268 226 268 227 227 268 267 227 267 228 228 267 266 228 266 229 229 266 265 229 265 230 230 265 264 230 264 231 231 264 263 231 263 232 232 263 262 232 262 233 233 262 285 233 285 234 234 285 284 234 284 235 235 284 283 235 283 236 236 283 282 236 282 237 237 282 281 21 20 57 57 20 58 117 311 94 94 311 310 94 310 95 95 310 333 95 333 96 96 333 332 96 332 97 97 332 331 97 331 98 98 331 330 98 330 99 99 330 329 99 329 100 100 329 328 100 328 101 101 328 327 101 327 102 102 327 326 102 326 103 103 326 325 103 325 104 104 325 324 104 324 105 105 324 323 105 323 106 106 323 322 106 322 107 107 322 321 107 321 108 108 321 320 108 320 109 109 320 319 109 319 110 110 319 318 110 318 111 111 318 317 111 317 112 112 317 316 112 316 113 113 316 315 113 315 114 114 315 314 114 314 115 115 314 313 115 313 116 116 313 312 116 312 117 117 312 311 213 333 190 190 333 310 190 310 191 191 310 311 191 311 192 192 311 312 192 312 193 193 312 313 193 313 194 194 313 314 194 314 195 195 314 315 195 315 196 196 315 316 196 316 197 197 316 317 197 317 198 198 317 318 198 318 199 199 318 319 199 319 200 200 319 320 200 320 201 201 320 321 201 321 202 202 321 322 202 322 203 203 322 323 203 323 204 204 323 324 204 324 205 205 324 325 205 325 206 206 325 326 206 326 207 207 326 327 207 327 208 208 327 328 208 328 209 209 328 329 209 329 210 210 329 330 210 330 211 211 330 331 211 331 212 212 331 332 212 332 213 213 332 333</p>
        </triangles>
      </mesh>
    </geometry>
    <geometry id="geometry_3e04343b_df64_481f_9d4a_48916364dd48">
      <mesh>
        <source id="pos_6">
          <float_array id="pos_6-array" count="603">-440 1028.300032 2.227162 -440 1028.385152 1.580115 -440 1028.63488 0.977162 -440 1029.032256 0.459395 -440 1029.55008 0.062099 -440 1030.15296 -0.187652 -440 1030.800064 -0.272837 -440 1031.44704 -0.187652 -440 1032.050048 0.062099 -440 1032.567744 0.459395 -440 1032.965056 0.977162 -440 1033.214848 1.580115 -440 1033.300032 2.227162 -440 1033.214848 2.87421 -440 1032.965056 3.477162 -440 1032.567744 3.994929 -440 1032.050048 4.392226 -440 1031.44704 4.641977 -440 1030.800064 4.727162 -440 1030.15296 4.641977 -440 1029.55008 4.392226 -440 1029.032256 3.994929 -440 1028.63488 3.477162 -440 1028.385152 2.87421 -460 1028.300032 2.227162 -460 1028.385152 2.87421 -460 1028.63488 3.477162 -460 1029.032256 3.994929 -460 1029.55008 4.392226 -460 1030.15296 4.641977 -460 1030.800064 4.727162 -460 1031.44704 4.641977 -460 1032.050048 4.392226 -460 1032.567744 3.994929 -460 1032.965056 3.477162 -460 1033.214848 2.87421 -460 1033.300032 2.227162 -460 1033.214848 1.580115 -460 1032.965056 0.977162 -460 1032.567744 0.459395 -460 1032.050048 0.062099 -460 1031.44704 -0.187652 -460 1030.800064 -0.272837 -460 1030.15296 -0.187652 -460 1029.55008 0.062099 -460 1029.032256 0.459395 -460 1028.63488 0.977162 -460 1028.385152 1.580115 -450 1028.300032 2.227162 -450 1028.385152 1.580115 -450 1028.63488 0.977162 -450 1029.032256 0.459395 -450 1029.55008 0.062099 -450 1030.15296 -0.187652 -450 1030.800064 -0.272837 -450 1031.44704 -0.187652 -450 1032.050048 0.062099 -450 1032.567744 0.459395 -450 1032.965056 0.977162 -450 1033.214848 1.580115 -450 1033.300032 2.227162 -450 1033.214848 2.87421 -450 1032.965056 3.477162 -450 1032.567744 3.994929 -450 1032.050048 4.392226 -450 1031.44704 4.641977 -450 1030.800064 4.727162 -450 1030.15296 4.641977 -450 1029.55008 4.392226 -450 1029.032256 3.994929 -450 1028.63488 3.477162 -450 1028.385152 2.87421 -440 1035.800064 -2.772837 -440 1035.714816 -3.419885 -440 1035.465088 -4.022837 -440 1035.067776 -4.540604 -440 1034.55008 -4.937901 -440 1033.947008 -5.187652 -440 1033.300032 -5.272837 -460 1033.300032 -5.272837 -460 1033.947008 -5.187652 -460 1034.55008 -4.937901 -460 1035.067776 -4.540604 -460 1035.465088 -4.022837 -460 1035.714816 -3.419885 -460 1035.800064 -2.772837 -450 1035.714816 -3.419885 -450 1035.465088 -4.022837 -450 1035.067776 -4.540604 -450 1034.55008 -4.937901 -450 1033.947008 -5.187652 -460 1035.800064 38.96416 -440 1035.800064 38.96416 -440 1035.765888 39.22298 -440 1035.665984 39.46416 -440 1035.507072 39.671268 -440 1035.300032 39.830188 -440 1035.058816 39.930088 -440 1034.800064 39.96416 -440 1020.8 39.96416 -440 1020.8 41.500008 -440 1009.325952 41.500008 -440 1009.325952 39.96416 -440 1004.325952 39.96416 -440 1004.325952 35.96416 -440 1025.800064 35.96416 -440 1025.800064 -2.772837 -440 1025.88512 -3.419885 -440 1026.134912 -4.022837 -440 1026.532224 -4.540604 -440 1027.050048 -4.937901 -440 1027.652928 -5.187652 -440 1028.300032 -5.272837 -460 1025.800064 -2.772837 -460 1025.88512 -3.419885 -460 1026.134912 -4.022837 -460 1026.532224 -4.540604 -460 1027.050048 -4.937901 -460 1027.652928 -5.187652 -460 1028.300032 -5.272837 -450 1025.88512 -3.419885 -450 1026.134912 -4.022837 -450 1026.532224 -4.540604 -450 1027.050048 -4.937901 -450 1027.652928 -5.187652 -460 1025.800064 35.96416 -460 1004.325952 35.96416 -460 1004.325952 39.96416 -460 1009.325952 39.96416 -460 1009.325952 41.500008 -460 1020.8 41.500008 -460 1020.8 39.96416 -460 1034.800064 39.96416 -460 1035.058816 39.930088 -460 1035.300032 39.830188 -460 1035.507072 39.671268 -460 1035.665984 39.46416 -460 1035.765888 39.22298 -445 1035.058816 39.930088 -450 1035.058816 39.930088 -455 1035.058816 39.930088 -445 1035.300032 39.830188 -450 1035.300032 39.830188 -455 1035.300032 39.830188 -445 1035.507072 39.671268 -450 1035.507072 39.671268 -455 1035.507072 39.671268 -445 1035.665984 39.46416 -450 1035.665984 39.46416 -455 1035.665984 39.46416 -445 1035.765888 39.22298 -450 1035.765888 39.22298 -455 1035.765888 39.22298 -450 1017.563008 35.96416 -450.647072 1017.47776 35.96416 -451.249984 1017.228032 35.96416 -451.767776 1016.83072 35.96416 -452.165056 1016.31296 35.96416 -452.414816 1015.710016 35.96416 -452.5 1015.062976 35.96416 -452.414816 1014.415936 35.96416 -452.165056 1013.812992 35.96416 -451.767776 1013.295232 35.96416 -451.249984 1012.89792 35.96416 -450.647072 1012.648128 35.96416 -450 1012.563008 35.96416 -449.35296 1012.648128 35.96416 -448.750016 1012.89792 35.96416 -448.232224 1013.295232 35.96416 -447.834944 1013.812992 35.96416 -447.585216 1014.415936 35.96416 -447.5 1015.062976 35.96416 -447.585216 1015.710016 35.96416 -447.834944 1016.31296 35.96416 -448.232224 1016.83072 35.96416 -448.750016 1017.228032 35.96416 -449.35296 1017.47776 35.96416 -450 1017.563008 41.500008 -449.35296 1017.47776 41.500008 -448.750016 1017.228032 41.500008 -448.232224 1016.83072 41.500008 -447.834944 1016.31296 41.500008 -447.585216 1015.710016 41.500008 -447.5 1015.062976 41.500008 -447.585216 1014.415936 41.500008 -447.834944 1013.812992 41.500008 -448.232224 1013.295232 41.500008 -448.750016 1012.89792 41.500008 -449.35296 1012.648128 41.500008 -450 1012.563008 41.500008 -450.647072 1012.648128 41.500008 -451.249984 1012.89792 41.500008 -451.767776 1013.295232 41.500008 -452.165056 1013.812992 41.500008 -452.414816 1014.415936 41.500008 -452.5 1015.062976 41.500008 -452.414816 1015.710016 41.500008 -452.165056 1016.31296 41.500008 -451.767776 1016.83072 41.500008 -451.249984 1017.228032 41.500008 -450.647072 1017.47776 41.500008</float_array>
          <technique_common>
            <accessor source="#pos_6-array" count="603" stride="3">
              <param name="X" type="float"/>
              <param name="Y" type="float"/>
              <param name="Z" type="float"/>
            </accessor>
          </technique_common>
        </source>
        <vertices id="vert_6">
          <input semantic="POSITION" source="#pos_6"/>
        </vertices>
        <triangles count="406" material="mat_16">
          <input semantic="VERTEX" source="#vert_6" offset="0"/>
          <p>1 49 0 0 49 48 0 48 23 23 48 71 23 71 22 22 71 70 22 70 21 21 70 69 21 69 20 20 69 68 20 68 19 19 68 67 19 67 18 18 67 66 18 66 17 17 66 65 17 65 16 16 65 64 16 64 15 15 64 63 15 63 14 14 63 62 14 62 13 13 62 61 13 61 12 12 61 60 12 60 11 11 60 59 11 59 10 10 59 58 10 58 9 9 58 57 9 57 8 8 57 56 8 56 7 7 56 55 7 55 6 6 55 54 6 54 5 5 54 53 5 53 4 4 53 52 4 52 3 3 52 51 3 51 2 2 51 50 2 50 1 1 50 49 25 71 24 24 71 48 24 48 47 47 48 49 47 49 46 46 49 50 46 50 45 45 50 51 45 51 44 44 51 52 44 52 43 43 52 53 43 53 42 42 53 54 42 54 41 41 54 55 41 55 40 40 55 56 40 56 39 39 56 57 39 57 38 38 57 58 38 58 37 37 58 59 37 59 36 36 59 60 36 60 35 35 60 61 35 61 34 34 61 62 34 62 33 33 62 63 33 63 32 32 63 64 32 64 31 31 64 65 31 65 30 30 65 66 30 66 29 29 66 67 29 67 28 28 67 68 28 68 27 27 68 69 27 69 26 26 69 70 26 70 25 25 70 71 85 72 86 86 72 73 86 73 87 87 73 74 87 74 88 88 74 75 88 75 89 89 75 76 89 76 90 90 76 77 90 77 78 78 79 90 90 79 80 90 80 89 89 80 81 89 81 88 88 81 82 88 82 87 87 82 83 87 83 86 86 83 84 86 84 85 85 91 72 72 91 92 1 0 106 106 0 23 106 23 105 105 23 22 105 22 21 21 20 105 105 20 19 105 19 18 18 17 105 105 17 92 105 92 98 98 92 97 97 92 96 96 92 95 95 92 94 94 92 93 17 16 92 92 16 15 92 15 14 14 13 92 92 13 72 72 13 12 72 12 11 11 10 72 72 10 9 72 9 76 76 9 77 77 9 78 78 9 8 78 8 7 7 6 78 78 6 112 112 6 5 112 5 4 4 3 112 112 3 111 111 3 110 110 3 106 110 106 109 109 106 108 108 106 107 3 2 106 106 2 1 76 75 72 72 75 74 72 74 73 98 99 105 105 99 104 104 99 102 104 102 103 99 100 102 102 100 101 106 113 120 120 113 114 120 114 121 121 114 115 121 115 122 122 115 116 122 116 123 123 116 117 123 117 124 124 117 118 124 118 119 119 112 124 124 112 111 124 111 123 123 111 110 123 110 122 122 110 109 122 109 121 121 109 108 121 108 120 120 108 107 120 107 106 113 106 125 125 106 105 78 112 79 79 112 119 25 24 113 113 24 47 113 47 46 46 45 113 113 45 117 113 117 116 44 119 45 45 119 118 45 118 117 44 43 119 119 43 42 119 42 79 79 42 41 79 41 40 40 39 79 79 39 80 80 39 81 81 39 85 81 85 82 82 85 83 83 85 84 39 38 85 85 38 37 85 37 36 36 35 85 85 35 91 91 35 34 91 34 33 33 32 91 91 32 31 91 31 125 125 31 30 125 30 29 29 28 125 125 28 27 125 27 26 26 25 125 125 25 113 116 115 113 113 115 114 126 131 125 125 131 132 125 132 91 91 132 133 91 133 134 127 128 126 126 128 131 128 129 131 131 129 130 134 135 91 91 135 136 91 136 137 104 103 126 126 103 127 103 102 127 127 102 128 97 138 98 98 138 139 98 139 132 132 139 140 132 140 133 133 140 134 134 140 143 134 143 135 135 143 146 135 146 136 136 146 149 136 149 137 137 149 152 137 152 91 91 152 151 91 151 92 92 151 150 92 150 93 93 150 94 94 150 147 94 147 95 95 147 144 95 144 96 96 144 141 96 141 97 97 141 138 143 140 139 139 138 142 142 138 141 142 141 145 145 141 144 145 144 148 148 144 147 148 147 151 151 147 150 146 143 142 142 143 139 146 142 145 149 146 145 149 145 148 152 149 148 152 148 151 132 131 98 98 131 99 126 165 104 104 165 166 104 166 167 125 159 126 126 159 160 126 160 161 105 153 125 125 153 154 125 154 155 104 171 105 105 171 172 105 172 173 155 156 125 125 156 157 125 157 158 158 159 125 161 162 126 126 162 163 126 163 164 164 165 126 167 168 104 104 168 169 104 169 170 170 171 104 173 174 105 105 174 175 105 175 176 176 153 105 100 99 130 130 99 131 178 100 177 177 100 130 177 130 200 200 130 199 199 130 198 198 130 197 197 130 196 196 130 195 195 130 129 195 129 194 194 129 193 193 129 192 192 129 191 191 129 190 190 129 189 189 129 101 189 101 188 188 101 187 187 101 186 186 101 185 185 101 184 184 101 183 183 101 100 183 100 182 182 100 181 181 100 180 180 100 179 179 100 178 102 101 128 128 101 129 176 178 153 153 178 177 153 177 154 154 177 200 154 200 155 155 200 199 155 199 156 156 199 198 156 198 157 157 198 197 157 197 158 158 197 196 158 196 159 159 196 195 159 195 160 160 195 194 160 194 161 161 194 193 161 193 162 162 193 192 162 192 163 163 192 191 163 191 164 164 191 190 164 190 165 165 190 189 165 189 166 166 189 188 166 188 167 167 188 187 167 187 168 168 187 186 168 186 169 169 186 185 169 185 170 170 185 184 170 184 171 171 184 183 171 183 172 172 183 182 172 182 173 173 182 181 173 181 174 174 181 180 174 180 175 175 180 179 175 179 176 176 179 178</p>
        </triangles>
      </mesh>
    </geometry>
    <geometry id="geometry_1f6eb872_7d42_4b81_b33d_4490c7d8d107">
      <mesh>
        <source id="pos_7">
          <float_array id="pos_7-array" count="8760">39.999992 1021.085824 52.500008 39.999992 1025.050048 48.535792 39.999992 1025.050048 46.000008 39.999992 1020 46.000008 39.999992 1020 41.500008 39.999992 1020.8 41.500008 39.999992 1020.8 40.000008 39.999992 1032 40.000008 39.999992 1032.776512 40.102232 39.999992 1033.500032 40.401932 39.999992 1034.121344 40.878688 39.999992 1034.598016 41.500008 39.999992 1034.897856 42.223552 39.999992 1035 43.000008 39.999992 1035 54.200008 39.999992 1033.500032 54.200008 39.999992 1033.500032 55.000008 39.999992 1029 55.000008 39.999992 1029 49.950008 39.999992 1026.464256 49.950008 39.999992 1022.499968 53.914224 39.999992 1022.499968 66.085792 39.999992 1026.464256 70.050008 39.999992 1029 70.050008 39.999992 1029 65.000008 39.999992 1033.500032 65.000008 39.999992 1033.500032 65.800012 39.999992 1035 65.800012 39.999992 1035 77.000008 39.999992 1034.897856 77.776464 39.999992 1034.598016 78.500008 39.999992 1034.121344 79.121328 39.999992 1033.500032 79.59808 39.999992 1032.776512 79.897792 39.999992 1032 80.000008 39.999992 1020.8 80.000008 39.999992 1020.8 78.500008 39.999992 1020 78.500008 39.999992 1020 74.000008 39.999992 1025.050048 74.000008 39.999992 1025.050048 71.464216 39.999992 1021.085824 67.500008 39.999992 1008.914176 67.500008 39.999992 1004.950016 71.464216 39.999992 1004.950016 74.000008 39.999992 1010 74.000008 39.999992 1010 78.500008 39.999992 1009.2 78.500008 39.999992 1009.2 80.000008 39.999992 998 80.000008 39.999992 997.223552 79.897792 39.999992 996.499968 79.59808 39.999992 995.878656 79.121328 39.999992 995.40192 78.500008 39.999992 995.102208 77.776464 39.999992 995 77.000008 39.999992 995 65.800012 39.999992 996.499968 65.800012 39.999992 996.499968 65.000008 39.999992 1001 65.000008 39.999992 1001 70.050008 39.999992 1003.535744 70.050008 39.999992 1007.500032 66.085792 39.999992 1007.500032 53.914224 39.999992 1003.535744 49.950008 39.999992 1001 49.950008 39.999992 1001 55.000008 39.999992 996.499968 55.000008 39.999992 996.499968 54.200008 39.999992 995 54.200008 39.999992 995 43.000008 39.999992 995.102208 42.223552 39.999992 995.40192 41.500008 39.999992 995.878656 40.878688 39.999992 996.499968 40.401932 39.999992 997.223552 40.102232 39.999992 998 40.000008 39.999992 1009.2 40.000008 39.999992 1009.2 41.500008 39.999992 1010 41.500008 39.999992 1010 46.000008 39.999992 1004.950016 46.000008 39.999992 1004.950016 48.535792 39.999992 1008.914176 52.500008 39.999992 1023 41.500008 39.999992 1023 44.500008 39.999992 1026.750016 44.500008 39.999992 1026.750016 45.500008 39.999992 1026.843776 46.21176 39.999992 1027.1184 46.875008 39.999992 1027.555392 47.444552 39.999992 1028.124992 47.881576 39.999992 1028.788224 48.156304 39.999992 1029.500032 48.250008 39.999992 1030.499968 48.250008 39.999992 1030.499968 52.000008 39.999992 1033.500032 52.000008 39.999992 1033.500032 45.500008 39.999992 1032.249984 45.500008 39.999992 1032.156224 44.788256 39.999992 1031.8816 44.125008 39.999992 1031.444608 43.555464 39.999992 1030.875008 43.11844 39.999992 1030.211776 42.843712 39.999992 1029.500032 42.750008 39.999992 1029.500032 41.500008 39.999992 996.499968 52.000008 39.999992 999.500032 52.000008 39.999992 999.500032 48.250008 39.999992 1000.499968 48.250008 39.999992 1001.211712 48.156304 39.999992 1001.875008 47.881576 39.999992 1002.444544 47.444552 39.999992 1002.8816 46.875008 39.999992 1003.156288 46.21176 39.999992 1003.249984 45.500008 39.999992 1003.249984 44.500008 39.999992 1007 44.500008 39.999992 1007 41.500008 39.999992 1000.499968 41.500008 39.999992 1000.499968 42.750008 39.999992 999.788288 42.843712 39.999992 999.124992 43.11844 39.999992 998.555456 43.555464 39.999992 998.1184 44.125008 39.999992 997.843712 44.788256 39.999992 997.750016 45.500008 39.999992 996.499968 45.500008 39.999992 1007 78.500008 39.999992 1007 75.500008 39.999992 1003.249984 75.500008 39.999992 1003.249984 74.500008 39.999992 1003.156288 73.788256 39.999992 1002.8816 73.125008 39.999992 1002.444544 72.555464 39.999992 1001.875008 72.11844 39.999992 1001.211712 71.843712 39.999992 1000.499968 71.750008 39.999992 999.500032 71.750008 39.999992 999.500032 68.000008 39.999992 996.499968 68.000008 39.999992 996.499968 74.500008 39.999992 997.750016 74.500008 39.999992 997.843712 75.21176 39.999992 998.1184 75.875008 39.999992 998.555456 76.444552 39.999992 999.124992 76.881576 39.999992 999.788288 77.156304 39.999992 1000.499968 77.250008 39.999992 1000.499968 78.500008 39.999992 1033.500032 68.000008 39.999992 1030.499968 68.000008 39.999992 1030.499968 71.750008 39.999992 1029.500032 71.750008 39.999992 1028.788224 71.843712 39.999992 1028.124992 72.11844 39.999992 1027.555392 72.555464 39.999992 1027.1184 73.125008 39.999992 1026.843776 73.788256 39.999992 1026.750016 74.500008 39.999992 1026.750016 75.500008 39.999992 1023 75.500008 39.999992 1023 78.500008 39.999992 1029.500032 78.500008 39.999992 1029.500032 77.250008 39.999992 1030.211776 77.156304 39.999992 1030.875008 76.881576 39.999992 1031.444608 76.444552 39.999992 1031.8816 75.875008 39.999992 1032.156224 75.21176 39.999992 1032.249984 74.500008 39.999992 1033.500032 74.500008 39.999992 1020.2 62.261032 39.999992 1019.585344 61.993756 39.999992 1019.895232 61.01822 39.999992 1020 60.000008 39.999992 1019.895232 58.9818 39.999992 1019.585344 58.006264 39.999992 1020.2 57.738984 39.999992 1020.2 54.800008 39.999992 1017.261056 54.800008 39.999992 1016.993792 55.414708 39.999992 1016.018176 55.104784 39.999992 1015 55.000008 39.999992 1013.981824 55.104784 39.999992 1013.006208 55.414708 39.999992 1012.738944 54.800008 39.999992 1009.8 54.800008 39.999992 1009.8 57.738984 39.999992 1010.414656 58.006264 39.999992 1010.104768 58.9818 39.999992 1010 60.000008 39.999992 1010.104768 61.01822 39.999992 1010.414656 61.993756 39.999992 1009.8 62.261032 39.999992 1009.8 65.200004 39.999992 1012.738944 65.200004 39.999992 1013.006208 64.585312 39.999992 1013.981824 64.895232 39.999992 1015 65.000008 39.999992 1016.018176 64.895232 39.999992 1016.993792 64.585312 39.999992 1017.261056 65.200004 39.999992 1020.2 65.200004 -550 1010.414656 58.006264 -550 1010.104768 58.9818 -550 1010 60.000008 -550 1010.104768 61.01822 -550 1010.414656 61.993756 18.14814 1010.104768 61.01822 -3.703712 1010.104768 61.01822 -25.555562 1010.104768 61.01822 -47.407416 1010.104768 61.01822 -69.259272 1010.104768 61.01822 -91.11112 1010.104768 61.01822 -112.962976 1010.104768 61.01822 -134.814816 1010.104768 61.01822 -156.666672 1010.104768 61.01822 -178.518528 1010.104768 61.01822 -200.370384 1010.104768 61.01822 -222.222224 1010.104768 61.01822 -244.07408 1010.104768 61.01822 -265.925936 1010.104768 61.01822 -287.77776 1010.104768 61.01822 -309.629632 1010.104768 61.01822 -331.481472 1010.104768 61.01822 -353.333344 1010.104768 61.01822 -375.185184 1010.104768 61.01822 -397.037056 1010.104768 61.01822 -418.888896 1010.104768 61.01822 -440.740768 1010.104768 61.01822 -462.592576 1010.104768 61.01822 -484.444448 1010.104768 61.01822 -506.296288 1010.104768 61.01822 -528.148128 1010.104768 61.01822 18.14814 1010 60.000008 -3.703712 1010 60.000008 -25.555562 1010 60.000008 -47.407416 1010 60.000008 -69.259272 1010 60.000008 -91.11112 1010 60.000008 -112.962976 1010 60.000008 -134.814816 1010 60.000008 -156.666672 1010 60.000008 -178.518528 1010 60.000008 -200.370384 1010 60.000008 -222.222224 1010 60.000008 -244.07408 1010 60.000008 -265.925936 1010 60.000008 -287.77776 1010 60.000008 -309.629632 1010 60.000008 -331.481472 1010 60.000008 -353.333344 1010 60.000008 -375.185184 1010 60.000008 -397.037056 1010 60.000008 -418.888896 1010 60.000008 -440.740768 1010 60.000008 -462.592576 1010 60.000008 -484.444448 1010 60.000008 -506.296288 1010 60.000008 -528.148128 1010 60.000008 18.14814 1010.104768 58.9818 -3.703712 1010.104768 58.9818 -25.555562 1010.104768 58.9818 -47.407416 1010.104768 58.9818 -69.259272 1010.104768 58.9818 -91.11112 1010.104768 58.9818 -112.962976 1010.104768 58.9818 -134.814816 1010.104768 58.9818 -156.666672 1010.104768 58.9818 -178.518528 1010.104768 58.9818 -200.370384 1010.104768 58.9818 -222.222224 1010.104768 58.9818 -244.07408 1010.104768 58.9818 -265.925936 1010.104768 58.9818 -287.77776 1010.104768 58.9818 -309.629632 1010.104768 58.9818 -331.481472 1010.104768 58.9818 -353.333344 1010.104768 58.9818 -375.185184 1010.104768 58.9818 -397.037056 1010.104768 58.9818 -418.888896 1010.104768 58.9818 -440.740768 1010.104768 58.9818 -462.592576 1010.104768 58.9818 -484.444448 1010.104768 58.9818 -506.296288 1010.104768 58.9818 -528.148128 1010.104768 58.9818 -550 1009.8 62.261032 -550 1009.8 65.200004 -550 1012.738944 65.200004 -550 1013.006208 64.585312 -550 1013.981824 64.895232 -550 1015 65.000008 -550 1016.018176 64.895232 -550 1016.993792 64.585312 18.14814 1016.018176 64.895232 -3.703712 1016.018176 64.895232 -25.555562 1016.018176 64.895232 -47.407416 1016.018176 64.895232 -69.259272 1016.018176 64.895232 -91.11112 1016.018176 64.895232 -112.962976 1016.018176 64.895232 -134.814816 1016.018176 64.895232 -156.666672 1016.018176 64.895232 -178.518528 1016.018176 64.895232 -200.370384 1016.018176 64.895232 -222.222224 1016.018176 64.895232 -244.07408 1016.018176 64.895232 -265.925936 1016.018176 64.895232 -287.77776 1016.018176 64.895232 -309.629632 1016.018176 64.895232 -331.481472 1016.018176 64.895232 -353.333344 1016.018176 64.895232 -375.185184 1016.018176 64.895232 -397.037056 1016.018176 64.895232 -418.888896 1016.018176 64.895232 -440.740768 1016.018176 64.895232 -462.592576 1016.018176 64.895232 -484.444448 1016.018176 64.895232 -506.296288 1016.018176 64.895232 -528.148128 1016.018176 64.895232 18.14814 1015 65.000008 -3.703712 1015 65.000008 -25.555562 1015 65.000008 -47.407416 1015 65.000008 -69.259272 1015 65.000008 -91.11112 1015 65.000008 -112.962976 1015 65.000008 -134.814816 1015 65.000008 -156.666672 1015 65.000008 -178.518528 1015 65.000008 -200.370384 1015 65.000008 -222.222224 1015 65.000008 -244.07408 1015 65.000008 -265.925936 1015 65.000008 -287.77776 1015 65.000008 -309.629632 1015 65.000008 -331.481472 1015 65.000008 -353.333344 1015 65.000008 -375.185184 1015 65.000008 -397.037056 1015 65.000008 -418.888896 1015 65.000008 -440.740768 1015 65.000008 -462.592576 1015 65.000008 -484.444448 1015 65.000008 -506.296288 1015 65.000008 -528.148128 1015 65.000008 18.14814 1013.981824 64.895232 -3.703712 1013.981824 64.895232 -25.555562 1013.981824 64.895232 -47.407416 1013.981824 64.895232 -69.259272 1013.981824 64.895232 -91.11112 1013.981824 64.895232 -112.962976 1013.981824 64.895232 -134.814816 1013.981824 64.895232 -156.666672 1013.981824 64.895232 -178.518528 1013.981824 64.895232 -200.370384 1013.981824 64.895232 -222.222224 1013.981824 64.895232 -244.07408 1013.981824 64.895232 -265.925936 1013.981824 64.895232 -287.77776 1013.981824 64.895232 -309.629632 1013.981824 64.895232 -331.481472 1013.981824 64.895232 -353.333344 1013.981824 64.895232 -375.185184 1013.981824 64.895232 -397.037056 1013.981824 64.895232 -418.888896 1013.981824 64.895232 -440.740768 1013.981824 64.895232 -462.592576 1013.981824 64.895232 -484.444448 1013.981824 64.895232 -506.296288 1013.981824 64.895232 -528.148128 1013.981824 64.895232 -550 1017.261056 65.200004 -550 1020.2 65.200004 -550 1020.2 62.261032 -550 1019.585344 61.993756 -550 1023 78.500008 -550 1029.500032 78.500008 -550 1029.500032 77.250008 -550 1030.211776 77.156304 -550 1030.875008 76.881576 -550 1031.444608 76.444552 -550 1031.8816 75.875008 -550 1032.156224 75.21176 -550 1032.249984 74.500008 24.871786 1032.156224 75.21176 9.743582 1032.156224 75.21176 -5.384623 1032.156224 75.21176 -20.512828 1032.156224 75.21176 -35.641032 1032.156224 75.21176 -50.769236 1032.156224 75.21176 -65.897444 1032.156224 75.21176 -81.025648 1032.156224 75.21176 -96.153856 1032.156224 75.21176 -111.282056 1032.156224 75.21176 -126.410264 1032.156224 75.21176 -141.538464 1032.156224 75.21176 -156.666672 1032.156224 75.21176 -171.79488 1032.156224 75.21176 -186.923088 1032.156224 75.21176 -202.05128 1032.156224 75.21176 -217.179488 1032.156224 75.21176 -232.307696 1032.156224 75.21176 -247.43592 1032.156224 75.21176 -262.564112 1032.156224 75.21176 -277.69232 1032.156224 75.21176 -292.820512 1032.156224 75.21176 -307.948736 1032.156224 75.21176 -323.076928 1032.156224 75.21176 -338.205152 1032.156224 75.21176 -353.333344 1032.156224 75.21176 -368.461536 1032.156224 75.21176 -383.58976 1032.156224 75.21176 -398.717952 1032.156224 75.21176 -413.846176 1032.156224 75.21176 -428.974368 1032.156224 75.21176 -444.10256 1032.156224 75.21176 -459.230784 1032.156224 75.21176 -474.358976 1032.156224 75.21176 -489.487168 1032.156224 75.21176 -504.615392 1032.156224 75.21176 -519.743584 1032.156224 75.21176 -534.87184 1032.156224 75.21176 24.871786 1031.8816 75.875008 9.743582 1031.8816 75.875008 -5.384623 1031.8816 75.875008 -20.512828 1031.8816 75.875008 -35.641032 1031.8816 75.875008 -50.769236 1031.8816 75.875008 -65.897444 1031.8816 75.875008 -81.025648 1031.8816 75.875008 -96.153856 1031.8816 75.875008 -111.282056 1031.8816 75.875008 -126.410264 1031.8816 75.875008 -141.538464 1031.8816 75.875008 -156.666672 1031.8816 75.875008 -171.79488 1031.8816 75.875008 -186.923088 1031.8816 75.875008 -202.05128 1031.8816 75.875008 -217.179488 1031.8816 75.875008 -232.307696 1031.8816 75.875008 -247.43592 1031.8816 75.875008 -262.564112 1031.8816 75.875008 -277.69232 1031.8816 75.875008 -292.820512 1031.8816 75.875008 -307.948736 1031.8816 75.875008 -323.076928 1031.8816 75.875008 -338.205152 1031.8816 75.875008 -353.333344 1031.8816 75.875008 -368.461536 1031.8816 75.875008 -383.58976 1031.8816 75.875008 -398.717952 1031.8816 75.875008 -413.846176 1031.8816 75.875008 -428.974368 1031.8816 75.875008 -444.10256 1031.8816 75.875008 -459.230784 1031.8816 75.875008 -474.358976 1031.8816 75.875008 -489.487168 1031.8816 75.875008 -504.615392 1031.8816 75.875008 -519.743584 1031.8816 75.875008 -534.87184 1031.8816 75.875008 24.871786 1031.444608 76.444552 9.743582 1031.444608 76.444552 -5.384623 1031.444608 76.444552 -20.512828 1031.444608 76.444552 -35.641032 1031.444608 76.444552 -50.769236 1031.444608 76.444552 -65.897444 1031.444608 76.444552 -81.025648 1031.444608 76.444552 -96.153856 1031.444608 76.444552 -111.282056 1031.444608 76.444552 -126.410264 1031.444608 76.444552 -141.538464 1031.444608 76.444552 -156.666672 1031.444608 76.444552 -171.79488 1031.444608 76.444552 -186.923088 1031.444608 76.444552 -202.05128 1031.444608 76.444552 -217.179488 1031.444608 76.444552 -232.307696 1031.444608 76.444552 -247.43592 1031.444608 76.444552 -262.564112 1031.444608 76.444552 -277.69232 1031.444608 76.444552 -292.820512 1031.444608 76.444552 -307.948736 1031.444608 76.444552 -323.076928 1031.444608 76.444552 -338.205152 1031.444608 76.444552 -353.333344 1031.444608 76.444552 -368.461536 1031.444608 76.444552 -383.58976 1031.444608 76.444552 -398.717952 1031.444608 76.444552 -413.846176 1031.444608 76.444552 -428.974368 1031.444608 76.444552 -444.10256 1031.444608 76.444552 -459.230784 1031.444608 76.444552 -474.358976 1031.444608 76.444552 -489.487168 1031.444608 76.444552 -504.615392 1031.444608 76.444552 -519.743584 1031.444608 76.444552 -534.87184 1031.444608 76.444552 24.871786 1030.875008 76.881576 9.743582 1030.875008 76.881576 -5.384623 1030.875008 76.881576 -20.512828 1030.875008 76.881576 -35.641032 1030.875008 76.881576 -50.769236 1030.875008 76.881576 -65.897444 1030.875008 76.881576 -81.025648 1030.875008 76.881576 -96.153856 1030.875008 76.881576 -111.282056 1030.875008 76.881576 -126.410264 1030.875008 76.881576 -141.538464 1030.875008 76.881576 -156.666672 1030.875008 76.881576 -171.79488 1030.875008 76.881576 -186.923088 1030.875008 76.881576 -202.05128 1030.875008 76.881576 -217.179488 1030.875008 76.881576 -232.307696 1030.875008 76.881576 -247.43592 1030.875008 76.881576 -262.564112 1030.875008 76.881576 -277.69232 1030.875008 76.881576 -292.820512 1030.875008 76.881576 -307.948736 1030.875008 76.881576 -323.076928 1030.875008 76.881576 -338.205152 1030.875008 76.881576 -353.333344 1030.875008 76.881576 -368.461536 1030.875008 76.881576 -383.58976 1030.875008 76.881576 -398.717952 1030.875008 76.881576 -413.846176 1030.875008 76.881576 -428.974368 1030.875008 76.881576 -444.10256 1030.875008 76.881576 -459.230784 1030.875008 76.881576 -474.358976 1030.875008 76.881576 -489.487168 1030.875008 76.881576 -504.615392 1030.875008 76.881576 -519.743584 1030.875008 76.881576 -534.87184 1030.875008 76.881576 24.871786 1030.211776 77.156304 9.743582 1030.211776 77.156304 -5.384623 1030.211776 77.156304 -20.512828 1030.211776 77.156304 -35.641032 1030.211776 77.156304 -50.769236 1030.211776 77.156304 -65.897444 1030.211776 77.156304 -81.025648 1030.211776 77.156304 -96.153856 1030.211776 77.156304 -111.282056 1030.211776 77.156304 -126.410264 1030.211776 77.156304 -141.538464 1030.211776 77.156304 -156.666672 1030.211776 77.156304 -171.79488 1030.211776 77.156304 -186.923088 1030.211776 77.156304 -202.05128 1030.211776 77.156304 -217.179488 1030.211776 77.156304 -232.307696 1030.211776 77.156304 -247.43592 1030.211776 77.156304 -262.564112 1030.211776 77.156304 -277.69232 1030.211776 77.156304 -292.820512 1030.211776 77.156304 -307.948736 1030.211776 77.156304 -323.076928 1030.211776 77.156304 -338.205152 1030.211776 77.156304 -353.333344 1030.211776 77.156304 -368.461536 1030.211776 77.156304 -383.58976 1030.211776 77.156304 -398.717952 1030.211776 77.156304 -413.846176 1030.211776 77.156304 -428.974368 1030.211776 77.156304 -444.10256 1030.211776 77.156304 -459.230784 1030.211776 77.156304 -474.358976 1030.211776 77.156304 -489.487168 1030.211776 77.156304 -504.615392 1030.211776 77.156304 -519.743584 1030.211776 77.156304 -534.87184 1030.211776 77.156304 -550 1033.500032 74.500008 -550 1033.500032 68.000008 -550 1030.499968 68.000008 -550 996.499968 68.000008 -550 996.499968 74.500008 -550 997.750016 74.500008 -550 997.843712 75.21176 -550 998.1184 75.875008 -550 998.555456 76.444552 -550 999.124992 76.881576 -550 999.788288 77.156304 -550 1000.499968 77.250008 24.871786 999.788288 77.156304 9.743582 999.788288 77.156304 -5.384623 999.788288 77.156304 -20.512828 999.788288 77.156304 -35.641032 999.788288 77.156304 -50.769236 999.788288 77.156304 -65.897444 999.788288 77.156304 -81.025648 999.788288 77.156304 -96.153856 999.788288 77.156304 -111.282056 999.788288 77.156304 -126.410264 999.788288 77.156304 -141.538464 999.788288 77.156304 -156.666672 999.788288 77.156304 -171.79488 999.788288 77.156304 -186.923088 999.788288 77.156304 -202.05128 999.788288 77.156304 -217.179488 999.788288 77.156304 -232.307696 999.788288 77.156304 -247.43592 999.788288 77.156304 -262.564112 999.788288 77.156304 -277.69232 999.788288 77.156304 -292.820512 999.788288 77.156304 -307.948736 999.788288 77.156304 -323.076928 999.788288 77.156304 -338.205152 999.788288 77.156304 -353.333344 999.788288 77.156304 -368.461536 999.788288 77.156304 -383.58976 999.788288 77.156304 -398.717952 999.788288 77.156304 -413.846176 999.788288 77.156304 -428.974368 999.788288 77.156304 -444.10256 999.788288 77.156304 -459.230784 999.788288 77.156304 -474.358976 999.788288 77.156304 -489.487168 999.788288 77.156304 -504.615392 999.788288 77.156304 -519.743584 999.788288 77.156304 -534.87184 999.788288 77.156304 24.871786 999.124992 76.881576 9.743582 999.124992 76.881576 -5.384623 999.124992 76.881576 -20.512828 999.124992 76.881576 -35.641032 999.124992 76.881576 -50.769236 999.124992 76.881576 -65.897444 999.124992 76.881576 -81.025648 999.124992 76.881576 -96.153856 999.124992 76.881576 -111.282056 999.124992 76.881576 -126.410264 999.124992 76.881576 -141.538464 999.124992 76.881576 -156.666672 999.124992 76.881576 -171.79488 999.124992 76.881576 -186.923088 999.124992 76.881576 -202.05128 999.124992 76.881576 -217.179488 999.124992 76.881576 -232.307696 999.124992 76.881576 -247.43592 999.124992 76.881576 -262.564112 999.124992 76.881576 -277.69232 999.124992 76.881576 -292.820512 999.124992 76.881576 -307.948736 999.124992 76.881576 -323.076928 999.124992 76.881576 -338.205152 999.124992 76.881576 -353.333344 999.124992 76.881576 -368.461536 999.124992 76.881576 -383.58976 999.124992 76.881576 -398.717952 999.124992 76.881576 -413.846176 999.124992 76.881576 -428.974368 999.124992 76.881576 -444.10256 999.124992 76.881576 -459.230784 999.124992 76.881576 -474.358976 999.124992 76.881576 -489.487168 999.124992 76.881576 -504.615392 999.124992 76.881576 -519.743584 999.124992 76.881576 -534.87184 999.124992 76.881576 24.871786 998.555456 76.444552 9.743582 998.555456 76.444552 -5.384623 998.555456 76.444552 -20.512828 998.555456 76.444552 -35.641032 998.555456 76.444552 -50.769236 998.555456 76.444552 -65.897444 998.555456 76.444552 -81.025648 998.555456 76.444552 -96.153856 998.555456 76.444552 -111.282056 998.555456 76.444552 -126.410264 998.555456 76.444552 -141.538464 998.555456 76.444552 -156.666672 998.555456 76.444552 -171.79488 998.555456 76.444552 -186.923088 998.555456 76.444552 -202.05128 998.555456 76.444552 -217.179488 998.555456 76.444552 -232.307696 998.555456 76.444552 -247.43592 998.555456 76.444552 -262.564112 998.555456 76.444552 -277.69232 998.555456 76.444552 -292.820512 998.555456 76.444552 -307.948736 998.555456 76.444552 -323.076928 998.555456 76.444552 -338.205152 998.555456 76.444552 -353.333344 998.555456 76.444552 -368.461536 998.555456 76.444552 -383.58976 998.555456 76.444552 -398.717952 998.555456 76.444552 -413.846176 998.555456 76.444552 -428.974368 998.555456 76.444552 -444.10256 998.555456 76.444552 -459.230784 998.555456 76.444552 -474.358976 998.555456 76.444552 -489.487168 998.555456 76.444552 -504.615392 998.555456 76.444552 -519.743584 998.555456 76.444552 -534.87184 998.555456 76.444552 24.871786 998.1184 75.875008 9.743582 998.1184 75.875008 -5.384623 998.1184 75.875008 -20.512828 998.1184 75.875008 -35.641032 998.1184 75.875008 -50.769236 998.1184 75.875008 -65.897444 998.1184 75.875008 -81.025648 998.1184 75.875008 -96.153856 998.1184 75.875008 -111.282056 998.1184 75.875008 -126.410264 998.1184 75.875008 -141.538464 998.1184 75.875008 -156.666672 998.1184 75.875008 -171.79488 998.1184 75.875008 -186.923088 998.1184 75.875008 -202.05128 998.1184 75.875008 -217.179488 998.1184 75.875008 -232.307696 998.1184 75.875008 -247.43592 998.1184 75.875008 -262.564112 998.1184 75.875008 -277.69232 998.1184 75.875008 -292.820512 998.1184 75.875008 -307.948736 998.1184 75.875008 -323.076928 998.1184 75.875008 -338.205152 998.1184 75.875008 -353.333344 998.1184 75.875008 -368.461536 998.1184 75.875008 -383.58976 998.1184 75.875008 -398.717952 998.1184 75.875008 -413.846176 998.1184 75.875008 -428.974368 998.1184 75.875008 -444.10256 998.1184 75.875008 -459.230784 998.1184 75.875008 -474.358976 998.1184 75.875008 -489.487168 998.1184 75.875008 -504.615392 998.1184 75.875008 -519.743584 998.1184 75.875008 -534.87184 998.1184 75.875008 24.871786 997.843712 75.21176 9.743582 997.843712 75.21176 -5.384623 997.843712 75.21176 -20.512828 997.843712 75.21176 -35.641032 997.843712 75.21176 -50.769236 997.843712 75.21176 -65.897444 997.843712 75.21176 -81.025648 997.843712 75.21176 -96.153856 997.843712 75.21176 -111.282056 997.843712 75.21176 -126.410264 997.843712 75.21176 -141.538464 997.843712 75.21176 -156.666672 997.843712 75.21176 -171.79488 997.843712 75.21176 -186.923088 997.843712 75.21176 -202.05128 997.843712 75.21176 -217.179488 997.843712 75.21176 -232.307696 997.843712 75.21176 -247.43592 997.843712 75.21176 -262.564112 997.843712 75.21176 -277.69232 997.843712 75.21176 -292.820512 997.843712 75.21176 -307.948736 997.843712 75.21176 -323.076928 997.843712 75.21176 -338.205152 997.843712 75.21176 -353.333344 997.843712 75.21176 -368.461536 997.843712 75.21176 -383.58976 997.843712 75.21176 -398.717952 997.843712 75.21176 -413.846176 997.843712 75.21176 -428.974368 997.843712 75.21176 -444.10256 997.843712 75.21176 -459.230784 997.843712 75.21176 -474.358976 997.843712 75.21176 -489.487168 997.843712 75.21176 -504.615392 997.843712 75.21176 -519.743584 997.843712 75.21176 -534.87184 997.843712 75.21176 -550 1000.499968 78.500008 -550 1007 78.500008 -550 1007 75.500008 -550 1007 41.500008 -550 1000.499968 41.500008 -550 1000.499968 42.750008 -550 999.788288 42.843712 -550 999.124992 43.11844 -550 998.555456 43.555464 -550 998.1184 44.125008 -550 997.843712 44.788256 -550 997.750016 45.500008 24.871786 997.843712 44.788256 9.743582 997.843712 44.788256 -5.384623 997.843712 44.788256 -20.512828 997.843712 44.788256 -35.641032 997.843712 44.788256 -50.769236 997.843712 44.788256 -65.897444 997.843712 44.788256 -81.025648 997.843712 44.788256 -96.153856 997.843712 44.788256 -111.282056 997.843712 44.788256 -126.410264 997.843712 44.788256 -141.538464 997.843712 44.788256 -156.666672 997.843712 44.788256 -171.79488 997.843712 44.788256 -186.923088 997.843712 44.788256 -202.05128 997.843712 44.788256 -217.179488 997.843712 44.788256 -232.307696 997.843712 44.788256 -247.43592 997.843712 44.788256 -262.564112 997.843712 44.788256 -277.69232 997.843712 44.788256 -292.820512 997.843712 44.788256 -307.948736 997.843712 44.788256 -323.076928 997.843712 44.788256 -338.205152 997.843712 44.788256 -353.333344 997.843712 44.788256 -368.461536 997.843712 44.788256 -383.58976 997.843712 44.788256 -398.717952 997.843712 44.788256 -413.846176 997.843712 44.788256 -428.974368 997.843712 44.788256 -444.10256 997.843712 44.788256 -459.230784 997.843712 44.788256 -474.358976 997.843712 44.788256 -489.487168 997.843712 44.788256 -504.615392 997.843712 44.788256 -519.743584 997.843712 44.788256 -534.87184 997.843712 44.788256 24.871786 998.1184 44.125008 9.743582 998.1184 44.125008 -5.384623 998.1184 44.125008 -20.512828 998.1184 44.125008 -35.641032 998.1184 44.125008 -50.769236 998.1184 44.125008 -65.897444 998.1184 44.125008 -81.025648 998.1184 44.125008 -96.153856 998.1184 44.125008 -111.282056 998.1184 44.125008 -126.410264 998.1184 44.125008 -141.538464 998.1184 44.125008 -156.666672 998.1184 44.125008 -171.79488 998.1184 44.125008 -186.923088 998.1184 44.125008 -202.05128 998.1184 44.125008 -217.179488 998.1184 44.125008 -232.307696 998.1184 44.125008 -247.43592 998.1184 44.125008 -262.564112 998.1184 44.125008 -277.69232 998.1184 44.125008 -292.820512 998.1184 44.125008 -307.948736 998.1184 44.125008 -323.076928 998.1184 44.125008 -338.205152 998.1184 44.125008 -353.333344 998.1184 44.125008 -368.461536 998.1184 44.125008 -383.58976 998.1184 44.125008 -398.717952 998.1184 44.125008 -413.846176 998.1184 44.125008 -428.974368 998.1184 44.125008 -444.10256 998.1184 44.125008 -459.230784 998.1184 44.125008 -474.358976 998.1184 44.125008 -489.487168 998.1184 44.125008 -504.615392 998.1184 44.125008 -519.743584 998.1184 44.125008 -534.87184 998.1184 44.125008 24.871786 998.555456 43.555464 9.743582 998.555456 43.555464 -5.384623 998.555456 43.555464 -20.512828 998.555456 43.555464 -35.641032 998.555456 43.555464 -50.769236 998.555456 43.555464 -65.897444 998.555456 43.555464 -81.025648 998.555456 43.555464 -96.153856 998.555456 43.555464 -111.282056 998.555456 43.555464 -126.410264 998.555456 43.555464 -141.538464 998.555456 43.555464 -156.666672 998.555456 43.555464 -171.79488 998.555456 43.555464 -186.923088 998.555456 43.555464 -202.05128 998.555456 43.555464 -217.179488 998.555456 43.555464 -232.307696 998.555456 43.555464 -247.43592 998.555456 43.555464 -262.564112 998.555456 43.555464 -277.69232 998.555456 43.555464 -292.820512 998.555456 43.555464 -307.948736 998.555456 43.555464 -323.076928 998.555456 43.555464 -338.205152 998.555456 43.555464 -353.333344 998.555456 43.555464 -368.461536 998.555456 43.555464 -383.58976 998.555456 43.555464 -398.717952 998.555456 43.555464 -413.846176 998.555456 43.555464 -428.974368 998.555456 43.555464 -444.10256 998.555456 43.555464 -459.230784 998.555456 43.555464 -474.358976 998.555456 43.555464 -489.487168 998.555456 43.555464 -504.615392 998.555456 43.555464 -519.743584 998.555456 43.555464 -534.87184 998.555456 43.555464 24.871786 999.124992 43.11844 9.743582 999.124992 43.11844 -5.384623 999.124992 43.11844 -20.512828 999.124992 43.11844 -35.641032 999.124992 43.11844 -50.769236 999.124992 43.11844 -65.897444 999.124992 43.11844 -81.025648 999.124992 43.11844 -96.153856 999.124992 43.11844 -111.282056 999.124992 43.11844 -126.410264 999.124992 43.11844 -141.538464 999.124992 43.11844 -156.666672 999.124992 43.11844 -171.79488 999.124992 43.11844 -186.923088 999.124992 43.11844 -202.05128 999.124992 43.11844 -217.179488 999.124992 43.11844 -232.307696 999.124992 43.11844 -247.43592 999.124992 43.11844 -262.564112 999.124992 43.11844 -277.69232 999.124992 43.11844 -292.820512 999.124992 43.11844 -307.948736 999.124992 43.11844 -323.076928 999.124992 43.11844 -338.205152 999.124992 43.11844 -353.333344 999.124992 43.11844 -368.461536 999.124992 43.11844 -383.58976 999.124992 43.11844 -398.717952 999.124992 43.11844 -413.846176 999.124992 43.11844 -428.974368 999.124992 43.11844 -444.10256 999.124992 43.11844 -459.230784 999.124992 43.11844 -474.358976 999.124992 43.11844 -489.487168 999.124992 43.11844 -504.615392 999.124992 43.11844 -519.743584 999.124992 43.11844 -534.87184 999.124992 43.11844 24.871786 999.788288 42.843712 9.743582 999.788288 42.843712 -5.384623 999.788288 42.843712 -20.512828 999.788288 42.843712 -35.641032 999.788288 42.843712 -50.769236 999.788288 42.843712 -65.897444 999.788288 42.843712 -81.025648 999.788288 42.843712 -96.153856 999.788288 42.843712 -111.282056 999.788288 42.843712 -126.410264 999.788288 42.843712 -141.538464 999.788288 42.843712 -156.666672 999.788288 42.843712 -171.79488 999.788288 42.843712 -186.923088 999.788288 42.843712 -202.05128 999.788288 42.843712 -217.179488 999.788288 42.843712 -232.307696 999.788288 42.843712 -247.43592 999.788288 42.843712 -262.564112 999.788288 42.843712 -277.69232 999.788288 42.843712 -292.820512 999.788288 42.843712 -307.948736 999.788288 42.843712 -323.076928 999.788288 42.843712 -338.205152 999.788288 42.843712 -353.333344 999.788288 42.843712 -368.461536 999.788288 42.843712 -383.58976 999.788288 42.843712 -398.717952 999.788288 42.843712 -413.846176 999.788288 42.843712 -428.974368 999.788288 42.843712 -444.10256 999.788288 42.843712 -459.230784 999.788288 42.843712 -474.358976 999.788288 42.843712 -489.487168 999.788288 42.843712 -504.615392 999.788288 42.843712 -519.743584 999.788288 42.843712 -534.87184 999.788288 42.843712 -550 996.499968 45.500008 -550 996.499968 52.000008 -550 999.500032 52.000008 -550 1033.500032 52.000008 -550 1033.500032 45.500008 -550 1032.249984 45.500008 -550 1032.156224 44.788256 -550 1031.8816 44.125008 -550 1031.444608 43.555464 -550 1030.875008 43.11844 -550 1030.211776 42.843712 -550 1029.500032 42.750008 24.871786 1030.211776 42.843712 9.743582 1030.211776 42.843712 -5.384623 1030.211776 42.843712 -20.512828 1030.211776 42.843712 -35.641032 1030.211776 42.843712 -50.769236 1030.211776 42.843712 -65.897444 1030.211776 42.843712 -81.025648 1030.211776 42.843712 -96.153856 1030.211776 42.843712 -111.282056 1030.211776 42.843712 -126.410264 1030.211776 42.843712 -141.538464 1030.211776 42.843712 -156.666672 1030.211776 42.843712 -171.79488 1030.211776 42.843712 -186.923088 1030.211776 42.843712 -202.05128 1030.211776 42.843712 -217.179488 1030.211776 42.843712 -232.307696 1030.211776 42.843712 -247.43592 1030.211776 42.843712 -262.564112 1030.211776 42.843712 -277.69232 1030.211776 42.843712 -292.820512 1030.211776 42.843712 -307.948736 1030.211776 42.843712 -323.076928 1030.211776 42.843712 -338.205152 1030.211776 42.843712 -353.333344 1030.211776 42.843712 -368.461536 1030.211776 42.843712 -383.58976 1030.211776 42.843712 -398.717952 1030.211776 42.843712 -413.846176 1030.211776 42.843712 -428.974368 1030.211776 42.843712 -444.10256 1030.211776 42.843712 -459.230784 1030.211776 42.843712 -474.358976 1030.211776 42.843712 -489.487168 1030.211776 42.843712 -504.615392 1030.211776 42.843712 -519.743584 1030.211776 42.843712 -534.87184 1030.211776 42.843712 24.871786 1030.875008 43.11844 9.743582 1030.875008 43.11844 -5.384623 1030.875008 43.11844 -20.512828 1030.875008 43.11844 -35.641032 1030.875008 43.11844 -50.769236 1030.875008 43.11844 -65.897444 1030.875008 43.11844 -81.025648 1030.875008 43.11844 -96.153856 1030.875008 43.11844 -111.282056 1030.875008 43.11844 -126.410264 1030.875008 43.11844 -141.538464 1030.875008 43.11844 -156.666672 1030.875008 43.11844 -171.79488 1030.875008 43.11844 -186.923088 1030.875008 43.11844 -202.05128 1030.875008 43.11844 -217.179488 1030.875008 43.11844 -232.307696 1030.875008 43.11844 -247.43592 1030.875008 43.11844 -262.564112 1030.875008 43.11844 -277.69232 1030.875008 43.11844 -292.820512 1030.875008 43.11844 -307.948736 1030.875008 43.11844 -323.076928 1030.875008 43.11844 -338.205152 1030.875008 43.11844 -353.333344 1030.875008 43.11844 -368.461536 1030.875008 43.11844 -383.58976 1030.875008 43.11844 -398.717952 1030.875008 43.11844 -413.846176 1030.875008 43.11844 -428.974368 1030.875008 43.11844 -444.10256 1030.875008 43.11844 -459.230784 1030.875008 43.11844 -474.358976 1030.875008 43.11844 -489.487168 1030.875008 43.11844 -504.615392 1030.875008 43.11844 -519.743584 1030.875008 43.11844 -534.87184 1030.875008 43.11844 24.871786 1031.444608 43.555464 9.743582 1031.444608 43.555464 -5.384623 1031.444608 43.555464 -20.512828 1031.444608 43.555464 -35.641032 1031.444608 43.555464 -50.769236 1031.444608 43.555464 -65.897444 1031.444608 43.555464 -81.025648 1031.444608 43.555464 -96.153856 1031.444608 43.555464 -111.282056 1031.444608 43.555464 -126.410264 1031.444608 43.555464 -141.538464 1031.444608 43.555464 -156.666672 1031.444608 43.555464 -171.79488 1031.444608 43.555464 -186.923088 1031.444608 43.555464 -202.05128 1031.444608 43.555464 -217.179488 1031.444608 43.555464 -232.307696 1031.444608 43.555464 -247.43592 1031.444608 43.555464 -262.564112 1031.444608 43.555464 -277.69232 1031.444608 43.555464 -292.820512 1031.444608 43.555464 -307.948736 1031.444608 43.555464 -323.076928 1031.444608 43.555464 -338.205152 1031.444608 43.555464 -353.333344 1031.444608 43.555464 -368.461536 1031.444608 43.555464 -383.58976 1031.444608 43.555464 -398.717952 1031.444608 43.555464 -413.846176 1031.444608 43.555464 -428.974368 1031.444608 43.555464 -444.10256 1031.444608 43.555464 -459.230784 1031.444608 43.555464 -474.358976 1031.444608 43.555464 -489.487168 1031.444608 43.555464 -504.615392 1031.444608 43.555464 -519.743584 1031.444608 43.555464 -534.87184 1031.444608 43.555464 24.871786 1031.8816 44.125008 9.743582 1031.8816 44.125008 -5.384623 1031.8816 44.125008 -20.512828 1031.8816 44.125008 -35.641032 1031.8816 44.125008 -50.769236 1031.8816 44.125008 -65.897444 1031.8816 44.125008 -81.025648 1031.8816 44.125008 -96.153856 1031.8816 44.125008 -111.282056 1031.8816 44.125008 -126.410264 1031.8816 44.125008 -141.538464 1031.8816 44.125008 -156.666672 1031.8816 44.125008 -171.79488 1031.8816 44.125008 -186.923088 1031.8816 44.125008 -202.05128 1031.8816 44.125008 -217.179488 1031.8816 44.125008 -232.307696 1031.8816 44.125008 -247.43592 1031.8816 44.125008 -262.564112 1031.8816 44.125008 -277.69232 1031.8816 44.125008 -292.820512 1031.8816 44.125008 -307.948736 1031.8816 44.125008 -323.076928 1031.8816 44.125008 -338.205152 1031.8816 44.125008 -353.333344 1031.8816 44.125008 -368.461536 1031.8816 44.125008 -383.58976 1031.8816 44.125008 -398.717952 1031.8816 44.125008 -413.846176 1031.8816 44.125008 -428.974368 1031.8816 44.125008 -444.10256 1031.8816 44.125008 -459.230784 1031.8816 44.125008 -474.358976 1031.8816 44.125008 -489.487168 1031.8816 44.125008 -504.615392 1031.8816 44.125008 -519.743584 1031.8816 44.125008 -534.87184 1031.8816 44.125008 24.871786 1032.156224 44.788256 9.743582 1032.156224 44.788256 -5.384623 1032.156224 44.788256 -20.512828 1032.156224 44.788256 -35.641032 1032.156224 44.788256 -50.769236 1032.156224 44.788256 -65.897444 1032.156224 44.788256 -81.025648 1032.156224 44.788256 -96.153856 1032.156224 44.788256 -111.282056 1032.156224 44.788256 -126.410264 1032.156224 44.788256 -141.538464 1032.156224 44.788256 -156.666672 1032.156224 44.788256 -171.79488 1032.156224 44.788256 -186.923088 1032.156224 44.788256 -202.05128 1032.156224 44.788256 -217.179488 1032.156224 44.788256 -232.307696 1032.156224 44.788256 -247.43592 1032.156224 44.788256 -262.564112 1032.156224 44.788256 -277.69232 1032.156224 44.788256 -292.820512 1032.156224 44.788256 -307.948736 1032.156224 44.788256 -323.076928 1032.156224 44.788256 -338.205152 1032.156224 44.788256 -353.333344 1032.156224 44.788256 -368.461536 1032.156224 44.788256 -383.58976 1032.156224 44.788256 -398.717952 1032.156224 44.788256 -413.846176 1032.156224 44.788256 -428.974368 1032.156224 44.788256 -444.10256 1032.156224 44.788256 -459.230784 1032.156224 44.788256 -474.358976 1032.156224 44.788256 -489.487168 1032.156224 44.788256 -504.615392 1032.156224 44.788256 -519.743584 1032.156224 44.788256 -534.87184 1032.156224 44.788256 -550 1029.500032 41.500008 -550 1023 41.500008 -550 1023 44.500008 -550 1004.950016 71.464216 -550 1004.950016 74.000008 -550 1010 74.000008 -550 1010 78.500008 -550 1009.2 78.500008 -550 1009.2 80.000008 -550 998 80.000008 -550 997.223552 79.897792 -550 996.499968 79.59808 -550 995.878656 79.121328 -550 995.40192 78.500008 -550 995.102208 77.776464 -550 995 77.000008 23.142848 995.102208 77.776464 6.285706 995.102208 77.776464 -10.571437 995.102208 77.776464 -27.42858 995.102208 77.776464 -44.28572 995.102208 77.776464 -61.142864 995.102208 77.776464 -78.000008 995.102208 77.776464 -94.857152 995.102208 77.776464 -111.714296 995.102208 77.776464 -128.57144 995.102208 77.776464 -145.428576 995.102208 77.776464 -162.285728 995.102208 77.776464 -179.142864 995.102208 77.776464 -196.000016 995.102208 77.776464 -212.857152 995.102208 77.776464 -229.714288 995.102208 77.776464 -246.57144 995.102208 77.776464 -263.428592 995.102208 77.776464 -280.285728 995.102208 77.776464 -297.142848 995.102208 77.776464 -314 995.102208 77.776464 -330.857152 995.102208 77.776464 -347.714304 995.102208 77.776464 -364.571456 995.102208 77.776464 -381.428576 995.102208 77.776464 -398.285728 995.102208 77.776464 -415.142848 995.102208 77.776464 -432 995.102208 77.776464 -448.857152 995.102208 77.776464 -465.714304 995.102208 77.776464 -482.571456 995.102208 77.776464 -499.428576 995.102208 77.776464 -516.285696 995.102208 77.776464 -533.14288 995.102208 77.776464 23.142848 995.40192 78.500008 6.285706 995.40192 78.500008 -10.571437 995.40192 78.500008 -27.42858 995.40192 78.500008 -44.28572 995.40192 78.500008 -61.142864 995.40192 78.500008 -78.000008 995.40192 78.500008 -94.857152 995.40192 78.500008 -111.714296 995.40192 78.500008 -128.57144 995.40192 78.500008 -145.428576 995.40192 78.500008 -162.285728 995.40192 78.500008 -179.142864 995.40192 78.500008 -196.000016 995.40192 78.500008 -212.857152 995.40192 78.500008 -229.714288 995.40192 78.500008 -246.57144 995.40192 78.500008 -263.428592 995.40192 78.500008 -280.285728 995.40192 78.500008 -297.142848 995.40192 78.500008 -314 995.40192 78.500008 -330.857152 995.40192 78.500008 -347.714304 995.40192 78.500008 -364.571456 995.40192 78.500008 -381.428576 995.40192 78.500008 -398.285728 995.40192 78.500008 -415.142848 995.40192 78.500008 -432 995.40192 78.500008 -448.857152 995.40192 78.500008 -465.714304 995.40192 78.500008 -482.571456 995.40192 78.500008 -499.428576 995.40192 78.500008 -516.285696 995.40192 78.500008 -533.14288 995.40192 78.500008 23.142848 995.878656 79.121328 6.285706 995.878656 79.121328 -10.571437 995.878656 79.121328 -27.42858 995.878656 79.121328 -44.28572 995.878656 79.121328 -61.142864 995.878656 79.121328 -78.000008 995.878656 79.121328 -94.857152 995.878656 79.121328 -111.714296 995.878656 79.121328 -128.57144 995.878656 79.121328 -145.428576 995.878656 79.121328 -162.285728 995.878656 79.121328 -179.142864 995.878656 79.121328 -196.000016 995.878656 79.121328 -212.857152 995.878656 79.121328 -229.714288 995.878656 79.121328 -246.57144 995.878656 79.121328 -263.428592 995.878656 79.121328 -280.285728 995.878656 79.121328 -297.142848 995.878656 79.121328 -314 995.878656 79.121328 -330.857152 995.878656 79.121328 -347.714304 995.878656 79.121328 -364.571456 995.878656 79.121328 -381.428576 995.878656 79.121328 -398.285728 995.878656 79.121328 -415.142848 995.878656 79.121328 -432 995.878656 79.121328 -448.857152 995.878656 79.121328 -465.714304 995.878656 79.121328 -482.571456 995.878656 79.121328 -499.428576 995.878656 79.121328 -516.285696 995.878656 79.121328 -533.14288 995.878656 79.121328 23.142848 996.499968 79.59808 6.285706 996.499968 79.59808 -10.571437 996.499968 79.59808 -27.42858 996.499968 79.59808 -44.28572 996.499968 79.59808 -61.142864 996.499968 79.59808 -78.000008 996.499968 79.59808 -94.857152 996.499968 79.59808 -111.714296 996.499968 79.59808 -128.57144 996.499968 79.59808 -145.428576 996.499968 79.59808 -162.285728 996.499968 79.59808 -179.142864 996.499968 79.59808 -196.000016 996.499968 79.59808 -212.857152 996.499968 79.59808 -229.714288 996.499968 79.59808 -246.57144 996.499968 79.59808 -263.428592 996.499968 79.59808 -280.285728 996.499968 79.59808 -297.142848 996.499968 79.59808 -314 996.499968 79.59808 -330.857152 996.499968 79.59808 -347.714304 996.499968 79.59808 -364.571456 996.499968 79.59808 -381.428576 996.499968 79.59808 -398.285728 996.499968 79.59808 -415.142848 996.499968 79.59808 -432 996.499968 79.59808 -448.857152 996.499968 79.59808 -465.714304 996.499968 79.59808 -482.571456 996.499968 79.59808 -499.428576 996.499968 79.59808 -516.285696 996.499968 79.59808 -533.14288 996.499968 79.59808 23.142848 997.223552 79.897792 6.285706 997.223552 79.897792 -10.571437 997.223552 79.897792 -27.42858 997.223552 79.897792 -44.28572 997.223552 79.897792 -61.142864 997.223552 79.897792 -78.000008 997.223552 79.897792 -94.857152 997.223552 79.897792 -111.714296 997.223552 79.897792 -128.57144 997.223552 79.897792 -145.428576 997.223552 79.897792 -162.285728 997.223552 79.897792 -179.142864 997.223552 79.897792 -196.000016 997.223552 79.897792 -212.857152 997.223552 79.897792 -229.714288 997.223552 79.897792 -246.57144 997.223552 79.897792 -263.428592 997.223552 79.897792 -280.285728 997.223552 79.897792 -297.142848 997.223552 79.897792 -314 997.223552 79.897792 -330.857152 997.223552 79.897792 -347.714304 997.223552 79.897792 -364.571456 997.223552 79.897792 -381.428576 997.223552 79.897792 -398.285728 997.223552 79.897792 -415.142848 997.223552 79.897792 -432 997.223552 79.897792 -448.857152 997.223552 79.897792 -465.714304 997.223552 79.897792 -482.571456 997.223552 79.897792 -499.428576 997.223552 79.897792 -516.285696 997.223552 79.897792 -533.14288 997.223552 79.897792 -550 995 65.800012 -550 996.499968 65.800012 -550 996.499968 65.000008 -550 1001 65.000008 -550 1001 70.050008 -550 1003.535744 70.050008 -550 1007.500032 66.085792 -550 1007.500032 53.914224 -550 1003.535744 49.950008 -550 1001 49.950008 -550 1001 55.000008 -550 996.499968 55.000008 -550 996.499968 54.200008 -550 995 54.200008 -550 995 43.000008 -550 995.102208 42.223552 -550 995.40192 41.500008 -550 995.878656 40.878688 -550 996.499968 40.401932 -550 997.223552 40.102232 -550 998 40.000008 23.142848 997.223552 40.102232 6.285706 997.223552 40.102232 -10.571437 997.223552 40.102232 -27.42858 997.223552 40.102232 -44.28572 997.223552 40.102232 -61.142864 997.223552 40.102232 -78.000008 997.223552 40.102232 -94.857152 997.223552 40.102232 -111.714296 997.223552 40.102232 -128.57144 997.223552 40.102232 -145.428576 997.223552 40.102232 -162.285728 997.223552 40.102232 -179.142864 997.223552 40.102232 -196.000016 997.223552 40.102232 -212.857152 997.223552 40.102232 -229.714288 997.223552 40.102232 -246.57144 997.223552 40.102232 -263.428592 997.223552 40.102232 -280.285728 997.223552 40.102232 -297.142848 997.223552 40.102232 -314 997.223552 40.102232 -330.857152 997.223552 40.102232 -347.714304 997.223552 40.102232 -364.571456 997.223552 40.102232 -381.428576 997.223552 40.102232 -398.285728 997.223552 40.102232 -415.142848 997.223552 40.102232 -432 997.223552 40.102232 -448.857152 997.223552 40.102232 -465.714304 997.223552 40.102232 -482.571456 997.223552 40.102232 -499.428576 997.223552 40.102232 -516.285696 997.223552 40.102232 -533.14288 997.223552 40.102232 23.142848 996.499968 40.401932 6.285706 996.499968 40.401932 -10.571437 996.499968 40.401932 -27.42858 996.499968 40.401932 -44.28572 996.499968 40.401932 -61.142864 996.499968 40.401932 -78.000008 996.499968 40.401932 -94.857152 996.499968 40.401932 -111.714296 996.499968 40.401932 -128.57144 996.499968 40.401932 -145.428576 996.499968 40.401932 -162.285728 996.499968 40.401932 -179.142864 996.499968 40.401932 -196.000016 996.499968 40.401932 -212.857152 996.499968 40.401932 -229.714288 996.499968 40.401932 -246.57144 996.499968 40.401932 -263.428592 996.499968 40.401932 -280.285728 996.499968 40.401932 -297.142848 996.499968 40.401932 -314 996.499968 40.401932 -330.857152 996.499968 40.401932 -347.714304 996.499968 40.401932 -364.571456 996.499968 40.401932 -381.428576 996.499968 40.401932 -398.285728 996.499968 40.401932 -415.142848 996.499968 40.401932 -432 996.499968 40.401932 -448.857152 996.499968 40.401932 -465.714304 996.499968 40.401932 -482.571456 996.499968 40.401932 -499.428576 996.499968 40.401932 -516.285696 996.499968 40.401932 -533.14288 996.499968 40.401932 23.142848 995.878656 40.878688 6.285706 995.878656 40.878688 -10.571437 995.878656 40.878688 -27.42858 995.878656 40.878688 -44.28572 995.878656 40.878688 -61.142864 995.878656 40.878688 -78.000008 995.878656 40.878688 -94.857152 995.878656 40.878688 -111.714296 995.878656 40.878688 -128.57144 995.878656 40.878688 -145.428576 995.878656 40.878688 -162.285728 995.878656 40.878688 -179.142864 995.878656 40.878688 -196.000016 995.878656 40.878688 -212.857152 995.878656 40.878688 -229.714288 995.878656 40.878688 -246.57144 995.878656 40.878688 -263.428592 995.878656 40.878688 -280.285728 995.878656 40.878688 -297.142848 995.878656 40.878688 -314 995.878656 40.878688 -330.857152 995.878656 40.878688 -347.714304 995.878656 40.878688 -364.571456 995.878656 40.878688 -381.428576 995.878656 40.878688 -398.285728 995.878656 40.878688 -415.142848 995.878656 40.878688 -432 995.878656 40.878688 -448.857152 995.878656 40.878688 -465.714304 995.878656 40.878688 -482.571456 995.878656 40.878688 -499.428576 995.878656 40.878688 -516.285696 995.878656 40.878688 -533.14288 995.878656 40.878688 23.142848 995.40192 41.500008 6.285706 995.40192 41.500008 -10.571437 995.40192 41.500008 -27.42858 995.40192 41.500008 -44.28572 995.40192 41.500008 -61.142864 995.40192 41.500008 -78.000008 995.40192 41.500008 -94.857152 995.40192 41.500008 -111.714296 995.40192 41.500008 -128.57144 995.40192 41.500008 -145.428576 995.40192 41.500008 -162.285728 995.40192 41.500008 -179.142864 995.40192 41.500008 -196.000016 995.40192 41.500008 -212.857152 995.40192 41.500008 -229.714288 995.40192 41.500008 -246.57144 995.40192 41.500008 -263.428592 995.40192 41.500008 -280.285728 995.40192 41.500008 -297.142848 995.40192 41.500008 -314 995.40192 41.500008 -330.857152 995.40192 41.500008 -347.714304 995.40192 41.500008 -364.571456 995.40192 41.500008 -381.428576 995.40192 41.500008 -398.285728 995.40192 41.500008 -415.142848 995.40192 41.500008 -432 995.40192 41.500008 -448.857152 995.40192 41.500008 -465.714304 995.40192 41.500008 -482.571456 995.40192 41.500008 -499.428576 995.40192 41.500008 -516.285696 995.40192 41.500008 -533.14288 995.40192 41.500008 23.142848 995.102208 42.223552 6.285706 995.102208 42.223552 -10.571437 995.102208 42.223552 -27.42858 995.102208 42.223552 -44.28572 995.102208 42.223552 -61.142864 995.102208 42.223552 -78.000008 995.102208 42.223552 -94.857152 995.102208 42.223552 -111.714296 995.102208 42.223552 -128.57144 995.102208 42.223552 -145.428576 995.102208 42.223552 -162.285728 995.102208 42.223552 -179.142864 995.102208 42.223552 -196.000016 995.102208 42.223552 -212.857152 995.102208 42.223552 -229.714288 995.102208 42.223552 -246.57144 995.102208 42.223552 -263.428592 995.102208 42.223552 -280.285728 995.102208 42.223552 -297.142848 995.102208 42.223552 -314 995.102208 42.223552 -330.857152 995.102208 42.223552 -347.714304 995.102208 42.223552 -364.571456 995.102208 42.223552 -381.428576 995.102208 42.223552 -398.285728 995.102208 42.223552 -415.142848 995.102208 42.223552 -432 995.102208 42.223552 -448.857152 995.102208 42.223552 -465.714304 995.102208 42.223552 -482.571456 995.102208 42.223552 -499.428576 995.102208 42.223552 -516.285696 995.102208 42.223552 -533.14288 995.102208 42.223552 -550 1009.2 40.000008 -550 1009.2 41.500008 -550 1010 41.500008 -550 1010 46.000008 -550 1004.950016 46.000008 -550 1004.950016 48.535792 -550 1008.914176 52.500008 -550 1021.085824 52.500008 -550 1025.050048 48.535792 -550 1009.8 54.800008 -550 1009.8 57.738984 -550 1020.2 54.800008 -550 1017.261056 54.800008 -550 1019.895232 61.01822 -550 1020 60.000008 -550 1019.895232 58.9818 -550 1019.585344 58.006264 18.14814 1019.895232 58.9818 -3.703712 1019.895232 58.9818 -25.555562 1019.895232 58.9818 -47.407416 1019.895232 58.9818 -69.259272 1019.895232 58.9818 -91.11112 1019.895232 58.9818 -112.962976 1019.895232 58.9818 -134.814816 1019.895232 58.9818 -156.666672 1019.895232 58.9818 -178.518528 1019.895232 58.9818 -200.370384 1019.895232 58.9818 -222.222224 1019.895232 58.9818 -244.07408 1019.895232 58.9818 -265.925936 1019.895232 58.9818 -287.77776 1019.895232 58.9818 -309.629632 1019.895232 58.9818 -331.481472 1019.895232 58.9818 -353.333344 1019.895232 58.9818 -375.185184 1019.895232 58.9818 -397.037056 1019.895232 58.9818 -418.888896 1019.895232 58.9818 -440.740768 1019.895232 58.9818 -462.592576 1019.895232 58.9818 -484.444448 1019.895232 58.9818 -506.296288 1019.895232 58.9818 -528.148128 1019.895232 58.9818 18.14814 1020 60.000008 -3.703712 1020 60.000008 -25.555562 1020 60.000008 -47.407416 1020 60.000008 -69.259272 1020 60.000008 -91.11112 1020 60.000008 -112.962976 1020 60.000008 -134.814816 1020 60.000008 -156.666672 1020 60.000008 -178.518528 1020 60.000008 -200.370384 1020 60.000008 -222.222224 1020 60.000008 -244.07408 1020 60.000008 -265.925936 1020 60.000008 -287.77776 1020 60.000008 -309.629632 1020 60.000008 -331.481472 1020 60.000008 -353.333344 1020 60.000008 -375.185184 1020 60.000008 -397.037056 1020 60.000008 -418.888896 1020 60.000008 -440.740768 1020 60.000008 -462.592576 1020 60.000008 -484.444448 1020 60.000008 -506.296288 1020 60.000008 -528.148128 1020 60.000008 18.14814 1019.895232 61.01822 -3.703712 1019.895232 61.01822 -25.555562 1019.895232 61.01822 -47.407416 1019.895232 61.01822 -69.259272 1019.895232 61.01822 -91.11112 1019.895232 61.01822 -112.962976 1019.895232 61.01822 -134.814816 1019.895232 61.01822 -156.666672 1019.895232 61.01822 -178.518528 1019.895232 61.01822 -200.370384 1019.895232 61.01822 -222.222224 1019.895232 61.01822 -244.07408 1019.895232 61.01822 -265.925936 1019.895232 61.01822 -287.77776 1019.895232 61.01822 -309.629632 1019.895232 61.01822 -331.481472 1019.895232 61.01822 -353.333344 1019.895232 61.01822 -375.185184 1019.895232 61.01822 -397.037056 1019.895232 61.01822 -418.888896 1019.895232 61.01822 -440.740768 1019.895232 61.01822 -462.592576 1019.895232 61.01822 -484.444448 1019.895232 61.01822 -506.296288 1019.895232 61.01822 -528.148128 1019.895232 61.01822 -550 1016.993792 55.414708 -550 1016.018176 55.104784 -550 1015 55.000008 -550 1013.981824 55.104784 -550 1013.006208 55.414708 18.14814 1013.981824 55.104784 -3.703712 1013.981824 55.104784 -25.555562 1013.981824 55.104784 -47.407416 1013.981824 55.104784 -69.259272 1013.981824 55.104784 -91.11112 1013.981824 55.104784 -112.962976 1013.981824 55.104784 -134.814816 1013.981824 55.104784 -156.666672 1013.981824 55.104784 -178.518528 1013.981824 55.104784 -200.370384 1013.981824 55.104784 -222.222224 1013.981824 55.104784 -244.07408 1013.981824 55.104784 -265.925936 1013.981824 55.104784 -287.77776 1013.981824 55.104784 -309.629632 1013.981824 55.104784 -331.481472 1013.981824 55.104784 -353.333344 1013.981824 55.104784 -375.185184 1013.981824 55.104784 -397.037056 1013.981824 55.104784 -418.888896 1013.981824 55.104784 -440.740768 1013.981824 55.104784 -462.592576 1013.981824 55.104784 -484.444448 1013.981824 55.104784 -506.296288 1013.981824 55.104784 -528.148128 1013.981824 55.104784 18.14814 1015 55.000008 -3.703712 1015 55.000008 -25.555562 1015 55.000008 -47.407416 1015 55.000008 -69.259272 1015 55.000008 -91.11112 1015 55.000008 -112.962976 1015 55.000008 -134.814816 1015 55.000008 -156.666672 1015 55.000008 -178.518528 1015 55.000008 -200.370384 1015 55.000008 -222.222224 1015 55.000008 -244.07408 1015 55.000008 -265.925936 1015 55.000008 -287.77776 1015 55.000008 -309.629632 1015 55.000008 -331.481472 1015 55.000008 -353.333344 1015 55.000008 -375.185184 1015 55.000008 -397.037056 1015 55.000008 -418.888896 1015 55.000008 -440.740768 1015 55.000008 -462.592576 1015 55.000008 -484.444448 1015 55.000008 -506.296288 1015 55.000008 -528.148128 1015 55.000008 18.14814 1016.018176 55.104784 -3.703712 1016.018176 55.104784 -25.555562 1016.018176 55.104784 -47.407416 1016.018176 55.104784 -69.259272 1016.018176 55.104784 -91.11112 1016.018176 55.104784 -112.962976 1016.018176 55.104784 -134.814816 1016.018176 55.104784 -156.666672 1016.018176 55.104784 -178.518528 1016.018176 55.104784 -200.370384 1016.018176 55.104784 -222.222224 1016.018176 55.104784 -244.07408 1016.018176 55.104784 -265.925936 1016.018176 55.104784 -287.77776 1016.018176 55.104784 -309.629632 1016.018176 55.104784 -331.481472 1016.018176 55.104784 -353.333344 1016.018176 55.104784 -375.185184 1016.018176 55.104784 -397.037056 1016.018176 55.104784 -418.888896 1016.018176 55.104784 -440.740768 1016.018176 55.104784 -462.592576 1016.018176 55.104784 -484.444448 1016.018176 55.104784 -506.296288 1016.018176 55.104784 -528.148128 1016.018176 55.104784 -550 1030.499968 52.000008 -550 1030.499968 48.250008 -550 1029.500032 48.250008 -550 1026.750016 45.500008 -550 1026.843776 46.21176 -550 1027.1184 46.875008 -550 1027.555392 47.444552 -550 1028.124992 47.881576 -550 1028.788224 48.156304 24.871786 1028.788224 48.156304 9.743582 1028.788224 48.156304 -5.384623 1028.788224 48.156304 -20.512828 1028.788224 48.156304 -35.641032 1028.788224 48.156304 -50.769236 1028.788224 48.156304 -65.897444 1028.788224 48.156304 -81.025648 1028.788224 48.156304 -96.153856 1028.788224 48.156304 -111.282056 1028.788224 48.156304 -126.410264 1028.788224 48.156304 -141.538464 1028.788224 48.156304 -156.666672 1028.788224 48.156304 -171.79488 1028.788224 48.156304 -186.923088 1028.788224 48.156304 -202.05128 1028.788224 48.156304 -217.179488 1028.788224 48.156304 -232.307696 1028.788224 48.156304 -247.43592 1028.788224 48.156304 -262.564112 1028.788224 48.156304 -277.69232 1028.788224 48.156304 -292.820512 1028.788224 48.156304 -307.948736 1028.788224 48.156304 -323.076928 1028.788224 48.156304 -338.205152 1028.788224 48.156304 -353.333344 1028.788224 48.156304 -368.461536 1028.788224 48.156304 -383.58976 1028.788224 48.156304 -398.717952 1028.788224 48.156304 -413.846176 1028.788224 48.156304 -428.974368 1028.788224 48.156304 -444.10256 1028.788224 48.156304 -459.230784 1028.788224 48.156304 -474.358976 1028.788224 48.156304 -489.487168 1028.788224 48.156304 -504.615392 1028.788224 48.156304 -519.743584 1028.788224 48.156304 -534.87184 1028.788224 48.156304 24.871786 1028.124992 47.881576 9.743582 1028.124992 47.881576 -5.384623 1028.124992 47.881576 -20.512828 1028.124992 47.881576 -35.641032 1028.124992 47.881576 -50.769236 1028.124992 47.881576 -65.897444 1028.124992 47.881576 -81.025648 1028.124992 47.881576 -96.153856 1028.124992 47.881576 -111.282056 1028.124992 47.881576 -126.410264 1028.124992 47.881576 -141.538464 1028.124992 47.881576 -156.666672 1028.124992 47.881576 -171.79488 1028.124992 47.881576 -186.923088 1028.124992 47.881576 -202.05128 1028.124992 47.881576 -217.179488 1028.124992 47.881576 -232.307696 1028.124992 47.881576 -247.43592 1028.124992 47.881576 -262.564112 1028.124992 47.881576 -277.69232 1028.124992 47.881576 -292.820512 1028.124992 47.881576 -307.948736 1028.124992 47.881576 -323.076928 1028.124992 47.881576 -338.205152 1028.124992 47.881576 -353.333344 1028.124992 47.881576 -368.461536 1028.124992 47.881576 -383.58976 1028.124992 47.881576 -398.717952 1028.124992 47.881576 -413.846176 1028.124992 47.881576 -428.974368 1028.124992 47.881576 -444.10256 1028.124992 47.881576 -459.230784 1028.124992 47.881576 -474.358976 1028.124992 47.881576 -489.487168 1028.124992 47.881576 -504.615392 1028.124992 47.881576 -519.743584 1028.124992 47.881576 -534.87184 1028.124992 47.881576 24.871786 1027.555392 47.444552 9.743582 1027.555392 47.444552 -5.384623 1027.555392 47.444552 -20.512828 1027.555392 47.444552 -35.641032 1027.555392 47.444552 -50.769236 1027.555392 47.444552 -65.897444 1027.555392 47.444552 -81.025648 1027.555392 47.444552 -96.153856 1027.555392 47.444552 -111.282056 1027.555392 47.444552 -126.410264 1027.555392 47.444552 -141.538464 1027.555392 47.444552 -156.666672 1027.555392 47.444552 -171.79488 1027.555392 47.444552 -186.923088 1027.555392 47.444552 -202.05128 1027.555392 47.444552 -217.179488 1027.555392 47.444552 -232.307696 1027.555392 47.444552 -247.43592 1027.555392 47.444552 -262.564112 1027.555392 47.444552 -277.69232 1027.555392 47.444552 -292.820512 1027.555392 47.444552 -307.948736 1027.555392 47.444552 -323.076928 1027.555392 47.444552 -338.205152 1027.555392 47.444552 -353.333344 1027.555392 47.444552 -368.461536 1027.555392 47.444552 -383.58976 1027.555392 47.444552 -398.717952 1027.555392 47.444552 -413.846176 1027.555392 47.444552 -428.974368 1027.555392 47.444552 -444.10256 1027.555392 47.444552 -459.230784 1027.555392 47.444552 -474.358976 1027.555392 47.444552 -489.487168 1027.555392 47.444552 -504.615392 1027.555392 47.444552 -519.743584 1027.555392 47.444552 -534.87184 1027.555392 47.444552 24.871786 1027.1184 46.875008 9.743582 1027.1184 46.875008 -5.384623 1027.1184 46.875008 -20.512828 1027.1184 46.875008 -35.641032 1027.1184 46.875008 -50.769236 1027.1184 46.875008 -65.897444 1027.1184 46.875008 -81.025648 1027.1184 46.875008 -96.153856 1027.1184 46.875008 -111.282056 1027.1184 46.875008 -126.410264 1027.1184 46.875008 -141.538464 1027.1184 46.875008 -156.666672 1027.1184 46.875008 -171.79488 1027.1184 46.875008 -186.923088 1027.1184 46.875008 -202.05128 1027.1184 46.875008 -217.179488 1027.1184 46.875008 -232.307696 1027.1184 46.875008 -247.43592 1027.1184 46.875008 -262.564112 1027.1184 46.875008 -277.69232 1027.1184 46.875008 -292.820512 1027.1184 46.875008 -307.948736 1027.1184 46.875008 -323.076928 1027.1184 46.875008 -338.205152 1027.1184 46.875008 -353.333344 1027.1184 46.875008 -368.461536 1027.1184 46.875008 -383.58976 1027.1184 46.875008 -398.717952 1027.1184 46.875008 -413.846176 1027.1184 46.875008 -428.974368 1027.1184 46.875008 -444.10256 1027.1184 46.875008 -459.230784 1027.1184 46.875008 -474.358976 1027.1184 46.875008 -489.487168 1027.1184 46.875008 -504.615392 1027.1184 46.875008 -519.743584 1027.1184 46.875008 -534.87184 1027.1184 46.875008 24.871786 1026.843776 46.21176 9.743582 1026.843776 46.21176 -5.384623 1026.843776 46.21176 -20.512828 1026.843776 46.21176 -35.641032 1026.843776 46.21176 -50.769236 1026.843776 46.21176 -65.897444 1026.843776 46.21176 -81.025648 1026.843776 46.21176 -96.153856 1026.843776 46.21176 -111.282056 1026.843776 46.21176 -126.410264 1026.843776 46.21176 -141.538464 1026.843776 46.21176 -156.666672 1026.843776 46.21176 -171.79488 1026.843776 46.21176 -186.923088 1026.843776 46.21176 -202.05128 1026.843776 46.21176 -217.179488 1026.843776 46.21176 -232.307696 1026.843776 46.21176 -247.43592 1026.843776 46.21176 -262.564112 1026.843776 46.21176 -277.69232 1026.843776 46.21176 -292.820512 1026.843776 46.21176 -307.948736 1026.843776 46.21176 -323.076928 1026.843776 46.21176 -338.205152 1026.843776 46.21176 -353.333344 1026.843776 46.21176 -368.461536 1026.843776 46.21176 -383.58976 1026.843776 46.21176 -398.717952 1026.843776 46.21176 -413.846176 1026.843776 46.21176 -428.974368 1026.843776 46.21176 -444.10256 1026.843776 46.21176 -459.230784 1026.843776 46.21176 -474.358976 1026.843776 46.21176 -489.487168 1026.843776 46.21176 -504.615392 1026.843776 46.21176 -519.743584 1026.843776 46.21176 -534.87184 1026.843776 46.21176 -550 1026.750016 44.500008 -550 1007 44.500008 -550 1003.249984 44.500008 -550 1003.249984 45.500008 -550 1000.499968 48.250008 -550 1001.211712 48.156304 -550 1001.875008 47.881576 -550 1002.444544 47.444552 -550 1002.8816 46.875008 -550 1003.156288 46.21176 24.871786 1003.156288 46.21176 9.743582 1003.156288 46.21176 -5.384623 1003.156288 46.21176 -20.512828 1003.156288 46.21176 -35.641032 1003.156288 46.21176 -50.769236 1003.156288 46.21176 -65.897444 1003.156288 46.21176 -81.025648 1003.156288 46.21176 -96.153856 1003.156288 46.21176 -111.282056 1003.156288 46.21176 -126.410264 1003.156288 46.21176 -141.538464 1003.156288 46.21176 -156.666672 1003.156288 46.21176 -171.79488 1003.156288 46.21176 -186.923088 1003.156288 46.21176 -202.05128 1003.156288 46.21176 -217.179488 1003.156288 46.21176 -232.307696 1003.156288 46.21176 -247.43592 1003.156288 46.21176 -262.564112 1003.156288 46.21176 -277.69232 1003.156288 46.21176 -292.820512 1003.156288 46.21176 -307.948736 1003.156288 46.21176 -323.076928 1003.156288 46.21176 -338.205152 1003.156288 46.21176 -353.333344 1003.156288 46.21176 -368.461536 1003.156288 46.21176 -383.58976 1003.156288 46.21176 -398.717952 1003.156288 46.21176 -413.846176 1003.156288 46.21176 -428.974368 1003.156288 46.21176 -444.10256 1003.156288 46.21176 -459.230784 1003.156288 46.21176 -474.358976 1003.156288 46.21176 -489.487168 1003.156288 46.21176 -504.615392 1003.156288 46.21176 -519.743584 1003.156288 46.21176 -534.87184 1003.156288 46.21176 24.871786 1002.8816 46.875008 9.743582 1002.8816 46.875008 -5.384623 1002.8816 46.875008 -20.512828 1002.8816 46.875008 -35.641032 1002.8816 46.875008 -50.769236 1002.8816 46.875008 -65.897444 1002.8816 46.875008 -81.025648 1002.8816 46.875008 -96.153856 1002.8816 46.875008 -111.282056 1002.8816 46.875008 -126.410264 1002.8816 46.875008 -141.538464 1002.8816 46.875008 -156.666672 1002.8816 46.875008 -171.79488 1002.8816 46.875008 -186.923088 1002.8816 46.875008 -202.05128 1002.8816 46.875008 -217.179488 1002.8816 46.875008 -232.307696 1002.8816 46.875008 -247.43592 1002.8816 46.875008 -262.564112 1002.8816 46.875008 -277.69232 1002.8816 46.875008 -292.820512 1002.8816 46.875008 -307.948736 1002.8816 46.875008 -323.076928 1002.8816 46.875008 -338.205152 1002.8816 46.875008 -353.333344 1002.8816 46.875008 -368.461536 1002.8816 46.875008 -383.58976 1002.8816 46.875008 -398.717952 1002.8816 46.875008 -413.846176 1002.8816 46.875008 -428.974368 1002.8816 46.875008 -444.10256 1002.8816 46.875008 -459.230784 1002.8816 46.875008 -474.358976 1002.8816 46.875008 -489.487168 1002.8816 46.875008 -504.615392 1002.8816 46.875008 -519.743584 1002.8816 46.875008 -534.87184 1002.8816 46.875008 24.871786 1002.444544 47.444552 9.743582 1002.444544 47.444552 -5.384623 1002.444544 47.444552 -20.512828 1002.444544 47.444552 -35.641032 1002.444544 47.444552 -50.769236 1002.444544 47.444552 -65.897444 1002.444544 47.444552 -81.025648 1002.444544 47.444552 -96.153856 1002.444544 47.444552 -111.282056 1002.444544 47.444552 -126.410264 1002.444544 47.444552 -141.538464 1002.444544 47.444552 -156.666672 1002.444544 47.444552 -171.79488 1002.444544 47.444552 -186.923088 1002.444544 47.444552 -202.05128 1002.444544 47.444552 -217.179488 1002.444544 47.444552 -232.307696 1002.444544 47.444552 -247.43592 1002.444544 47.444552 -262.564112 1002.444544 47.444552 -277.69232 1002.444544 47.444552 -292.820512 1002.444544 47.444552 -307.948736 1002.444544 47.444552 -323.076928 1002.444544 47.444552 -338.205152 1002.444544 47.444552 -353.333344 1002.444544 47.444552 -368.461536 1002.444544 47.444552 -383.58976 1002.444544 47.444552 -398.717952 1002.444544 47.444552 -413.846176 1002.444544 47.444552 -428.974368 1002.444544 47.444552 -444.10256 1002.444544 47.444552 -459.230784 1002.444544 47.444552 -474.358976 1002.444544 47.444552 -489.487168 1002.444544 47.444552 -504.615392 1002.444544 47.444552 -519.743584 1002.444544 47.444552 -534.87184 1002.444544 47.444552 24.871786 1001.875008 47.881576 9.743582 1001.875008 47.881576 -5.384623 1001.875008 47.881576 -20.512828 1001.875008 47.881576 -35.641032 1001.875008 47.881576 -50.769236 1001.875008 47.881576 -65.897444 1001.875008 47.881576 -81.025648 1001.875008 47.881576 -96.153856 1001.875008 47.881576 -111.282056 1001.875008 47.881576 -126.410264 1001.875008 47.881576 -141.538464 1001.875008 47.881576 -156.666672 1001.875008 47.881576 -171.79488 1001.875008 47.881576 -186.923088 1001.875008 47.881576 -202.05128 1001.875008 47.881576 -217.179488 1001.875008 47.881576 -232.307696 1001.875008 47.881576 -247.43592 1001.875008 47.881576 -262.564112 1001.875008 47.881576 -277.69232 1001.875008 47.881576 -292.820512 1001.875008 47.881576 -307.948736 1001.875008 47.881576 -323.076928 1001.875008 47.881576 -338.205152 1001.875008 47.881576 -353.333344 1001.875008 47.881576 -368.461536 1001.875008 47.881576 -383.58976 1001.875008 47.881576 -398.717952 1001.875008 47.881576 -413.846176 1001.875008 47.881576 -428.974368 1001.875008 47.881576 -444.10256 1001.875008 47.881576 -459.230784 1001.875008 47.881576 -474.358976 1001.875008 47.881576 -489.487168 1001.875008 47.881576 -504.615392 1001.875008 47.881576 -519.743584 1001.875008 47.881576 -534.87184 1001.875008 47.881576 24.871786 1001.211712 48.156304 9.743582 1001.211712 48.156304 -5.384623 1001.211712 48.156304 -20.512828 1001.211712 48.156304 -35.641032 1001.211712 48.156304 -50.769236 1001.211712 48.156304 -65.897444 1001.211712 48.156304 -81.025648 1001.211712 48.156304 -96.153856 1001.211712 48.156304 -111.282056 1001.211712 48.156304 -126.410264 1001.211712 48.156304 -141.538464 1001.211712 48.156304 -156.666672 1001.211712 48.156304 -171.79488 1001.211712 48.156304 -186.923088 1001.211712 48.156304 -202.05128 1001.211712 48.156304 -217.179488 1001.211712 48.156304 -232.307696 1001.211712 48.156304 -247.43592 1001.211712 48.156304 -262.564112 1001.211712 48.156304 -277.69232 1001.211712 48.156304 -292.820512 1001.211712 48.156304 -307.948736 1001.211712 48.156304 -323.076928 1001.211712 48.156304 -338.205152 1001.211712 48.156304 -353.333344 1001.211712 48.156304 -368.461536 1001.211712 48.156304 -383.58976 1001.211712 48.156304 -398.717952 1001.211712 48.156304 -413.846176 1001.211712 48.156304 -428.974368 1001.211712 48.156304 -444.10256 1001.211712 48.156304 -459.230784 1001.211712 48.156304 -474.358976 1001.211712 48.156304 -489.487168 1001.211712 48.156304 -504.615392 1001.211712 48.156304 -519.743584 1001.211712 48.156304 -534.87184 1001.211712 48.156304 -550 999.500032 48.250008 -550 999.500032 68.000008 -550 999.500032 71.750008 -550 1000.499968 71.750008 -550 1003.249984 74.500008 -550 1003.156288 73.788256 -550 1002.8816 73.125008 -550 1002.444544 72.555464 -550 1001.875008 72.11844 -550 1001.211712 71.843712 24.871786 1001.211712 71.843712 9.743582 1001.211712 71.843712 -5.384623 1001.211712 71.843712 -20.512828 1001.211712 71.843712 -35.641032 1001.211712 71.843712 -50.769236 1001.211712 71.843712 -65.897444 1001.211712 71.843712 -81.025648 1001.211712 71.843712 -96.153856 1001.211712 71.843712 -111.282056 1001.211712 71.843712 -126.410264 1001.211712 71.843712 -141.538464 1001.211712 71.843712 -156.666672 1001.211712 71.843712 -171.79488 1001.211712 71.843712 -186.923088 1001.211712 71.843712 -202.05128 1001.211712 71.843712 -217.179488 1001.211712 71.843712 -232.307696 1001.211712 71.843712 -247.43592 1001.211712 71.843712 -262.564112 1001.211712 71.843712 -277.69232 1001.211712 71.843712 -292.820512 1001.211712 71.843712 -307.948736 1001.211712 71.843712 -323.076928 1001.211712 71.843712 -338.205152 1001.211712 71.843712 -353.333344 1001.211712 71.843712 -368.461536 1001.211712 71.843712 -383.58976 1001.211712 71.843712 -398.717952 1001.211712 71.843712 -413.846176 1001.211712 71.843712 -428.974368 1001.211712 71.843712 -444.10256 1001.211712 71.843712 -459.230784 1001.211712 71.843712 -474.358976 1001.211712 71.843712 -489.487168 1001.211712 71.843712 -504.615392 1001.211712 71.843712 -519.743584 1001.211712 71.843712 -534.87184 1001.211712 71.843712 24.871786 1001.875008 72.11844 9.743582 1001.875008 72.11844 -5.384623 1001.875008 72.11844 -20.512828 1001.875008 72.11844 -35.641032 1001.875008 72.11844 -50.769236 1001.875008 72.11844 -65.897444 1001.875008 72.11844 -81.025648 1001.875008 72.11844 -96.153856 1001.875008 72.11844 -111.282056 1001.875008 72.11844 -126.410264 1001.875008 72.11844 -141.538464 1001.875008 72.11844 -156.666672 1001.875008 72.11844 -171.79488 1001.875008 72.11844 -186.923088 1001.875008 72.11844 -202.05128 1001.875008 72.11844 -217.179488 1001.875008 72.11844 -232.307696 1001.875008 72.11844 -247.43592 1001.875008 72.11844 -262.564112 1001.875008 72.11844 -277.69232 1001.875008 72.11844 -292.820512 1001.875008 72.11844 -307.948736 1001.875008 72.11844 -323.076928 1001.875008 72.11844 -338.205152 1001.875008 72.11844 -353.333344 1001.875008 72.11844 -368.461536 1001.875008 72.11844 -383.58976 1001.875008 72.11844 -398.717952 1001.875008 72.11844 -413.846176 1001.875008 72.11844 -428.974368 1001.875008 72.11844 -444.10256 1001.875008 72.11844 -459.230784 1001.875008 72.11844 -474.358976 1001.875008 72.11844 -489.487168 1001.875008 72.11844 -504.615392 1001.875008 72.11844 -519.743584 1001.875008 72.11844 -534.87184 1001.875008 72.11844 24.871786 1002.444544 72.555464 9.743582 1002.444544 72.555464 -5.384623 1002.444544 72.555464 -20.512828 1002.444544 72.555464 -35.641032 1002.444544 72.555464 -50.769236 1002.444544 72.555464 -65.897444 1002.444544 72.555464 -81.025648 1002.444544 72.555464 -96.153856 1002.444544 72.555464 -111.282056 1002.444544 72.555464 -126.410264 1002.444544 72.555464 -141.538464 1002.444544 72.555464 -156.666672 1002.444544 72.555464 -171.79488 1002.444544 72.555464 -186.923088 1002.444544 72.555464 -202.05128 1002.444544 72.555464 -217.179488 1002.444544 72.555464 -232.307696 1002.444544 72.555464 -247.43592 1002.444544 72.555464 -262.564112 1002.444544 72.555464 -277.69232 1002.444544 72.555464 -292.820512 1002.444544 72.555464 -307.948736 1002.444544 72.555464 -323.076928 1002.444544 72.555464 -338.205152 1002.444544 72.555464 -353.333344 1002.444544 72.555464 -368.461536 1002.444544 72.555464 -383.58976 1002.444544 72.555464 -398.717952 1002.444544 72.555464 -413.846176 1002.444544 72.555464 -428.974368 1002.444544 72.555464 -444.10256 1002.444544 72.555464 -459.230784 1002.444544 72.555464 -474.358976 1002.444544 72.555464 -489.487168 1002.444544 72.555464 -504.615392 1002.444544 72.555464 -519.743584 1002.444544 72.555464 -534.87184 1002.444544 72.555464 24.871786 1002.8816 73.125008 9.743582 1002.8816 73.125008 -5.384623 1002.8816 73.125008 -20.512828 1002.8816 73.125008 -35.641032 1002.8816 73.125008 -50.769236 1002.8816 73.125008 -65.897444 1002.8816 73.125008 -81.025648 1002.8816 73.125008 -96.153856 1002.8816 73.125008 -111.282056 1002.8816 73.125008 -126.410264 1002.8816 73.125008 -141.538464 1002.8816 73.125008 -156.666672 1002.8816 73.125008 -171.79488 1002.8816 73.125008 -186.923088 1002.8816 73.125008 -202.05128 1002.8816 73.125008 -217.179488 1002.8816 73.125008 -232.307696 1002.8816 73.125008 -247.43592 1002.8816 73.125008 -262.564112 1002.8816 73.125008 -277.69232 1002.8816 73.125008 -292.820512 1002.8816 73.125008 -307.948736 1002.8816 73.125008 -323.076928 1002.8816 73.125008 -338.205152 1002.8816 73.125008 -353.333344 1002.8816 73.125008 -368.461536 1002.8816 73.125008 -383.58976 1002.8816 73.125008 -398.717952 1002.8816 73.125008 -413.846176 1002.8816 73.125008 -428.974368 1002.8816 73.125008 -444.10256 1002.8816 73.125008 -459.230784 1002.8816 73.125008 -474.358976 1002.8816 73.125008 -489.487168 1002.8816 73.125008 -504.615392 1002.8816 73.125008 -519.743584 1002.8816 73.125008 -534.87184 1002.8816 73.125008 24.871786 1003.156288 73.788256 9.743582 1003.156288 73.788256 -5.384623 1003.156288 73.788256 -20.512828 1003.156288 73.788256 -35.641032 1003.156288 73.788256 -50.769236 1003.156288 73.788256 -65.897444 1003.156288 73.788256 -81.025648 1003.156288 73.788256 -96.153856 1003.156288 73.788256 -111.282056 1003.156288 73.788256 -126.410264 1003.156288 73.788256 -141.538464 1003.156288 73.788256 -156.666672 1003.156288 73.788256 -171.79488 1003.156288 73.788256 -186.923088 1003.156288 73.788256 -202.05128 1003.156288 73.788256 -217.179488 1003.156288 73.788256 -232.307696 1003.156288 73.788256 -247.43592 1003.156288 73.788256 -262.564112 1003.156288 73.788256 -277.69232 1003.156288 73.788256 -292.820512 1003.156288 73.788256 -307.948736 1003.156288 73.788256 -323.076928 1003.156288 73.788256 -338.205152 1003.156288 73.788256 -353.333344 1003.156288 73.788256 -368.461536 1003.156288 73.788256 -383.58976 1003.156288 73.788256 -398.717952 1003.156288 73.788256 -413.846176 1003.156288 73.788256 -428.974368 1003.156288 73.788256 -444.10256 1003.156288 73.788256 -459.230784 1003.156288 73.788256 -474.358976 1003.156288 73.788256 -489.487168 1003.156288 73.788256 -504.615392 1003.156288 73.788256 -519.743584 1003.156288 73.788256 -534.87184 1003.156288 73.788256 -550 1003.249984 75.500008 -550 1023 75.500008 -550 1026.750016 75.500008 -550 1026.750016 74.500008 -550 1029.500032 71.750008 -550 1028.788224 71.843712 -550 1028.124992 72.11844 -550 1027.555392 72.555464 -550 1027.1184 73.125008 -550 1026.843776 73.788256 24.871786 1026.843776 73.788256 9.743582 1026.843776 73.788256 -5.384623 1026.843776 73.788256 -20.512828 1026.843776 73.788256 -35.641032 1026.843776 73.788256 -50.769236 1026.843776 73.788256 -65.897444 1026.843776 73.788256 -81.025648 1026.843776 73.788256 -96.153856 1026.843776 73.788256 -111.282056 1026.843776 73.788256 -126.410264 1026.843776 73.788256 -141.538464 1026.843776 73.788256 -156.666672 1026.843776 73.788256 -171.79488 1026.843776 73.788256 -186.923088 1026.843776 73.788256 -202.05128 1026.843776 73.788256 -217.179488 1026.843776 73.788256 -232.307696 1026.843776 73.788256 -247.43592 1026.843776 73.788256 -262.564112 1026.843776 73.788256 -277.69232 1026.843776 73.788256 -292.820512 1026.843776 73.788256 -307.948736 1026.843776 73.788256 -323.076928 1026.843776 73.788256 -338.205152 1026.843776 73.788256 -353.333344 1026.843776 73.788256 -368.461536 1026.843776 73.788256 -383.58976 1026.843776 73.788256 -398.717952 1026.843776 73.788256 -413.846176 1026.843776 73.788256 -428.974368 1026.843776 73.788256 -444.10256 1026.843776 73.788256 -459.230784 1026.843776 73.788256 -474.358976 1026.843776 73.788256 -489.487168 1026.843776 73.788256 -504.615392 1026.843776 73.788256 -519.743584 1026.843776 73.788256 -534.87184 1026.843776 73.788256 24.871786 1027.1184 73.125008 9.743582 1027.1184 73.125008 -5.384623 1027.1184 73.125008 -20.512828 1027.1184 73.125008 -35.641032 1027.1184 73.125008 -50.769236 1027.1184 73.125008 -65.897444 1027.1184 73.125008 -81.025648 1027.1184 73.125008 -96.153856 1027.1184 73.125008 -111.282056 1027.1184 73.125008 -126.410264 1027.1184 73.125008 -141.538464 1027.1184 73.125008 -156.666672 1027.1184 73.125008 -171.79488 1027.1184 73.125008 -186.923088 1027.1184 73.125008 -202.05128 1027.1184 73.125008 -217.179488 1027.1184 73.125008 -232.307696 1027.1184 73.125008 -247.43592 1027.1184 73.125008 -262.564112 1027.1184 73.125008 -277.69232 1027.1184 73.125008 -292.820512 1027.1184 73.125008 -307.948736 1027.1184 73.125008 -323.076928 1027.1184 73.125008 -338.205152 1027.1184 73.125008 -353.333344 1027.1184 73.125008 -368.461536 1027.1184 73.125008 -383.58976 1027.1184 73.125008 -398.717952 1027.1184 73.125008 -413.846176 1027.1184 73.125008 -428.974368 1027.1184 73.125008 -444.10256 1027.1184 73.125008 -459.230784 1027.1184 73.125008 -474.358976 1027.1184 73.125008 -489.487168 1027.1184 73.125008 -504.615392 1027.1184 73.125008 -519.743584 1027.1184 73.125008 -534.87184 1027.1184 73.125008 24.871786 1027.555392 72.555464 9.743582 1027.555392 72.555464 -5.384623 1027.555392 72.555464 -20.512828 1027.555392 72.555464 -35.641032 1027.555392 72.555464 -50.769236 1027.555392 72.555464 -65.897444 1027.555392 72.555464 -81.025648 1027.555392 72.555464 -96.153856 1027.555392 72.555464 -111.282056 1027.555392 72.555464 -126.410264 1027.555392 72.555464 -141.538464 1027.555392 72.555464 -156.666672 1027.555392 72.555464 -171.79488 1027.555392 72.555464 -186.923088 1027.555392 72.555464 -202.05128 1027.555392 72.555464 -217.179488 1027.555392 72.555464 -232.307696 1027.555392 72.555464 -247.43592 1027.555392 72.555464 -262.564112 1027.555392 72.555464 -277.69232 1027.555392 72.555464 -292.820512 1027.555392 72.555464 -307.948736 1027.555392 72.555464 -323.076928 1027.555392 72.555464 -338.205152 1027.555392 72.555464 -353.333344 1027.555392 72.555464 -368.461536 1027.555392 72.555464 -383.58976 1027.555392 72.555464 -398.717952 1027.555392 72.555464 -413.846176 1027.555392 72.555464 -428.974368 1027.555392 72.555464 -444.10256 1027.555392 72.555464 -459.230784 1027.555392 72.555464 -474.358976 1027.555392 72.555464 -489.487168 1027.555392 72.555464 -504.615392 1027.555392 72.555464 -519.743584 1027.555392 72.555464 -534.87184 1027.555392 72.555464 24.871786 1028.124992 72.11844 9.743582 1028.124992 72.11844 -5.384623 1028.124992 72.11844 -20.512828 1028.124992 72.11844 -35.641032 1028.124992 72.11844 -50.769236 1028.124992 72.11844 -65.897444 1028.124992 72.11844 -81.025648 1028.124992 72.11844 -96.153856 1028.124992 72.11844 -111.282056 1028.124992 72.11844 -126.410264 1028.124992 72.11844 -141.538464 1028.124992 72.11844 -156.666672 1028.124992 72.11844 -171.79488 1028.124992 72.11844 -186.923088 1028.124992 72.11844 -202.05128 1028.124992 72.11844 -217.179488 1028.124992 72.11844 -232.307696 1028.124992 72.11844 -247.43592 1028.124992 72.11844 -262.564112 1028.124992 72.11844 -277.69232 1028.124992 72.11844 -292.820512 1028.124992 72.11844 -307.948736 1028.124992 72.11844 -323.076928 1028.124992 72.11844 -338.205152 1028.124992 72.11844 -353.333344 1028.124992 72.11844 -368.461536 1028.124992 72.11844 -383.58976 1028.124992 72.11844 -398.717952 1028.124992 72.11844 -413.846176 1028.124992 72.11844 -428.974368 1028.124992 72.11844 -444.10256 1028.124992 72.11844 -459.230784 1028.124992 72.11844 -474.358976 1028.124992 72.11844 -489.487168 1028.124992 72.11844 -504.615392 1028.124992 72.11844 -519.743584 1028.124992 72.11844 -534.87184 1028.124992 72.11844 24.871786 1028.788224 71.843712 9.743582 1028.788224 71.843712 -5.384623 1028.788224 71.843712 -20.512828 1028.788224 71.843712 -35.641032 1028.788224 71.843712 -50.769236 1028.788224 71.843712 -65.897444 1028.788224 71.843712 -81.025648 1028.788224 71.843712 -96.153856 1028.788224 71.843712 -111.282056 1028.788224 71.843712 -126.410264 1028.788224 71.843712 -141.538464 1028.788224 71.843712 -156.666672 1028.788224 71.843712 -171.79488 1028.788224 71.843712 -186.923088 1028.788224 71.843712 -202.05128 1028.788224 71.843712 -217.179488 1028.788224 71.843712 -232.307696 1028.788224 71.843712 -247.43592 1028.788224 71.843712 -262.564112 1028.788224 71.843712 -277.69232 1028.788224 71.843712 -292.820512 1028.788224 71.843712 -307.948736 1028.788224 71.843712 -323.076928 1028.788224 71.843712 -338.205152 1028.788224 71.843712 -353.333344 1028.788224 71.843712 -368.461536 1028.788224 71.843712 -383.58976 1028.788224 71.843712 -398.717952 1028.788224 71.843712 -413.846176 1028.788224 71.843712 -428.974368 1028.788224 71.843712 -444.10256 1028.788224 71.843712 -459.230784 1028.788224 71.843712 -474.358976 1028.788224 71.843712 -489.487168 1028.788224 71.843712 -504.615392 1028.788224 71.843712 -519.743584 1028.788224 71.843712 -534.87184 1028.788224 71.843712 -550 1030.499968 71.750008 -550 1012.738944 54.800008 -550 1020.2 57.738984 -550 1025.050048 46.000008 -550 1020 46.000008 -550 1020 41.500008 -550 1020.8 41.500008 -550 1020.8 40.000008 -550 1032 40.000008 -550 1032.776512 40.102232 -550 1033.500032 40.401932 -550 1034.121344 40.878688 -550 1034.598016 41.500008 -550 1034.897856 42.223552 -550 1035 43.000008 23.142848 1034.897856 42.223552 6.285706 1034.897856 42.223552 -10.571437 1034.897856 42.223552 -27.42858 1034.897856 42.223552 -44.28572 1034.897856 42.223552 -61.142864 1034.897856 42.223552 -78.000008 1034.897856 42.223552 -94.857152 1034.897856 42.223552 -111.714296 1034.897856 42.223552 -128.57144 1034.897856 42.223552 -145.428576 1034.897856 42.223552 -162.285728 1034.897856 42.223552 -179.142864 1034.897856 42.223552 -196.000016 1034.897856 42.223552 -212.857152 1034.897856 42.223552 -229.714288 1034.897856 42.223552 -246.57144 1034.897856 42.223552 -263.428592 1034.897856 42.223552 -280.285728 1034.897856 42.223552 -297.142848 1034.897856 42.223552 -314 1034.897856 42.223552 -330.857152 1034.897856 42.223552 -347.714304 1034.897856 42.223552 -364.571456 1034.897856 42.223552 -381.428576 1034.897856 42.223552 -398.285728 1034.897856 42.223552 -415.142848 1034.897856 42.223552 -432 1034.897856 42.223552 -448.857152 1034.897856 42.223552 -465.714304 1034.897856 42.223552 -482.571456 1034.897856 42.223552 -499.428576 1034.897856 42.223552 -516.285696 1034.897856 42.223552 -533.14288 1034.897856 42.223552 23.142848 1034.598016 41.500008 6.285706 1034.598016 41.500008 -10.571437 1034.598016 41.500008 -27.42858 1034.598016 41.500008 -44.28572 1034.598016 41.500008 -61.142864 1034.598016 41.500008 -78.000008 1034.598016 41.500008 -94.857152 1034.598016 41.500008 -111.714296 1034.598016 41.500008 -128.57144 1034.598016 41.500008 -145.428576 1034.598016 41.500008 -162.285728 1034.598016 41.500008 -179.142864 1034.598016 41.500008 -196.000016 1034.598016 41.500008 -212.857152 1034.598016 41.500008 -229.714288 1034.598016 41.500008 -246.57144 1034.598016 41.500008 -263.428592 1034.598016 41.500008 -280.285728 1034.598016 41.500008 -297.142848 1034.598016 41.500008 -314 1034.598016 41.500008 -330.857152 1034.598016 41.500008 -347.714304 1034.598016 41.500008 -364.571456 1034.598016 41.500008 -381.428576 1034.598016 41.500008 -398.285728 1034.598016 41.500008 -415.142848 1034.598016 41.500008 -432 1034.598016 41.500008 -448.857152 1034.598016 41.500008 -465.714304 1034.598016 41.500008 -482.571456 1034.598016 41.500008 -499.428576 1034.598016 41.500008 -516.285696 1034.598016 41.500008 -533.14288 1034.598016 41.500008 23.142848 1034.121344 40.878688 6.285706 1034.121344 40.878688 -10.571437 1034.121344 40.878688 -27.42858 1034.121344 40.878688 -44.28572 1034.121344 40.878688 -61.142864 1034.121344 40.878688 -78.000008 1034.121344 40.878688 -94.857152 1034.121344 40.878688 -111.714296 1034.121344 40.878688 -128.57144 1034.121344 40.878688 -145.428576 1034.121344 40.878688 -162.285728 1034.121344 40.878688 -179.142864 1034.121344 40.878688 -196.000016 1034.121344 40.878688 -212.857152 1034.121344 40.878688 -229.714288 1034.121344 40.878688 -246.57144 1034.121344 40.878688 -263.428592 1034.121344 40.878688 -280.285728 1034.121344 40.878688 -297.142848 1034.121344 40.878688 -314 1034.121344 40.878688 -330.857152 1034.121344 40.878688 -347.714304 1034.121344 40.878688 -364.571456 1034.121344 40.878688 -381.428576 1034.121344 40.878688 -398.285728 1034.121344 40.878688 -415.142848 1034.121344 40.878688 -432 1034.121344 40.878688 -448.857152 1034.121344 40.878688 -465.714304 1034.121344 40.878688 -482.571456 1034.121344 40.878688 -499.428576 1034.121344 40.878688 -516.285696 1034.121344 40.878688 -533.14288 1034.121344 40.878688 23.142848 1033.500032 40.401932 6.285706 1033.500032 40.401932 -10.571437 1033.500032 40.401932 -27.42858 1033.500032 40.401932 -44.28572 1033.500032 40.401932 -61.142864 1033.500032 40.401932 -78.000008 1033.500032 40.401932 -94.857152 1033.500032 40.401932 -111.714296 1033.500032 40.401932 -128.57144 1033.500032 40.401932 -145.428576 1033.500032 40.401932 -162.285728 1033.500032 40.401932 -179.142864 1033.500032 40.401932 -196.000016 1033.500032 40.401932 -212.857152 1033.500032 40.401932 -229.714288 1033.500032 40.401932 -246.57144 1033.500032 40.401932 -263.428592 1033.500032 40.401932 -280.285728 1033.500032 40.401932 -297.142848 1033.500032 40.401932 -314 1033.500032 40.401932 -330.857152 1033.500032 40.401932 -347.714304 1033.500032 40.401932 -364.571456 1033.500032 40.401932 -381.428576 1033.500032 40.401932 -398.285728 1033.500032 40.401932 -415.142848 1033.500032 40.401932 -432 1033.500032 40.401932 -448.857152 1033.500032 40.401932 -465.714304 1033.500032 40.401932 -482.571456 1033.500032 40.401932 -499.428576 1033.500032 40.401932 -516.285696 1033.500032 40.401932 -533.14288 1033.500032 40.401932 23.142848 1032.776512 40.102232 6.285706 1032.776512 40.102232 -10.571437 1032.776512 40.102232 -27.42858 1032.776512 40.102232 -44.28572 1032.776512 40.102232 -61.142864 1032.776512 40.102232 -78.000008 1032.776512 40.102232 -94.857152 1032.776512 40.102232 -111.714296 1032.776512 40.102232 -128.57144 1032.776512 40.102232 -145.428576 1032.776512 40.102232 -162.285728 1032.776512 40.102232 -179.142864 1032.776512 40.102232 -196.000016 1032.776512 40.102232 -212.857152 1032.776512 40.102232 -229.714288 1032.776512 40.102232 -246.57144 1032.776512 40.102232 -263.428592 1032.776512 40.102232 -280.285728 1032.776512 40.102232 -297.142848 1032.776512 40.102232 -314 1032.776512 40.102232 -330.857152 1032.776512 40.102232 -347.714304 1032.776512 40.102232 -364.571456 1032.776512 40.102232 -381.428576 1032.776512 40.102232 -398.285728 1032.776512 40.102232 -415.142848 1032.776512 40.102232 -432 1032.776512 40.102232 -448.857152 1032.776512 40.102232 -465.714304 1032.776512 40.102232 -482.571456 1032.776512 40.102232 -499.428576 1032.776512 40.102232 -516.285696 1032.776512 40.102232 -533.14288 1032.776512 40.102232 -550 1035 54.200008 -550 1033.500032 54.200008 -550 1033.500032 55.000008 -550 1029 55.000008 -550 1029 49.950008 -550 1026.464256 49.950008 -550 1022.499968 53.914224 -550 1022.499968 66.085792 -550 1026.464256 70.050008 -550 1029 70.050008 -550 1029 65.000008 -550 1033.500032 65.000008 -550 1033.500032 65.800012 -550 1035 65.800012 -550 1035 77.000008 -550 1034.897856 77.776464 -550 1034.598016 78.500008 -550 1034.121344 79.121328 -550 1033.500032 79.59808 -550 1032.776512 79.897792 -550 1032 80.000008 23.142848 1032.776512 79.897792 6.285706 1032.776512 79.897792 -10.571437 1032.776512 79.897792 -27.42858 1032.776512 79.897792 -44.28572 1032.776512 79.897792 -61.142864 1032.776512 79.897792 -78.000008 1032.776512 79.897792 -94.857152 1032.776512 79.897792 -111.714296 1032.776512 79.897792 -128.57144 1032.776512 79.897792 -145.428576 1032.776512 79.897792 -162.285728 1032.776512 79.897792 -179.142864 1032.776512 79.897792 -196.000016 1032.776512 79.897792 -212.857152 1032.776512 79.897792 -229.714288 1032.776512 79.897792 -246.57144 1032.776512 79.897792 -263.428592 1032.776512 79.897792 -280.285728 1032.776512 79.897792 -297.142848 1032.776512 79.897792 -314 1032.776512 79.897792 -330.857152 1032.776512 79.897792 -347.714304 1032.776512 79.897792 -364.571456 1032.776512 79.897792 -381.428576 1032.776512 79.897792 -398.285728 1032.776512 79.897792 -415.142848 1032.776512 79.897792 -432 1032.776512 79.897792 -448.857152 1032.776512 79.897792 -465.714304 1032.776512 79.897792 -482.571456 1032.776512 79.897792 -499.428576 1032.776512 79.897792 -516.285696 1032.776512 79.897792 -533.14288 1032.776512 79.897792 23.142848 1033.500032 79.59808 6.285706 1033.500032 79.59808 -10.571437 1033.500032 79.59808 -27.42858 1033.500032 79.59808 -44.28572 1033.500032 79.59808 -61.142864 1033.500032 79.59808 -78.000008 1033.500032 79.59808 -94.857152 1033.500032 79.59808 -111.714296 1033.500032 79.59808 -128.57144 1033.500032 79.59808 -145.428576 1033.500032 79.59808 -162.285728 1033.500032 79.59808 -179.142864 1033.500032 79.59808 -196.000016 1033.500032 79.59808 -212.857152 1033.500032 79.59808 -229.714288 1033.500032 79.59808 -246.57144 1033.500032 79.59808 -263.428592 1033.500032 79.59808 -280.285728 1033.500032 79.59808 -297.142848 1033.500032 79.59808 -314 1033.500032 79.59808 -330.857152 1033.500032 79.59808 -347.714304 1033.500032 79.59808 -364.571456 1033.500032 79.59808 -381.428576 1033.500032 79.59808 -398.285728 1033.500032 79.59808 -415.142848 1033.500032 79.59808 -432 1033.500032 79.59808 -448.857152 1033.500032 79.59808 -465.714304 1033.500032 79.59808 -482.571456 1033.500032 79.59808 -499.428576 1033.500032 79.59808 -516.285696 1033.500032 79.59808 -533.14288 1033.500032 79.59808 23.142848 1034.121344 79.121328 6.285706 1034.121344 79.121328 -10.571437 1034.121344 79.121328 -27.42858 1034.121344 79.121328 -44.28572 1034.121344 79.121328 -61.142864 1034.121344 79.121328 -78.000008 1034.121344 79.121328 -94.857152 1034.121344 79.121328 -111.714296 1034.121344 79.121328 -128.57144 1034.121344 79.121328 -145.428576 1034.121344 79.121328 -162.285728 1034.121344 79.121328 -179.142864 1034.121344 79.121328 -196.000016 1034.121344 79.121328 -212.857152 1034.121344 79.121328 -229.714288 1034.121344 79.121328 -246.57144 1034.121344 79.121328 -263.428592 1034.121344 79.121328 -280.285728 1034.121344 79.121328 -297.142848 1034.121344 79.121328 -314 1034.121344 79.121328 -330.857152 1034.121344 79.121328 -347.714304 1034.121344 79.121328 -364.571456 1034.121344 79.121328 -381.428576 1034.121344 79.121328 -398.285728 1034.121344 79.121328 -415.142848 1034.121344 79.121328 -432 1034.121344 79.121328 -448.857152 1034.121344 79.121328 -465.714304 1034.121344 79.121328 -482.571456 1034.121344 79.121328 -499.428576 1034.121344 79.121328 -516.285696 1034.121344 79.121328 -533.14288 1034.121344 79.121328 23.142848 1034.598016 78.500008 6.285706 1034.598016 78.500008 -10.571437 1034.598016 78.500008 -27.42858 1034.598016 78.500008 -44.28572 1034.598016 78.500008 -61.142864 1034.598016 78.500008 -78.000008 1034.598016 78.500008 -94.857152 1034.598016 78.500008 -111.714296 1034.598016 78.500008 -128.57144 1034.598016 78.500008 -145.428576 1034.598016 78.500008 -162.285728 1034.598016 78.500008 -179.142864 1034.598016 78.500008 -196.000016 1034.598016 78.500008 -212.857152 1034.598016 78.500008 -229.714288 1034.598016 78.500008 -246.57144 1034.598016 78.500008 -263.428592 1034.598016 78.500008 -280.285728 1034.598016 78.500008 -297.142848 1034.598016 78.500008 -314 1034.598016 78.500008 -330.857152 1034.598016 78.500008 -347.714304 1034.598016 78.500008 -364.571456 1034.598016 78.500008 -381.428576 1034.598016 78.500008 -398.285728 1034.598016 78.500008 -415.142848 1034.598016 78.500008 -432 1034.598016 78.500008 -448.857152 1034.598016 78.500008 -465.714304 1034.598016 78.500008 -482.571456 1034.598016 78.500008 -499.428576 1034.598016 78.500008 -516.285696 1034.598016 78.500008 -533.14288 1034.598016 78.500008 23.142848 1034.897856 77.776464 6.285706 1034.897856 77.776464 -10.571437 1034.897856 77.776464 -27.42858 1034.897856 77.776464 -44.28572 1034.897856 77.776464 -61.142864 1034.897856 77.776464 -78.000008 1034.897856 77.776464 -94.857152 1034.897856 77.776464 -111.714296 1034.897856 77.776464 -128.57144 1034.897856 77.776464 -145.428576 1034.897856 77.776464 -162.285728 1034.897856 77.776464 -179.142864 1034.897856 77.776464 -196.000016 1034.897856 77.776464 -212.857152 1034.897856 77.776464 -229.714288 1034.897856 77.776464 -246.57144 1034.897856 77.776464 -263.428592 1034.897856 77.776464 -280.285728 1034.897856 77.776464 -297.142848 1034.897856 77.776464 -314 1034.897856 77.776464 -330.857152 1034.897856 77.776464 -347.714304 1034.897856 77.776464 -364.571456 1034.897856 77.776464 -381.428576 1034.897856 77.776464 -398.285728 1034.897856 77.776464 -415.142848 1034.897856 77.776464 -432 1034.897856 77.776464 -448.857152 1034.897856 77.776464 -465.714304 1034.897856 77.776464 -482.571456 1034.897856 77.776464 -499.428576 1034.897856 77.776464 -516.285696 1034.897856 77.776464 -533.14288 1034.897856 77.776464 -550 1020.8 80.000008 -550 1020.8 78.500008 -550 1020 78.500008 -550 1020 74.000008 -550 1025.050048 74.000008 -550 1025.050048 71.464216 -550 1021.085824 67.500008 -550 1008.914176 67.500008</float_array>
          <technique_common>
            <accessor source="#pos_7-array" count="8760" stride="3">
              <param name="X" type="float"/>
              <param name="Y" type="float"/>
              <param name="Z" type="float"/>
            </accessor>
          </technique_common>
        </source>
        <vertices id="vert_7">
          <input semantic="POSITION" source="#pos_7"/>
        </vertices>
        <triangles count="5856" material="mat_16">
          <input semantic="VERTEX" source="#vert_7" offset="0"/>
          <p>1 20 0 0 20 179 0 179 180 2 89 1 1 89 90 1 90 19 19 90 91 19 91 18 18 91 92 18 92 93 3 85 2 2 85 86 2 86 87 4 5 3 3 5 85 85 5 84 84 5 6 84 6 105 105 6 7 105 7 103 103 7 102 102 7 8 102 8 101 101 8 9 101 9 10 10 11 101 101 11 12 101 12 100 100 12 13 100 13 99 99 13 97 99 97 98 13 14 97 97 14 96 96 14 15 96 15 95 95 15 17 95 17 18 15 16 17 19 20 1 21 175 20 20 175 178 20 178 179 22 40 21 21 40 41 21 41 203 203 41 202 202 41 199 202 199 200 23 155 22 22 155 156 22 156 40 40 156 157 40 157 39 39 157 158 39 158 159 24 151 23 23 151 152 23 152 153 25 26 24 24 26 151 151 26 150 150 26 27 150 27 171 171 27 28 171 28 169 169 28 168 168 28 29 168 29 167 167 29 30 167 30 31 31 32 167 167 32 33 167 33 166 166 33 34 166 34 165 165 34 163 165 163 164 34 35 163 163 35 162 162 35 36 162 36 161 161 36 38 161 38 39 36 37 38 41 42 199 199 42 196 199 196 198 198 196 197 43 62 42 42 62 195 42 195 196 44 133 43 43 133 134 43 134 61 61 134 135 61 135 60 60 135 136 60 136 137 45 129 44 44 129 130 44 130 131 46 47 45 45 47 129 129 47 128 128 47 48 128 48 149 149 48 49 149 49 147 147 49 146 146 49 50 146 50 145 145 50 51 145 51 52 52 53 145 145 53 54 145 54 144 144 54 55 144 55 143 143 55 141 143 141 142 55 56 141 141 56 140 140 56 57 140 57 139 139 57 59 139 59 60 57 58 59 61 62 43 63 191 62 62 191 194 62 194 195 64 82 63 63 82 83 63 83 187 187 83 186 186 83 183 186 183 184 65 111 64 64 111 112 64 112 82 82 112 113 82 113 81 81 113 114 81 114 115 66 107 65 65 107 108 65 108 109 67 68 66 66 68 107 107 68 106 106 68 69 106 69 127 127 69 70 127 70 125 125 70 124 124 70 71 124 71 123 123 71 72 123 72 73 73 74 123 123 74 75 123 75 122 122 75 76 122 76 121 121 76 119 121 119 120 76 77 119 119 77 118 118 77 78 118 78 117 117 78 80 117 80 81 78 79 80 83 0 183 183 0 180 183 180 182 182 180 181 87 88 2 2 88 89 93 94 18 18 94 95 103 104 105 109 110 65 65 110 111 115 116 81 81 116 117 125 126 127 131 132 44 44 132 133 137 138 60 60 138 139 147 148 149 153 154 23 23 154 155 159 160 39 39 160 161 169 170 171 173 174 172 172 174 175 172 175 21 175 176 178 178 176 177 184 185 186 187 188 63 63 188 191 189 190 188 188 190 191 191 192 194 194 192 193 200 201 202 203 172 21 192 209 193 193 209 210 193 210 211 211 210 237 211 237 238 238 237 264 238 264 265 265 264 189 265 189 266 266 189 267 266 267 240 240 267 241 240 241 214 214 241 215 214 215 193 193 215 216 193 216 217 217 216 243 217 243 244 244 243 270 244 270 271 271 270 189 271 189 272 272 189 273 272 273 246 246 273 247 246 247 220 220 247 221 220 221 193 193 221 222 193 222 208 208 222 223 208 223 224 224 223 250 224 250 251 251 250 277 251 277 278 278 277 204 278 204 279 279 204 280 279 280 253 253 280 254 253 254 227 227 254 228 227 228 208 208 228 229 208 229 230 230 229 256 230 256 257 257 256 283 257 283 284 284 283 204 284 204 285 285 204 286 285 286 259 259 286 260 259 260 233 233 260 234 233 234 208 208 234 207 207 234 206 206 234 260 206 260 205 205 260 286 205 286 204 209 192 235 235 192 191 235 191 261 261 191 190 261 190 189 189 204 273 273 204 274 273 274 247 247 274 248 247 248 221 221 248 222 210 209 236 236 209 235 236 235 262 262 235 261 262 261 189 211 212 193 193 212 213 193 213 214 214 213 240 211 238 212 212 238 239 212 239 213 213 239 240 216 215 242 242 215 241 242 241 268 268 241 267 268 267 189 217 218 193 193 218 219 193 219 220 220 219 246 217 244 218 218 244 245 218 245 219 219 245 246 223 222 249 249 222 248 249 248 275 275 248 274 275 274 204 224 225 208 208 225 226 208 226 227 227 226 253 224 251 225 225 251 252 225 252 226 226 252 253 229 228 255 255 228 254 255 254 281 281 254 280 281 280 204 230 231 208 208 231 232 208 232 233 233 232 259 230 257 231 231 257 258 231 258 232 232 258 259 210 236 237 237 236 263 237 263 264 264 263 189 263 236 262 266 240 239 266 239 265 265 239 238 216 242 243 243 242 269 243 269 270 270 269 189 269 242 268 272 246 245 272 245 271 271 245 244 223 249 250 250 249 276 250 276 277 277 276 204 276 249 275 279 253 252 279 252 278 278 252 251 229 255 256 256 255 282 256 282 283 283 282 204 282 255 281 285 259 258 285 258 284 284 258 257 189 263 262 189 269 268 204 276 275 204 282 281 194 193 287 287 193 208 195 194 288 288 194 287 196 195 289 289 195 288 197 196 290 290 196 289 200 295 201 201 295 296 201 296 297 297 296 323 297 323 324 324 323 350 324 350 351 351 350 197 351 197 352 352 197 353 352 353 326 326 353 327 326 327 300 300 327 301 300 301 201 201 301 302 201 302 303 303 302 329 303 329 330 330 329 356 330 356 357 357 356 197 357 197 358 358 197 359 358 359 332 332 359 333 332 333 306 306 333 307 306 307 201 201 307 308 201 308 294 294 308 309 294 309 310 310 309 336 310 336 337 337 336 363 337 363 364 364 363 290 364 290 365 365 290 366 365 366 339 339 366 340 339 340 313 313 340 314 313 314 294 294 314 315 294 315 316 316 315 342 316 342 343 343 342 369 343 369 370 370 369 290 370 290 371 371 290 372 371 372 345 345 372 346 345 346 319 319 346 320 319 320 294 294 320 293 293 320 292 292 320 346 292 346 291 291 346 372 291 372 290 295 200 321 321 200 199 321 199 347 347 199 198 347 198 197 197 290 359 359 290 360 359 360 333 333 360 334 333 334 307 307 334 308 296 295 322 322 295 321 322 321 348 348 321 347 348 347 197 297 298 201 201 298 299 201 299 300 300 299 326 297 324 298 298 324 325 298 325 299 299 325 326 302 301 328 328 301 327 328 327 354 354 327 353 354 353 197 303 304 201 201 304 305 201 305 306 306 305 332 303 330 304 304 330 331 304 331 305 305 331 332 309 308 335 335 308 334 335 334 361 361 334 360 361 360 290 310 311 294 294 311 312 294 312 313 313 312 339 310 337 311 311 337 338 311 338 312 312 338 339 315 314 341 341 314 340 341 340 367 367 340 366 367 366 290 316 317 294 294 317 318 294 318 319 319 318 345 316 343 317 317 343 344 317 344 318 318 344 345 296 322 323 323 322 349 323 349 350 350 349 197 349 322 348 352 326 325 352 325 351 351 325 324 302 328 329 329 328 355 329 355 356 356 355 197 355 328 354 358 332 331 358 331 357 357 331 330 309 335 336 336 335 362 336 362 363 363 362 290 362 335 361 365 339 338 365 338 364 364 338 337 315 341 342 342 341 368 342 368 369 369 368 290 368 341 367 371 345 344 371 344 370 370 344 343 197 349 348 197 355 354 290 362 361 290 368 367 202 201 373 373 201 294 203 202 374 374 202 373 172 203 375 375 203 374 173 172 376 376 172 375 163 162 378 378 162 377 164 163 379 379 163 378 169 386 170 170 386 387 170 387 388 388 387 426 388 426 427 427 426 465 427 465 466 466 465 504 466 504 505 505 504 543 505 543 544 544 543 164 544 164 545 545 164 546 545 546 507 507 546 508 507 508 469 469 508 470 469 470 431 431 470 432 431 432 393 393 432 394 393 394 170 170 394 395 170 395 396 396 395 434 396 434 435 435 434 473 435 473 474 474 473 512 474 512 513 513 512 551 513 551 552 552 551 164 552 164 553 553 164 554 553 554 515 515 554 516 515 516 477 477 516 478 477 478 439 439 478 440 439 440 401 401 440 402 401 402 170 170 402 403 170 403 404 404 403 442 404 442 443 443 442 481 443 481 482 482 481 520 482 520 521 521 520 559 521 559 560 560 559 379 560 379 561 561 379 562 561 562 523 523 562 524 523 524 485 485 524 486 485 486 447 447 486 448 447 448 409 409 448 410 409 410 385 385 410 411 385 411 412 412 411 450 412 450 451 451 450 489 451 489 490 490 489 528 490 528 529 529 528 567 529 567 568 568 567 379 568 379 569 569 379 570 569 570 531 531 570 532 531 532 493 493 532 494 493 494 455 455 494 456 455 456 417 417 456 418 417 418 385 385 418 419 385 419 420 420 419 458 420 458 459 459 458 497 459 497 498 498 497 536 498 536 537 537 536 575 537 575 380 380 575 379 379 575 574 379 574 573 573 574 535 573 535 534 534 535 496 534 496 495 495 496 457 495 457 456 456 457 418 386 169 424 424 169 168 424 168 462 462 168 167 462 167 500 500 167 166 500 166 538 538 166 165 538 165 164 379 556 164 164 556 555 164 555 554 554 555 516 380 381 537 537 381 499 537 499 498 498 499 460 498 460 459 459 460 421 459 421 420 420 421 385 381 382 499 499 382 461 499 461 460 460 461 422 460 422 421 421 422 385 382 383 461 461 383 423 461 423 422 422 423 385 383 384 423 423 384 385 170 405 385 385 405 406 385 406 407 407 406 445 407 445 446 446 445 484 446 484 485 485 484 523 387 386 425 425 386 424 425 424 463 463 424 462 463 462 501 501 462 500 501 500 539 539 500 538 539 538 164 388 389 170 170 389 390 170 390 391 391 390 429 391 429 430 430 429 468 430 468 469 469 468 507 388 427 389 389 427 428 389 428 390 390 428 429 393 170 392 392 170 391 392 391 430 431 393 392 431 392 430 395 394 433 433 394 432 433 432 471 471 432 470 471 470 509 509 470 508 509 508 547 547 508 546 547 546 164 396 397 170 170 397 398 170 398 399 399 398 437 399 437 438 438 437 476 438 476 477 477 476 515 396 435 397 397 435 436 397 436 398 398 436 437 401 170 400 400 170 399 400 399 438 439 401 400 439 400 438 405 170 404 403 402 441 441 402 440 441 440 479 479 440 478 479 478 517 517 478 516 517 516 555 404 443 405 405 443 444 405 444 406 406 444 445 409 385 408 408 385 407 408 407 446 447 409 408 447 408 446 411 410 449 449 410 448 449 448 487 487 448 486 487 486 525 525 486 524 525 524 563 563 524 562 563 562 379 412 413 385 385 413 414 385 414 415 415 414 453 415 453 454 454 453 492 454 492 493 493 492 531 412 451 413 413 451 452 413 452 414 414 452 453 417 385 416 416 385 415 416 415 454 455 417 416 455 416 454 458 419 457 457 419 418 387 425 426 426 425 464 426 464 465 465 464 503 465 503 504 504 503 542 504 542 543 543 542 164 464 425 463 427 466 428 428 466 467 428 467 429 429 467 468 469 431 430 395 433 434 434 433 472 434 472 473 473 472 511 473 511 512 512 511 550 512 550 551 551 550 164 472 433 471 435 474 436 436 474 475 436 475 437 437 475 476 477 439 438 403 441 442 442 441 480 442 480 481 481 480 519 481 519 520 520 519 558 520 558 559 559 558 379 480 441 479 443 482 444 444 482 483 444 483 445 445 483 484 485 447 446 411 449 450 450 449 488 450 488 489 489 488 527 489 527 528 528 527 566 528 566 567 567 566 379 488 449 487 451 490 452 452 490 491 452 491 453 453 491 492 493 455 454 495 456 494 497 458 496 496 458 457 464 463 502 502 463 501 502 501 540 540 501 539 540 539 164 466 505 467 467 505 506 467 506 468 468 506 507 472 471 510 510 471 509 510 509 548 548 509 547 548 547 164 474 513 475 475 513 514 475 514 476 476 514 515 480 479 518 518 479 517 518 517 556 556 517 555 482 521 483 483 521 522 483 522 484 484 522 523 488 487 526 526 487 525 526 525 564 564 525 563 564 563 379 490 529 491 491 529 530 491 530 492 492 530 531 495 494 533 533 494 532 533 532 571 571 532 570 571 570 379 536 497 535 535 497 496 464 502 503 503 502 541 503 541 542 542 541 164 541 502 540 545 507 506 545 506 544 544 506 505 472 510 511 511 510 549 511 549 550 550 549 164 549 510 548 553 515 514 553 514 552 552 514 513 480 518 519 519 518 557 519 557 558 558 557 379 557 518 556 561 523 522 561 522 560 560 522 521 488 526 527 527 526 565 527 565 566 566 565 379 565 526 564 569 531 530 569 530 568 568 530 529 495 533 534 534 533 572 534 572 573 573 572 379 572 533 571 575 536 574 574 536 535 164 541 540 164 549 548 379 557 556 379 565 564 379 572 571 171 170 576 576 170 385 150 171 577 577 171 576 151 150 578 578 150 577 141 140 580 580 140 579 142 141 581 581 141 580 147 588 148 148 588 589 148 589 590 590 589 628 590 628 629 629 628 667 629 667 668 668 667 706 668 706 707 707 706 745 707 745 746 746 745 142 746 142 747 747 142 748 747 748 709 709 748 710 709 710 671 671 710 672 671 672 633 633 672 634 633 634 595 595 634 596 595 596 148 148 596 597 148 597 598 598 597 636 598 636 637 637 636 675 637 675 676 676 675 714 676 714 715 715 714 753 715 753 754 754 753 142 754 142 755 755 142 756 755 756 717 717 756 718 717 718 679 679 718 680 679 680 641 641 680 642 641 642 603 603 642 604 603 604 148 148 604 605 148 605 606 606 605 644 606 644 645 645 644 683 645 683 684 684 683 722 684 722 723 723 722 761 723 761 762 762 761 581 762 581 763 763 581 764 763 764 725 725 764 726 725 726 687 687 726 688 687 688 649 649 688 650 649 650 611 611 650 612 611 612 587 587 612 613 587 613 614 614 613 652 614 652 653 653 652 691 653 691 692 692 691 730 692 730 731 731 730 769 731 769 770 770 769 581 770 581 771 771 581 772 771 772 733 733 772 734 733 734 695 695 734 696 695 696 657 657 696 658 657 658 619 619 658 620 619 620 587 587 620 621 587 621 622 622 621 660 622 660 661 661 660 699 661 699 700 700 699 738 700 738 739 739 738 777 739 777 582 582 777 581 581 777 776 581 776 775 775 776 737 775 737 736 736 737 698 736 698 697 697 698 659 697 659 658 658 659 620 588 147 626 626 147 146 626 146 664 664 146 145 664 145 702 702 145 144 702 144 740 740 144 143 740 143 142 581 758 142 142 758 757 142 757 756 756 757 718 582 583 739 739 583 701 739 701 700 700 701 662 700 662 661 661 662 623 661 623 622 622 623 587 583 584 701 701 584 663 701 663 662 662 663 624 662 624 623 623 624 587 584 585 663 663 585 625 663 625 624 624 625 587 585 586 625 625 586 587 148 607 587 587 607 608 587 608 609 609 608 647 609 647 648 648 647 686 648 686 687 687 686 725 589 588 627 627 588 626 627 626 665 665 626 664 665 664 703 703 664 702 703 702 741 741 702 740 741 740 142 590 591 148 148 591 592 148 592 593 593 592 631 593 631 632 632 631 670 632 670 671 671 670 709 590 629 591 591 629 630 591 630 592 592 630 631 595 148 594 594 148 593 594 593 632 633 595 594 633 594 632 597 596 635 635 596 634 635 634 673 673 634 672 673 672 711 711 672 710 711 710 749 749 710 748 749 748 142 598 599 148 148 599 600 148 600 601 601 600 639 601 639 640 640 639 678 640 678 679 679 678 717 598 637 599 599 637 638 599 638 600 600 638 639 603 148 602 602 148 601 602 601 640 641 603 602 641 602 640 607 148 606 605 604 643 643 604 642 643 642 681 681 642 680 681 680 719 719 680 718 719 718 757 606 645 607 607 645 646 607 646 608 608 646 647 611 587 610 610 587 609 610 609 648 649 611 610 649 610 648 613 612 651 651 612 650 651 650 689 689 650 688 689 688 727 727 688 726 727 726 765 765 726 764 765 764 581 614 615 587 587 615 616 587 616 617 617 616 655 617 655 656 656 655 694 656 694 695 695 694 733 614 653 615 615 653 654 615 654 616 616 654 655 619 587 618 618 587 617 618 617 656 657 619 618 657 618 656 660 621 659 659 621 620 589 627 628 628 627 666 628 666 667 667 666 705 667 705 706 706 705 744 706 744 745 745 744 142 666 627 665 629 668 630 630 668 669 630 669 631 631 669 670 671 633 632 597 635 636 636 635 674 636 674 675 675 674 713 675 713 714 714 713 752 714 752 753 753 752 142 674 635 673 637 676 638 638 676 677 638 677 639 639 677 678 679 641 640 605 643 644 644 643 682 644 682 683 683 682 721 683 721 722 722 721 760 722 760 761 761 760 581 682 643 681 645 684 646 646 684 685 646 685 647 647 685 686 687 649 648 613 651 652 652 651 690 652 690 691 691 690 729 691 729 730 730 729 768 730 768 769 769 768 581 690 651 689 653 692 654 654 692 693 654 693 655 655 693 694 695 657 656 697 658 696 699 660 698 698 660 659 666 665 704 704 665 703 704 703 742 742 703 741 742 741 142 668 707 669 669 707 708 669 708 670 670 708 709 674 673 712 712 673 711 712 711 750 750 711 749 750 749 142 676 715 677 677 715 716 677 716 678 678 716 717 682 681 720 720 681 719 720 719 758 758 719 757 684 723 685 685 723 724 685 724 686 686 724 725 690 689 728 728 689 727 728 727 766 766 727 765 766 765 581 692 731 693 693 731 732 693 732 694 694 732 733 697 696 735 735 696 734 735 734 773 773 734 772 773 772 581 738 699 737 737 699 698 666 704 705 705 704 743 705 743 744 744 743 142 743 704 742 747 709 708 747 708 746 746 708 707 674 712 713 713 712 751 713 751 752 752 751 142 751 712 750 755 717 716 755 716 754 754 716 715 682 720 721 721 720 759 721 759 760 760 759 581 759 720 758 763 725 724 763 724 762 762 724 723 690 728 729 729 728 767 729 767 768 768 767 581 767 728 766 771 733 732 771 732 770 770 732 731 697 735 736 736 735 774 736 774 775 775 774 581 774 735 773 777 738 776 776 738 737 142 743 742 142 751 750 581 759 758 581 767 766 581 774 773 149 148 778 778 148 587 128 149 779 779 149 778 129 128 780 780 128 779 119 118 782 782 118 781 120 119 783 783 119 782 125 790 126 126 790 791 126 791 792 792 791 830 792 830 831 831 830 869 831 869 870 870 869 908 870 908 909 909 908 947 909 947 948 948 947 120 948 120 949 949 120 950 949 950 911 911 950 912 911 912 873 873 912 874 873 874 835 835 874 836 835 836 797 797 836 798 797 798 126 126 798 799 126 799 800 800 799 838 800 838 839 839 838 877 839 877 878 878 877 916 878 916 917 917 916 955 917 955 956 956 955 120 956 120 957 957 120 958 957 958 919 919 958 920 919 920 881 881 920 882 881 882 843 843 882 844 843 844 805 805 844 806 805 806 126 126 806 807 126 807 808 808 807 846 808 846 847 847 846 885 847 885 886 886 885 924 886 924 925 925 924 963 925 963 964 964 963 783 964 783 965 965 783 966 965 966 927 927 966 928 927 928 889 889 928 890 889 890 851 851 890 852 851 852 813 813 852 814 813 814 789 789 814 815 789 815 816 816 815 854 816 854 855 855 854 893 855 893 894 894 893 932 894 932 933 933 932 971 933 971 972 972 971 783 972 783 973 973 783 974 973 974 935 935 974 936 935 936 897 897 936 898 897 898 859 859 898 860 859 860 821 821 860 822 821 822 789 789 822 823 789 823 824 824 823 862 824 862 863 863 862 901 863 901 902 902 901 940 902 940 941 941 940 979 941 979 784 784 979 783 783 979 978 783 978 977 977 978 939 977 939 938 938 939 900 938 900 899 899 900 861 899 861 860 860 861 822 790 125 828 828 125 124 828 124 866 866 124 123 866 123 904 904 123 122 904 122 942 942 122 121 942 121 120 783 960 120 120 960 959 120 959 958 958 959 920 784 785 941 941 785 903 941 903 902 902 903 864 902 864 863 863 864 825 863 825 824 824 825 789 785 786 903 903 786 865 903 865 864 864 865 826 864 826 825 825 826 789 786 787 865 865 787 827 865 827 826 826 827 789 787 788 827 827 788 789 126 809 789 789 809 810 789 810 811 811 810 849 811 849 850 850 849 888 850 888 889 889 888 927 791 790 829 829 790 828 829 828 867 867 828 866 867 866 905 905 866 904 905 904 943 943 904 942 943 942 120 792 793 126 126 793 794 126 794 795 795 794 833 795 833 834 834 833 872 834 872 873 873 872 911 792 831 793 793 831 832 793 832 794 794 832 833 797 126 796 796 126 795 796 795 834 835 797 796 835 796 834 799 798 837 837 798 836 837 836 875 875 836 874 875 874 913 913 874 912 913 912 951 951 912 950 951 950 120 800 801 126 126 801 802 126 802 803 803 802 841 803 841 842 842 841 880 842 880 881 881 880 919 800 839 801 801 839 840 801 840 802 802 840 841 805 126 804 804 126 803 804 803 842 843 805 804 843 804 842 809 126 808 807 806 845 845 806 844 845 844 883 883 844 882 883 882 921 921 882 920 921 920 959 808 847 809 809 847 848 809 848 810 810 848 849 813 789 812 812 789 811 812 811 850 851 813 812 851 812 850 815 814 853 853 814 852 853 852 891 891 852 890 891 890 929 929 890 928 929 928 967 967 928 966 967 966 783 816 817 789 789 817 818 789 818 819 819 818 857 819 857 858 858 857 896 858 896 897 897 896 935 816 855 817 817 855 856 817 856 818 818 856 857 821 789 820 820 789 819 820 819 858 859 821 820 859 820 858 862 823 861 861 823 822 791 829 830 830 829 868 830 868 869 869 868 907 869 907 908 908 907 946 908 946 947 947 946 120 868 829 867 831 870 832 832 870 871 832 871 833 833 871 872 873 835 834 799 837 838 838 837 876 838 876 877 877 876 915 877 915 916 916 915 954 916 954 955 955 954 120 876 837 875 839 878 840 840 878 879 840 879 841 841 879 880 881 843 842 807 845 846 846 845 884 846 884 885 885 884 923 885 923 924 924 923 962 924 962 963 963 962 783 884 845 883 847 886 848 848 886 887 848 887 849 849 887 888 889 851 850 815 853 854 854 853 892 854 892 893 893 892 931 893 931 932 932 931 970 932 970 971 971 970 783 892 853 891 855 894 856 856 894 895 856 895 857 857 895 896 897 859 858 899 860 898 901 862 900 900 862 861 868 867 906 906 867 905 906 905 944 944 905 943 944 943 120 870 909 871 871 909 910 871 910 872 872 910 911 876 875 914 914 875 913 914 913 952 952 913 951 952 951 120 878 917 879 879 917 918 879 918 880 880 918 919 884 883 922 922 883 921 922 921 960 960 921 959 886 925 887 887 925 926 887 926 888 888 926 927 892 891 930 930 891 929 930 929 968 968 929 967 968 967 783 894 933 895 895 933 934 895 934 896 896 934 935 899 898 937 937 898 936 937 936 975 975 936 974 975 974 783 940 901 939 939 901 900 868 906 907 907 906 945 907 945 946 946 945 120 945 906 944 949 911 910 949 910 948 948 910 909 876 914 915 915 914 953 915 953 954 954 953 120 953 914 952 957 919 918 957 918 956 956 918 917 884 922 923 923 922 961 923 961 962 962 961 783 961 922 960 965 927 926 965 926 964 964 926 925 892 930 931 931 930 969 931 969 970 970 969 783 969 930 968 973 935 934 973 934 972 972 934 933 899 937 938 938 937 976 938 976 977 977 976 783 976 937 975 979 940 978 978 940 939 120 945 944 120 953 952 783 961 960 783 969 968 783 976 975 127 126 980 980 126 789 106 127 981 981 127 980 107 106 982 982 106 981 97 96 984 984 96 983 98 97 985 985 97 984 103 992 104 104 992 993 104 993 994 994 993 1032 994 1032 1033 1033 1032 1071 1033 1071 1072 1072 1071 1110 1072 1110 1111 1111 1110 1149 1111 1149 1150 1150 1149 98 1150 98 1151 1151 98 1152 1151 1152 1113 1113 1152 1114 1113 1114 1075 1075 1114 1076 1075 1076 1037 1037 1076 1038 1037 1038 999 999 1038 1000 999 1000 104 104 1000 1001 104 1001 1002 1002 1001 1040 1002 1040 1041 1041 1040 1079 1041 1079 1080 1080 1079 1118 1080 1118 1119 1119 1118 1157 1119 1157 1158 1158 1157 98 1158 98 1159 1159 98 1160 1159 1160 1121 1121 1160 1122 1121 1122 1083 1083 1122 1084 1083 1084 1045 1045 1084 1046 1045 1046 1007 1007 1046 1008 1007 1008 104 104 1008 1009 104 1009 1010 1010 1009 1048 1010 1048 1049 1049 1048 1087 1049 1087 1088 1088 1087 1126 1088 1126 1127 1127 1126 1165 1127 1165 1166 1166 1165 985 1166 985 1167 1167 985 1168 1167 1168 1129 1129 1168 1130 1129 1130 1091 1091 1130 1092 1091 1092 1053 1053 1092 1054 1053 1054 1015 1015 1054 1016 1015 1016 991 991 1016 1017 991 1017 1018 1018 1017 1056 1018 1056 1057 1057 1056 1095 1057 1095 1096 1096 1095 1134 1096 1134 1135 1135 1134 1173 1135 1173 1174 1174 1173 985 1174 985 1175 1175 985 1176 1175 1176 1137 1137 1176 1138 1137 1138 1099 1099 1138 1100 1099 1100 1061 1061 1100 1062 1061 1062 1023 1023 1062 1024 1023 1024 991 991 1024 1025 991 1025 1026 1026 1025 1064 1026 1064 1065 1065 1064 1103 1065 1103 1104 1104 1103 1142 1104 1142 1143 1143 1142 1181 1143 1181 986 986 1181 985 985 1181 1180 985 1180 1179 1179 1180 1141 1179 1141 1140 1140 1141 1102 1140 1102 1101 1101 1102 1063 1101 1063 1062 1062 1063 1024 992 103 1030 1030 103 102 1030 102 1068 1068 102 101 1068 101 1106 1106 101 100 1106 100 1144 1144 100 99 1144 99 98 985 1162 98 98 1162 1161 98 1161 1160 1160 1161 1122 986 987 1143 1143 987 1105 1143 1105 1104 1104 1105 1066 1104 1066 1065 1065 1066 1027 1065 1027 1026 1026 1027 991 987 988 1105 1105 988 1067 1105 1067 1066 1066 1067 1028 1066 1028 1027 1027 1028 991 988 989 1067 1067 989 1029 1067 1029 1028 1028 1029 991 989 990 1029 1029 990 991 104 1011 991 991 1011 1012 991 1012 1013 1013 1012 1051 1013 1051 1052 1052 1051 1090 1052 1090 1091 1091 1090 1129 993 992 1031 1031 992 1030 1031 1030 1069 1069 1030 1068 1069 1068 1107 1107 1068 1106 1107 1106 1145 1145 1106 1144 1145 1144 98 994 995 104 104 995 996 104 996 997 997 996 1035 997 1035 1036 1036 1035 1074 1036 1074 1075 1075 1074 1113 994 1033 995 995 1033 1034 995 1034 996 996 1034 1035 999 104 998 998 104 997 998 997 1036 1037 999 998 1037 998 1036 1001 1000 1039 1039 1000 1038 1039 1038 1077 1077 1038 1076 1077 1076 1115 1115 1076 1114 1115 1114 1153 1153 1114 1152 1153 1152 98 1002 1003 104 104 1003 1004 104 1004 1005 1005 1004 1043 1005 1043 1044 1044 1043 1082 1044 1082 1083 1083 1082 1121 1002 1041 1003 1003 1041 1042 1003 1042 1004 1004 1042 1043 1007 104 1006 1006 104 1005 1006 1005 1044 1045 1007 1006 1045 1006 1044 1011 104 1010 1009 1008 1047 1047 1008 1046 1047 1046 1085 1085 1046 1084 1085 1084 1123 1123 1084 1122 1123 1122 1161 1010 1049 1011 1011 1049 1050 1011 1050 1012 1012 1050 1051 1015 991 1014 1014 991 1013 1014 1013 1052 1053 1015 1014 1053 1014 1052 1017 1016 1055 1055 1016 1054 1055 1054 1093 1093 1054 1092 1093 1092 1131 1131 1092 1130 1131 1130 1169 1169 1130 1168 1169 1168 985 1018 1019 991 991 1019 1020 991 1020 1021 1021 1020 1059 1021 1059 1060 1060 1059 1098 1060 1098 1099 1099 1098 1137 1018 1057 1019 1019 1057 1058 1019 1058 1020 1020 1058 1059 1023 991 1022 1022 991 1021 1022 1021 1060 1061 1023 1022 1061 1022 1060 1064 1025 1063 1063 1025 1024 993 1031 1032 1032 1031 1070 1032 1070 1071 1071 1070 1109 1071 1109 1110 1110 1109 1148 1110 1148 1149 1149 1148 98 1070 1031 1069 1033 1072 1034 1034 1072 1073 1034 1073 1035 1035 1073 1074 1075 1037 1036 1001 1039 1040 1040 1039 1078 1040 1078 1079 1079 1078 1117 1079 1117 1118 1118 1117 1156 1118 1156 1157 1157 1156 98 1078 1039 1077 1041 1080 1042 1042 1080 1081 1042 1081 1043 1043 1081 1082 1083 1045 1044 1009 1047 1048 1048 1047 1086 1048 1086 1087 1087 1086 1125 1087 1125 1126 1126 1125 1164 1126 1164 1165 1165 1164 985 1086 1047 1085 1049 1088 1050 1050 1088 1089 1050 1089 1051 1051 1089 1090 1091 1053 1052 1017 1055 1056 1056 1055 1094 1056 1094 1095 1095 1094 1133 1095 1133 1134 1134 1133 1172 1134 1172 1173 1173 1172 985 1094 1055 1093 1057 1096 1058 1058 1096 1097 1058 1097 1059 1059 1097 1098 1099 1061 1060 1101 1062 1100 1103 1064 1102 1102 1064 1063 1070 1069 1108 1108 1069 1107 1108 1107 1146 1146 1107 1145 1146 1145 98 1072 1111 1073 1073 1111 1112 1073 1112 1074 1074 1112 1113 1078 1077 1116 1116 1077 1115 1116 1115 1154 1154 1115 1153 1154 1153 98 1080 1119 1081 1081 1119 1120 1081 1120 1082 1082 1120 1121 1086 1085 1124 1124 1085 1123 1124 1123 1162 1162 1123 1161 1088 1127 1089 1089 1127 1128 1089 1128 1090 1090 1128 1129 1094 1093 1132 1132 1093 1131 1132 1131 1170 1170 1131 1169 1170 1169 985 1096 1135 1097 1097 1135 1136 1097 1136 1098 1098 1136 1137 1101 1100 1139 1139 1100 1138 1139 1138 1177 1177 1138 1176 1177 1176 985 1142 1103 1141 1141 1103 1102 1070 1108 1109 1109 1108 1147 1109 1147 1148 1148 1147 98 1147 1108 1146 1151 1113 1112 1151 1112 1150 1150 1112 1111 1078 1116 1117 1117 1116 1155 1117 1155 1156 1156 1155 98 1155 1116 1154 1159 1121 1120 1159 1120 1158 1158 1120 1119 1086 1124 1125 1125 1124 1163 1125 1163 1164 1164 1163 985 1163 1124 1162 1167 1129 1128 1167 1128 1166 1166 1128 1127 1094 1132 1133 1133 1132 1171 1133 1171 1172 1172 1171 985 1171 1132 1170 1175 1137 1136 1175 1136 1174 1174 1136 1135 1101 1139 1140 1140 1139 1178 1140 1178 1179 1179 1178 985 1178 1139 1177 1181 1142 1180 1180 1142 1141 98 1147 1146 98 1155 1154 985 1163 1162 985 1171 1170 985 1178 1177 105 104 1182 1182 104 991 84 105 1183 1183 105 1182 85 84 1184 1184 84 1183 44 43 1186 1186 43 1185 45 44 1187 1187 44 1186 46 45 1188 1188 45 1187 47 46 1189 1189 46 1188 48 47 1190 1190 47 1189 49 48 1191 1191 48 1190 54 1198 55 55 1198 1199 55 1199 1200 1200 1199 1234 1200 1234 1235 1235 1234 1269 1235 1269 1270 1270 1269 1304 1270 1304 1305 1305 1304 1339 1305 1339 1340 1340 1339 49 1340 49 1341 1341 49 1342 1341 1342 1307 1307 1342 1308 1307 1308 1273 1273 1308 1274 1273 1274 1239 1239 1274 1240 1239 1240 1205 1205 1240 1206 1205 1206 55 55 1206 1207 55 1207 1208 1208 1207 1242 1208 1242 1243 1243 1242 1277 1243 1277 1278 1278 1277 1312 1278 1312 1313 1313 1312 1347 1313 1347 1348 1348 1347 49 1348 49 1349 1349 49 1350 1349 1350 1315 1315 1350 1316 1315 1316 1281 1281 1316 1282 1281 1282 1247 1247 1282 1248 1247 1248 1213 1213 1248 1214 1213 1214 55 55 1214 1215 55 1215 1197 1197 1215 1216 1197 1216 1217 1217 1216 1251 1217 1251 1252 1252 1251 1286 1252 1286 1287 1287 1286 1321 1287 1321 1322 1322 1321 1356 1322 1356 1357 1357 1356 1191 1357 1191 1358 1358 1191 1359 1358 1359 1324 1324 1359 1325 1324 1325 1290 1290 1325 1291 1290 1291 1256 1256 1291 1257 1256 1257 1222 1222 1257 1223 1222 1223 1197 1197 1223 1224 1197 1224 1225 1225 1224 1259 1225 1259 1260 1260 1259 1294 1260 1294 1295 1295 1294 1329 1295 1329 1330 1330 1329 1364 1330 1364 1365 1365 1364 1191 1365 1191 1366 1366 1191 1367 1366 1367 1332 1332 1367 1333 1332 1333 1298 1298 1333 1299 1298 1299 1264 1264 1299 1265 1264 1265 1230 1230 1265 1231 1230 1231 1197 1197 1231 1196 1196 1231 1195 1195 1231 1265 1195 1265 1194 1194 1265 1299 1194 1299 1193 1193 1299 1333 1193 1333 1192 1192 1333 1367 1192 1367 1191 1198 54 1232 1232 54 53 1232 53 1266 1266 53 52 1266 52 1300 1300 52 51 1300 51 1334 1334 51 50 1334 50 49 49 1191 1350 1350 1191 1351 1350 1351 1316 1316 1351 1317 1316 1317 1282 1282 1317 1283 1282 1283 1248 1248 1283 1249 1248 1249 1214 1214 1249 1215 1199 1198 1233 1233 1198 1232 1233 1232 1267 1267 1232 1266 1267 1266 1301 1301 1266 1300 1301 1300 1335 1335 1300 1334 1335 1334 49 1200 1201 55 55 1201 1202 55 1202 1203 1203 1202 1237 1203 1237 1238 1238 1237 1272 1238 1272 1273 1273 1272 1307 1200 1235 1201 1201 1235 1236 1201 1236 1202 1202 1236 1237 1205 55 1204 1204 55 1203 1204 1203 1238 1239 1205 1204 1239 1204 1238 1207 1206 1241 1241 1206 1240 1241 1240 1275 1275 1240 1274 1275 1274 1309 1309 1274 1308 1309 1308 1343 1343 1308 1342 1343 1342 49 1208 1209 55 55 1209 1210 55 1210 1211 1211 1210 1245 1211 1245 1246 1246 1245 1280 1246 1280 1281 1281 1280 1315 1208 1243 1209 1209 1243 1244 1209 1244 1210 1210 1244 1245 1213 55 1212 1212 55 1211 1212 1211 1246 1247 1213 1212 1247 1212 1246 1216 1215 1250 1250 1215 1249 1250 1249 1284 1284 1249 1283 1284 1283 1318 1318 1283 1317 1318 1317 1352 1352 1317 1351 1352 1351 1191 1217 1218 1197 1197 1218 1219 1197 1219 1220 1220 1219 1254 1220 1254 1255 1255 1254 1289 1255 1289 1290 1290 1289 1324 1217 1252 1218 1218 1252 1253 1218 1253 1219 1219 1253 1254 1222 1197 1221 1221 1197 1220 1221 1220 1255 1256 1222 1221 1256 1221 1255 1224 1223 1258 1258 1223 1257 1258 1257 1292 1292 1257 1291 1292 1291 1326 1326 1291 1325 1326 1325 1360 1360 1325 1359 1360 1359 1191 1225 1226 1197 1197 1226 1227 1197 1227 1228 1228 1227 1262 1228 1262 1263 1263 1262 1297 1263 1297 1298 1298 1297 1332 1225 1260 1226 1226 1260 1261 1226 1261 1227 1227 1261 1262 1230 1197 1229 1229 1197 1228 1229 1228 1263 1264 1230 1229 1264 1229 1263 1199 1233 1234 1234 1233 1268 1234 1268 1269 1269 1268 1303 1269 1303 1304 1304 1303 1338 1304 1338 1339 1339 1338 49 1268 1233 1267 1235 1270 1236 1236 1270 1271 1236 1271 1237 1237 1271 1272 1273 1239 1238 1207 1241 1242 1242 1241 1276 1242 1276 1277 1277 1276 1311 1277 1311 1312 1312 1311 1346 1312 1346 1347 1347 1346 49 1276 1241 1275 1243 1278 1244 1244 1278 1279 1244 1279 1245 1245 1279 1280 1281 1247 1246 1216 1250 1251 1251 1250 1285 1251 1285 1286 1286 1285 1320 1286 1320 1321 1321 1320 1355 1321 1355 1356 1356 1355 1191 1285 1250 1284 1252 1287 1253 1253 1287 1288 1253 1288 1254 1254 1288 1289 1290 1256 1255 1224 1258 1259 1259 1258 1293 1259 1293 1294 1294 1293 1328 1294 1328 1329 1329 1328 1363 1329 1363 1364 1364 1363 1191 1293 1258 1292 1260 1295 1261 1261 1295 1296 1261 1296 1262 1262 1296 1297 1298 1264 1263 1268 1267 1302 1302 1267 1301 1302 1301 1336 1336 1301 1335 1336 1335 49 1270 1305 1271 1271 1305 1306 1271 1306 1272 1272 1306 1307 1276 1275 1310 1310 1275 1309 1310 1309 1344 1344 1309 1343 1344 1343 49 1278 1313 1279 1279 1313 1314 1279 1314 1280 1280 1314 1315 1285 1284 1319 1319 1284 1318 1319 1318 1353 1353 1318 1352 1353 1352 1191 1287 1322 1288 1288 1322 1323 1288 1323 1289 1289 1323 1324 1293 1292 1327 1327 1292 1326 1327 1326 1361 1361 1326 1360 1361 1360 1191 1295 1330 1296 1296 1330 1331 1296 1331 1297 1297 1331 1332 1268 1302 1303 1303 1302 1337 1303 1337 1338 1338 1337 49 1337 1302 1336 1341 1307 1306 1341 1306 1340 1340 1306 1305 1276 1310 1311 1311 1310 1345 1311 1345 1346 1346 1345 49 1345 1310 1344 1349 1315 1314 1349 1314 1348 1348 1314 1313 1285 1319 1320 1320 1319 1354 1320 1354 1355 1355 1354 1191 1354 1319 1353 1358 1324 1323 1358 1323 1357 1357 1323 1322 1293 1327 1328 1328 1327 1362 1328 1362 1363 1363 1362 1191 1362 1327 1361 1366 1332 1331 1366 1331 1365 1365 1331 1330 49 1337 1336 49 1345 1344 1191 1354 1353 1191 1362 1361 56 55 1368 1368 55 1197 57 56 1369 1369 56 1368 58 57 1370 1370 57 1369 59 58 1371 1371 58 1370 60 59 1372 1372 59 1371 61 60 1373 1373 60 1372 62 61 1374 1374 61 1373 63 62 1375 1375 62 1374 64 63 1376 1376 63 1375 65 64 1377 1377 64 1376 66 65 1378 1378 65 1377 67 66 1379 1379 66 1378 68 67 1380 1380 67 1379 69 68 1381 1381 68 1380 70 69 1382 1382 69 1381 75 1389 76 76 1389 1390 76 1390 1391 1391 1390 1425 1391 1425 1426 1426 1425 1460 1426 1460 1461 1461 1460 1495 1461 1495 1496 1496 1495 1530 1496 1530 1531 1531 1530 70 1531 70 1532 1532 70 1533 1532 1533 1498 1498 1533 1499 1498 1499 1464 1464 1499 1465 1464 1465 1430 1430 1465 1431 1430 1431 1396 1396 1431 1397 1396 1397 76 76 1397 1398 76 1398 1399 1399 1398 1433 1399 1433 1434 1434 1433 1468 1434 1468 1469 1469 1468 1503 1469 1503 1504 1504 1503 1538 1504 1538 1539 1539 1538 70 1539 70 1540 1540 70 1541 1540 1541 1506 1506 1541 1507 1506 1507 1472 1472 1507 1473 1472 1473 1438 1438 1473 1439 1438 1439 1404 1404 1439 1405 1404 1405 76 76 1405 1406 76 1406 1388 1388 1406 1407 1388 1407 1408 1408 1407 1442 1408 1442 1443 1443 1442 1477 1443 1477 1478 1478 1477 1512 1478 1512 1513 1513 1512 1547 1513 1547 1548 1548 1547 1382 1548 1382 1549 1549 1382 1550 1549 1550 1515 1515 1550 1516 1515 1516 1481 1481 1516 1482 1481 1482 1447 1447 1482 1448 1447 1448 1413 1413 1448 1414 1413 1414 1388 1388 1414 1415 1388 1415 1416 1416 1415 1450 1416 1450 1451 1451 1450 1485 1451 1485 1486 1486 1485 1520 1486 1520 1521 1521 1520 1555 1521 1555 1556 1556 1555 1382 1556 1382 1557 1557 1382 1558 1557 1558 1523 1523 1558 1524 1523 1524 1489 1489 1524 1490 1489 1490 1455 1455 1490 1456 1455 1456 1421 1421 1456 1422 1421 1422 1388 1388 1422 1387 1387 1422 1386 1386 1422 1456 1386 1456 1385 1385 1456 1490 1385 1490 1384 1384 1490 1524 1384 1524 1383 1383 1524 1558 1383 1558 1382 1389 75 1423 1423 75 74 1423 74 1457 1457 74 73 1457 73 1491 1491 73 72 1491 72 1525 1525 72 71 1525 71 70 70 1382 1541 1541 1382 1542 1541 1542 1507 1507 1542 1508 1507 1508 1473 1473 1508 1474 1473 1474 1439 1439 1474 1440 1439 1440 1405 1405 1440 1406 1390 1389 1424 1424 1389 1423 1424 1423 1458 1458 1423 1457 1458 1457 1492 1492 1457 1491 1492 1491 1526 1526 1491 1525 1526 1525 70 1391 1392 76 76 1392 1393 76 1393 1394 1394 1393 1428 1394 1428 1429 1429 1428 1463 1429 1463 1464 1464 1463 1498 1391 1426 1392 1392 1426 1427 1392 1427 1393 1393 1427 1428 1396 76 1395 1395 76 1394 1395 1394 1429 1430 1396 1395 1430 1395 1429 1398 1397 1432 1432 1397 1431 1432 1431 1466 1466 1431 1465 1466 1465 1500 1500 1465 1499 1500 1499 1534 1534 1499 1533 1534 1533 70 1399 1400 76 76 1400 1401 76 1401 1402 1402 1401 1436 1402 1436 1437 1437 1436 1471 1437 1471 1472 1472 1471 1506 1399 1434 1400 1400 1434 1435 1400 1435 1401 1401 1435 1436 1404 76 1403 1403 76 1402 1403 1402 1437 1438 1404 1403 1438 1403 1437 1407 1406 1441 1441 1406 1440 1441 1440 1475 1475 1440 1474 1475 1474 1509 1509 1474 1508 1509 1508 1543 1543 1508 1542 1543 1542 1382 1408 1409 1388 1388 1409 1410 1388 1410 1411 1411 1410 1445 1411 1445 1446 1446 1445 1480 1446 1480 1481 1481 1480 1515 1408 1443 1409 1409 1443 1444 1409 1444 1410 1410 1444 1445 1413 1388 1412 1412 1388 1411 1412 1411 1446 1447 1413 1412 1447 1412 1446 1415 1414 1449 1449 1414 1448 1449 1448 1483 1483 1448 1482 1483 1482 1517 1517 1482 1516 1517 1516 1551 1551 1516 1550 1551 1550 1382 1416 1417 1388 1388 1417 1418 1388 1418 1419 1419 1418 1453 1419 1453 1454 1454 1453 1488 1454 1488 1489 1489 1488 1523 1416 1451 1417 1417 1451 1452 1417 1452 1418 1418 1452 1453 1421 1388 1420 1420 1388 1419 1420 1419 1454 1455 1421 1420 1455 1420 1454 1390 1424 1425 1425 1424 1459 1425 1459 1460 1460 1459 1494 1460 1494 1495 1495 1494 1529 1495 1529 1530 1530 1529 70 1459 1424 1458 1426 1461 1427 1427 1461 1462 1427 1462 1428 1428 1462 1463 1464 1430 1429 1398 1432 1433 1433 1432 1467 1433 1467 1468 1468 1467 1502 1468 1502 1503 1503 1502 1537 1503 1537 1538 1538 1537 70 1467 1432 1466 1434 1469 1435 1435 1469 1470 1435 1470 1436 1436 1470 1471 1472 1438 1437 1407 1441 1442 1442 1441 1476 1442 1476 1477 1477 1476 1511 1477 1511 1512 1512 1511 1546 1512 1546 1547 1547 1546 1382 1476 1441 1475 1443 1478 1444 1444 1478 1479 1444 1479 1445 1445 1479 1480 1481 1447 1446 1415 1449 1450 1450 1449 1484 1450 1484 1485 1485 1484 1519 1485 1519 1520 1520 1519 1554 1520 1554 1555 1555 1554 1382 1484 1449 1483 1451 1486 1452 1452 1486 1487 1452 1487 1453 1453 1487 1488 1489 1455 1454 1459 1458 1493 1493 1458 1492 1493 1492 1527 1527 1492 1526 1527 1526 70 1461 1496 1462 1462 1496 1497 1462 1497 1463 1463 1497 1498 1467 1466 1501 1501 1466 1500 1501 1500 1535 1535 1500 1534 1535 1534 70 1469 1504 1470 1470 1504 1505 1470 1505 1471 1471 1505 1506 1476 1475 1510 1510 1475 1509 1510 1509 1544 1544 1509 1543 1544 1543 1382 1478 1513 1479 1479 1513 1514 1479 1514 1480 1480 1514 1515 1484 1483 1518 1518 1483 1517 1518 1517 1552 1552 1517 1551 1552 1551 1382 1486 1521 1487 1487 1521 1522 1487 1522 1488 1488 1522 1523 1459 1493 1494 1494 1493 1528 1494 1528 1529 1529 1528 70 1528 1493 1527 1532 1498 1497 1532 1497 1531 1531 1497 1496 1467 1501 1502 1502 1501 1536 1502 1536 1537 1537 1536 70 1536 1501 1535 1540 1506 1505 1540 1505 1539 1539 1505 1504 1476 1510 1511 1511 1510 1545 1511 1545 1546 1546 1545 1382 1545 1510 1544 1549 1515 1514 1549 1514 1548 1548 1514 1513 1484 1518 1519 1519 1518 1553 1519 1553 1554 1554 1553 1382 1553 1518 1552 1557 1523 1522 1557 1522 1556 1556 1522 1521 70 1528 1527 70 1536 1535 1382 1545 1544 1382 1553 1552 77 76 1559 1559 76 1388 78 77 1560 1560 77 1559 79 78 1561 1561 78 1560 80 79 1562 1562 79 1561 81 80 1563 1563 80 1562 82 81 1564 1564 81 1563 83 82 1565 1565 82 1564 0 83 1566 1566 83 1565 1 0 1567 1567 0 1566 188 187 1569 1569 187 1568 189 188 204 204 188 1569 180 179 1571 1571 179 1570 176 1576 177 177 1576 1577 177 1577 1578 1578 1577 1604 1578 1604 1605 1605 1604 1631 1605 1631 1632 1632 1631 173 1632 173 1633 1633 173 1634 1633 1634 1607 1607 1634 1608 1607 1608 1581 1581 1608 1582 1581 1582 177 177 1582 1583 177 1583 1584 1584 1583 1610 1584 1610 1611 1611 1610 1637 1611 1637 1638 1638 1637 173 1638 173 1639 1639 173 1640 1639 1640 1613 1613 1640 1614 1613 1614 1587 1587 1614 1588 1587 1588 177 177 1588 1589 177 1589 1575 1575 1589 1590 1575 1590 1591 1591 1590 1617 1591 1617 1618 1618 1617 1644 1618 1644 1645 1645 1644 376 1645 376 1646 1646 376 1647 1646 1647 1620 1620 1647 1621 1620 1621 1594 1594 1621 1595 1594 1595 1575 1575 1595 1596 1575 1596 1597 1597 1596 1623 1597 1623 1624 1624 1623 1650 1624 1650 1651 1651 1650 376 1651 376 1652 1652 376 1653 1652 1653 1626 1626 1653 1627 1626 1627 1600 1600 1627 1601 1600 1601 1575 1575 1601 1574 1574 1601 1573 1573 1601 1627 1573 1627 1572 1572 1627 1653 1572 1653 376 1576 176 1602 1602 176 175 1602 175 1628 1628 175 174 1628 174 173 173 376 1640 1640 376 1641 1640 1641 1614 1614 1641 1615 1614 1615 1588 1588 1615 1589 1577 1576 1603 1603 1576 1602 1603 1602 1629 1629 1602 1628 1629 1628 173 1578 1579 177 177 1579 1580 177 1580 1581 1581 1580 1607 1578 1605 1579 1579 1605 1606 1579 1606 1580 1580 1606 1607 1583 1582 1609 1609 1582 1608 1609 1608 1635 1635 1608 1634 1635 1634 173 1584 1585 177 177 1585 1586 177 1586 1587 1587 1586 1613 1584 1611 1585 1585 1611 1612 1585 1612 1586 1586 1612 1613 1590 1589 1616 1616 1589 1615 1616 1615 1642 1642 1615 1641 1642 1641 376 1591 1592 1575 1575 1592 1593 1575 1593 1594 1594 1593 1620 1591 1618 1592 1592 1618 1619 1592 1619 1593 1593 1619 1620 1596 1595 1622 1622 1595 1621 1622 1621 1648 1648 1621 1647 1648 1647 376 1597 1598 1575 1575 1598 1599 1575 1599 1600 1600 1599 1626 1597 1624 1598 1598 1624 1625 1598 1625 1599 1599 1625 1626 1577 1603 1604 1604 1603 1630 1604 1630 1631 1631 1630 173 1630 1603 1629 1633 1607 1606 1633 1606 1632 1632 1606 1605 1583 1609 1610 1610 1609 1636 1610 1636 1637 1637 1636 173 1636 1609 1635 1639 1613 1612 1639 1612 1638 1638 1612 1611 1590 1616 1617 1617 1616 1643 1617 1643 1644 1644 1643 376 1643 1616 1642 1646 1620 1619 1646 1619 1645 1645 1619 1618 1596 1622 1623 1623 1622 1649 1623 1649 1650 1650 1649 376 1649 1622 1648 1652 1626 1625 1652 1625 1651 1651 1625 1624 173 1630 1629 173 1636 1635 376 1643 1642 376 1649 1648 181 180 1654 1654 180 1571 184 1659 185 185 1659 1660 185 1660 1661 1661 1660 1687 1661 1687 1688 1688 1687 1714 1688 1714 1715 1715 1714 181 1715 181 1716 1716 181 1717 1716 1717 1690 1690 1717 1691 1690 1691 1664 1664 1691 1665 1664 1665 185 185 1665 1666 185 1666 1667 1667 1666 1693 1667 1693 1694 1694 1693 1720 1694 1720 1721 1721 1720 181 1721 181 1722 1722 181 1723 1722 1723 1696 1696 1723 1697 1696 1697 1670 1670 1697 1671 1670 1671 185 185 1671 1672 185 1672 1658 1658 1672 1673 1658 1673 1674 1674 1673 1700 1674 1700 1701 1701 1700 1727 1701 1727 1728 1728 1727 1654 1728 1654 1729 1729 1654 1730 1729 1730 1703 1703 1730 1704 1703 1704 1677 1677 1704 1678 1677 1678 1658 1658 1678 1679 1658 1679 1680 1680 1679 1706 1680 1706 1707 1707 1706 1733 1707 1733 1734 1734 1733 1654 1734 1654 1735 1735 1654 1736 1735 1736 1709 1709 1736 1710 1709 1710 1683 1683 1710 1684 1683 1684 1658 1658 1684 1657 1657 1684 1656 1656 1684 1710 1656 1710 1655 1655 1710 1736 1655 1736 1654 1659 184 1685 1685 184 183 1685 183 1711 1711 183 182 1711 182 181 181 1654 1723 1723 1654 1724 1723 1724 1697 1697 1724 1698 1697 1698 1671 1671 1698 1672 1660 1659 1686 1686 1659 1685 1686 1685 1712 1712 1685 1711 1712 1711 181 1661 1662 185 185 1662 1663 185 1663 1664 1664 1663 1690 1661 1688 1662 1662 1688 1689 1662 1689 1663 1663 1689 1690 1666 1665 1692 1692 1665 1691 1692 1691 1718 1718 1691 1717 1718 1717 181 1667 1668 185 185 1668 1669 185 1669 1670 1670 1669 1696 1667 1694 1668 1668 1694 1695 1668 1695 1669 1669 1695 1696 1673 1672 1699 1699 1672 1698 1699 1698 1725 1725 1698 1724 1725 1724 1654 1674 1675 1658 1658 1675 1676 1658 1676 1677 1677 1676 1703 1674 1701 1675 1675 1701 1702 1675 1702 1676 1676 1702 1703 1679 1678 1705 1705 1678 1704 1705 1704 1731 1731 1704 1730 1731 1730 1654 1680 1681 1658 1658 1681 1682 1658 1682 1683 1683 1682 1709 1680 1707 1681 1681 1707 1708 1681 1708 1682 1682 1708 1709 1660 1686 1687 1687 1686 1713 1687 1713 1714 1714 1713 181 1713 1686 1712 1716 1690 1689 1716 1689 1715 1715 1689 1688 1666 1692 1693 1693 1692 1719 1693 1719 1720 1720 1719 181 1719 1692 1718 1722 1696 1695 1722 1695 1721 1721 1695 1694 1673 1699 1700 1700 1699 1726 1700 1726 1727 1727 1726 1654 1726 1699 1725 1729 1703 1702 1729 1702 1728 1728 1702 1701 1679 1705 1706 1706 1705 1732 1706 1732 1733 1733 1732 1654 1732 1705 1731 1735 1709 1708 1735 1708 1734 1734 1708 1707 181 1713 1712 181 1719 1718 1654 1726 1725 1654 1732 1731 96 95 983 983 95 1737 95 94 1737 1737 94 1738 94 93 1738 1738 93 1739 92 1746 93 93 1746 1747 93 1747 1748 1748 1747 1786 1748 1786 1787 1787 1786 1825 1787 1825 1826 1826 1825 1864 1826 1864 1865 1865 1864 1903 1865 1903 1904 1904 1903 87 1904 87 1905 1905 87 1906 1905 1906 1867 1867 1906 1868 1867 1868 1829 1829 1868 1830 1829 1830 1791 1791 1830 1792 1791 1792 1753 1753 1792 1754 1753 1754 93 93 1754 1755 93 1755 1756 1756 1755 1794 1756 1794 1795 1795 1794 1833 1795 1833 1834 1834 1833 1872 1834 1872 1873 1873 1872 1911 1873 1911 1912 1912 1911 87 1912 87 1913 1913 87 1914 1913 1914 1875 1875 1914 1876 1875 1876 1837 1837 1876 1838 1837 1838 1799 1799 1838 1800 1799 1800 1761 1761 1800 1762 1761 1762 93 93 1762 1763 93 1763 1764 1764 1763 1802 1764 1802 1803 1803 1802 1841 1803 1841 1842 1842 1841 1880 1842 1880 1881 1881 1880 1919 1881 1919 1920 1920 1919 1740 1920 1740 1921 1921 1740 1922 1921 1922 1883 1883 1922 1884 1883 1884 1845 1845 1884 1846 1845 1846 1807 1807 1846 1808 1807 1808 1769 1769 1808 1770 1769 1770 1739 1739 1770 1771 1739 1771 1772 1772 1771 1810 1772 1810 1811 1811 1810 1849 1811 1849 1850 1850 1849 1888 1850 1888 1889 1889 1888 1927 1889 1927 1928 1928 1927 1740 1928 1740 1929 1929 1740 1930 1929 1930 1891 1891 1930 1892 1891 1892 1853 1853 1892 1854 1853 1854 1815 1815 1854 1816 1815 1816 1777 1777 1816 1778 1777 1778 1739 1739 1778 1779 1739 1779 1780 1780 1779 1818 1780 1818 1819 1819 1818 1857 1819 1857 1858 1858 1857 1896 1858 1896 1897 1897 1896 1935 1897 1935 1741 1741 1935 1740 1740 1935 1934 1740 1934 1933 1933 1934 1895 1933 1895 1894 1894 1895 1856 1894 1856 1855 1855 1856 1817 1855 1817 1816 1816 1817 1778 1746 92 1784 1784 92 91 1784 91 1822 1822 91 90 1822 90 1860 1860 90 89 1860 89 1898 1898 89 88 1898 88 87 1740 1916 87 87 1916 1915 87 1915 1914 1914 1915 1876 1741 1742 1897 1897 1742 1859 1897 1859 1858 1858 1859 1820 1858 1820 1819 1819 1820 1781 1819 1781 1780 1780 1781 1739 1742 1743 1859 1859 1743 1821 1859 1821 1820 1820 1821 1782 1820 1782 1781 1781 1782 1739 1743 1744 1821 1821 1744 1783 1821 1783 1782 1782 1783 1739 1744 1745 1783 1783 1745 1739 93 1765 1739 1739 1765 1766 1739 1766 1767 1767 1766 1805 1767 1805 1806 1806 1805 1844 1806 1844 1845 1845 1844 1883 1747 1746 1785 1785 1746 1784 1785 1784 1823 1823 1784 1822 1823 1822 1861 1861 1822 1860 1861 1860 1899 1899 1860 1898 1899 1898 87 1748 1749 93 93 1749 1750 93 1750 1751 1751 1750 1789 1751 1789 1790 1790 1789 1828 1790 1828 1829 1829 1828 1867 1748 1787 1749 1749 1787 1788 1749 1788 1750 1750 1788 1789 1753 93 1752 1752 93 1751 1752 1751 1790 1791 1753 1752 1791 1752 1790 1755 1754 1793 1793 1754 1792 1793 1792 1831 1831 1792 1830 1831 1830 1869 1869 1830 1868 1869 1868 1907 1907 1868 1906 1907 1906 87 1756 1757 93 93 1757 1758 93 1758 1759 1759 1758 1797 1759 1797 1798 1798 1797 1836 1798 1836 1837 1837 1836 1875 1756 1795 1757 1757 1795 1796 1757 1796 1758 1758 1796 1797 1761 93 1760 1760 93 1759 1760 1759 1798 1799 1761 1760 1799 1760 1798 1765 93 1764 1763 1762 1801 1801 1762 1800 1801 1800 1839 1839 1800 1838 1839 1838 1877 1877 1838 1876 1877 1876 1915 1764 1803 1765 1765 1803 1804 1765 1804 1766 1766 1804 1805 1769 1739 1768 1768 1739 1767 1768 1767 1806 1807 1769 1768 1807 1768 1806 1771 1770 1809 1809 1770 1808 1809 1808 1847 1847 1808 1846 1847 1846 1885 1885 1846 1884 1885 1884 1923 1923 1884 1922 1923 1922 1740 1772 1773 1739 1739 1773 1774 1739 1774 1775 1775 1774 1813 1775 1813 1814 1814 1813 1852 1814 1852 1853 1853 1852 1891 1772 1811 1773 1773 1811 1812 1773 1812 1774 1774 1812 1813 1777 1739 1776 1776 1739 1775 1776 1775 1814 1815 1777 1776 1815 1776 1814 1818 1779 1817 1817 1779 1778 1747 1785 1786 1786 1785 1824 1786 1824 1825 1825 1824 1863 1825 1863 1864 1864 1863 1902 1864 1902 1903 1903 1902 87 1824 1785 1823 1787 1826 1788 1788 1826 1827 1788 1827 1789 1789 1827 1828 1829 1791 1790 1755 1793 1794 1794 1793 1832 1794 1832 1833 1833 1832 1871 1833 1871 1872 1872 1871 1910 1872 1910 1911 1911 1910 87 1832 1793 1831 1795 1834 1796 1796 1834 1835 1796 1835 1797 1797 1835 1836 1837 1799 1798 1763 1801 1802 1802 1801 1840 1802 1840 1841 1841 1840 1879 1841 1879 1880 1880 1879 1918 1880 1918 1919 1919 1918 1740 1840 1801 1839 1803 1842 1804 1804 1842 1843 1804 1843 1805 1805 1843 1844 1845 1807 1806 1771 1809 1810 1810 1809 1848 1810 1848 1849 1849 1848 1887 1849 1887 1888 1888 1887 1926 1888 1926 1927 1927 1926 1740 1848 1809 1847 1811 1850 1812 1812 1850 1851 1812 1851 1813 1813 1851 1852 1853 1815 1814 1855 1816 1854 1857 1818 1856 1856 1818 1817 1824 1823 1862 1862 1823 1861 1862 1861 1900 1900 1861 1899 1900 1899 87 1826 1865 1827 1827 1865 1866 1827 1866 1828 1828 1866 1867 1832 1831 1870 1870 1831 1869 1870 1869 1908 1908 1869 1907 1908 1907 87 1834 1873 1835 1835 1873 1874 1835 1874 1836 1836 1874 1875 1840 1839 1878 1878 1839 1877 1878 1877 1916 1916 1877 1915 1842 1881 1843 1843 1881 1882 1843 1882 1844 1844 1882 1883 1848 1847 1886 1886 1847 1885 1886 1885 1924 1924 1885 1923 1924 1923 1740 1850 1889 1851 1851 1889 1890 1851 1890 1852 1852 1890 1891 1855 1854 1893 1893 1854 1892 1893 1892 1931 1931 1892 1930 1931 1930 1740 1896 1857 1895 1895 1857 1856 1824 1862 1863 1863 1862 1901 1863 1901 1902 1902 1901 87 1901 1862 1900 1905 1867 1866 1905 1866 1904 1904 1866 1865 1832 1870 1871 1871 1870 1909 1871 1909 1910 1910 1909 87 1909 1870 1908 1913 1875 1874 1913 1874 1912 1912 1874 1873 1840 1878 1879 1879 1878 1917 1879 1917 1918 1918 1917 1740 1917 1878 1916 1921 1883 1882 1921 1882 1920 1920 1882 1881 1848 1886 1887 1887 1886 1925 1887 1925 1926 1926 1925 1740 1925 1886 1924 1929 1891 1890 1929 1890 1928 1928 1890 1889 1855 1893 1894 1894 1893 1932 1894 1932 1933 1933 1932 1740 1932 1893 1931 1935 1896 1934 1934 1896 1895 87 1901 1900 87 1909 1908 1740 1917 1916 1740 1925 1924 1740 1932 1931 87 86 1740 1740 86 1936 86 85 1936 1936 85 1184 118 117 781 781 117 1937 117 116 1937 1937 116 1938 116 115 1938 1938 115 1939 114 1946 115 115 1946 1947 115 1947 1948 1948 1947 1986 1948 1986 1987 1987 1986 2025 1987 2025 2026 2026 2025 2064 2026 2064 2065 2065 2064 2103 2065 2103 2104 2104 2103 109 2104 109 2105 2105 109 2106 2105 2106 2067 2067 2106 2068 2067 2068 2029 2029 2068 2030 2029 2030 1991 1991 2030 1992 1991 1992 1953 1953 1992 1954 1953 1954 115 115 1954 1955 115 1955 1956 1956 1955 1994 1956 1994 1995 1995 1994 2033 1995 2033 2034 2034 2033 2072 2034 2072 2073 2073 2072 2111 2073 2111 2112 2112 2111 109 2112 109 2113 2113 109 2114 2113 2114 2075 2075 2114 2076 2075 2076 2037 2037 2076 2038 2037 2038 1999 1999 2038 2000 1999 2000 1961 1961 2000 1962 1961 1962 115 115 1962 1963 115 1963 1964 1964 1963 2002 1964 2002 2003 2003 2002 2041 2003 2041 2042 2042 2041 2080 2042 2080 2081 2081 2080 2119 2081 2119 2120 2120 2119 1940 2120 1940 2121 2121 1940 2122 2121 2122 2083 2083 2122 2084 2083 2084 2045 2045 2084 2046 2045 2046 2007 2007 2046 2008 2007 2008 1969 1969 2008 1970 1969 1970 1939 1939 1970 1971 1939 1971 1972 1972 1971 2010 1972 2010 2011 2011 2010 2049 2011 2049 2050 2050 2049 2088 2050 2088 2089 2089 2088 2127 2089 2127 2128 2128 2127 1940 2128 1940 2129 2129 1940 2130 2129 2130 2091 2091 2130 2092 2091 2092 2053 2053 2092 2054 2053 2054 2015 2015 2054 2016 2015 2016 1977 1977 2016 1978 1977 1978 1939 1939 1978 1979 1939 1979 1980 1980 1979 2018 1980 2018 2019 2019 2018 2057 2019 2057 2058 2058 2057 2096 2058 2096 2097 2097 2096 2135 2097 2135 1941 1941 2135 1940 1940 2135 2134 1940 2134 2133 2133 2134 2095 2133 2095 2094 2094 2095 2056 2094 2056 2055 2055 2056 2017 2055 2017 2016 2016 2017 1978 1946 114 1984 1984 114 113 1984 113 2022 2022 113 112 2022 112 2060 2060 112 111 2060 111 2098 2098 111 110 2098 110 109 1940 2116 109 109 2116 2115 109 2115 2114 2114 2115 2076 1941 1942 2097 2097 1942 2059 2097 2059 2058 2058 2059 2020 2058 2020 2019 2019 2020 1981 2019 1981 1980 1980 1981 1939 1942 1943 2059 2059 1943 2021 2059 2021 2020 2020 2021 1982 2020 1982 1981 1981 1982 1939 1943 1944 2021 2021 1944 1983 2021 1983 1982 1982 1983 1939 1944 1945 1983 1983 1945 1939 115 1965 1939 1939 1965 1966 1939 1966 1967 1967 1966 2005 1967 2005 2006 2006 2005 2044 2006 2044 2045 2045 2044 2083 1947 1946 1985 1985 1946 1984 1985 1984 2023 2023 1984 2022 2023 2022 2061 2061 2022 2060 2061 2060 2099 2099 2060 2098 2099 2098 109 1948 1949 115 115 1949 1950 115 1950 1951 1951 1950 1989 1951 1989 1990 1990 1989 2028 1990 2028 2029 2029 2028 2067 1948 1987 1949 1949 1987 1988 1949 1988 1950 1950 1988 1989 1953 115 1952 1952 115 1951 1952 1951 1990 1991 1953 1952 1991 1952 1990 1955 1954 1993 1993 1954 1992 1993 1992 2031 2031 1992 2030 2031 2030 2069 2069 2030 2068 2069 2068 2107 2107 2068 2106 2107 2106 109 1956 1957 115 115 1957 1958 115 1958 1959 1959 1958 1997 1959 1997 1998 1998 1997 2036 1998 2036 2037 2037 2036 2075 1956 1995 1957 1957 1995 1996 1957 1996 1958 1958 1996 1997 1961 115 1960 1960 115 1959 1960 1959 1998 1999 1961 1960 1999 1960 1998 1965 115 1964 1963 1962 2001 2001 1962 2000 2001 2000 2039 2039 2000 2038 2039 2038 2077 2077 2038 2076 2077 2076 2115 1964 2003 1965 1965 2003 2004 1965 2004 1966 1966 2004 2005 1969 1939 1968 1968 1939 1967 1968 1967 2006 2007 1969 1968 2007 1968 2006 1971 1970 2009 2009 1970 2008 2009 2008 2047 2047 2008 2046 2047 2046 2085 2085 2046 2084 2085 2084 2123 2123 2084 2122 2123 2122 1940 1972 1973 1939 1939 1973 1974 1939 1974 1975 1975 1974 2013 1975 2013 2014 2014 2013 2052 2014 2052 2053 2053 2052 2091 1972 2011 1973 1973 2011 2012 1973 2012 1974 1974 2012 2013 1977 1939 1976 1976 1939 1975 1976 1975 2014 2015 1977 1976 2015 1976 2014 2018 1979 2017 2017 1979 1978 1947 1985 1986 1986 1985 2024 1986 2024 2025 2025 2024 2063 2025 2063 2064 2064 2063 2102 2064 2102 2103 2103 2102 109 2024 1985 2023 1987 2026 1988 1988 2026 2027 1988 2027 1989 1989 2027 2028 2029 1991 1990 1955 1993 1994 1994 1993 2032 1994 2032 2033 2033 2032 2071 2033 2071 2072 2072 2071 2110 2072 2110 2111 2111 2110 109 2032 1993 2031 1995 2034 1996 1996 2034 2035 1996 2035 1997 1997 2035 2036 2037 1999 1998 1963 2001 2002 2002 2001 2040 2002 2040 2041 2041 2040 2079 2041 2079 2080 2080 2079 2118 2080 2118 2119 2119 2118 1940 2040 2001 2039 2003 2042 2004 2004 2042 2043 2004 2043 2005 2005 2043 2044 2045 2007 2006 1971 2009 2010 2010 2009 2048 2010 2048 2049 2049 2048 2087 2049 2087 2088 2088 2087 2126 2088 2126 2127 2127 2126 1940 2048 2009 2047 2011 2050 2012 2012 2050 2051 2012 2051 2013 2013 2051 2052 2053 2015 2014 2055 2016 2054 2057 2018 2056 2056 2018 2017 2024 2023 2062 2062 2023 2061 2062 2061 2100 2100 2061 2099 2100 2099 109 2026 2065 2027 2027 2065 2066 2027 2066 2028 2028 2066 2067 2032 2031 2070 2070 2031 2069 2070 2069 2108 2108 2069 2107 2108 2107 109 2034 2073 2035 2035 2073 2074 2035 2074 2036 2036 2074 2075 2040 2039 2078 2078 2039 2077 2078 2077 2116 2116 2077 2115 2042 2081 2043 2043 2081 2082 2043 2082 2044 2044 2082 2083 2048 2047 2086 2086 2047 2085 2086 2085 2124 2124 2085 2123 2124 2123 1940 2050 2089 2051 2051 2089 2090 2051 2090 2052 2052 2090 2091 2055 2054 2093 2093 2054 2092 2093 2092 2131 2131 2092 2130 2131 2130 1940 2096 2057 2095 2095 2057 2056 2024 2062 2063 2063 2062 2101 2063 2101 2102 2102 2101 109 2101 2062 2100 2105 2067 2066 2105 2066 2104 2104 2066 2065 2032 2070 2071 2071 2070 2109 2071 2109 2110 2110 2109 109 2109 2070 2108 2113 2075 2074 2113 2074 2112 2112 2074 2073 2040 2078 2079 2079 2078 2117 2079 2117 2118 2118 2117 1940 2117 2078 2116 2121 2083 2082 2121 2082 2120 2120 2082 2081 2048 2086 2087 2087 2086 2125 2087 2125 2126 2126 2125 1940 2125 2086 2124 2129 2091 2090 2129 2090 2128 2128 2090 2089 2055 2093 2094 2094 2093 2132 2094 2132 2133 2133 2132 1940 2132 2093 2131 2135 2096 2134 2134 2096 2095 109 2101 2100 109 2109 2108 1940 2117 2116 1940 2125 2124 1940 2132 2131 109 108 1940 1940 108 2136 108 107 2136 2136 107 982 140 139 579 579 139 2137 139 138 2137 2137 138 2138 138 137 2138 2138 137 2139 136 2146 137 137 2146 2147 137 2147 2148 2148 2147 2186 2148 2186 2187 2187 2186 2225 2187 2225 2226 2226 2225 2264 2226 2264 2265 2265 2264 2303 2265 2303 2304 2304 2303 131 2304 131 2305 2305 131 2306 2305 2306 2267 2267 2306 2268 2267 2268 2229 2229 2268 2230 2229 2230 2191 2191 2230 2192 2191 2192 2153 2153 2192 2154 2153 2154 137 137 2154 2155 137 2155 2156 2156 2155 2194 2156 2194 2195 2195 2194 2233 2195 2233 2234 2234 2233 2272 2234 2272 2273 2273 2272 2311 2273 2311 2312 2312 2311 131 2312 131 2313 2313 131 2314 2313 2314 2275 2275 2314 2276 2275 2276 2237 2237 2276 2238 2237 2238 2199 2199 2238 2200 2199 2200 2161 2161 2200 2162 2161 2162 137 137 2162 2163 137 2163 2164 2164 2163 2202 2164 2202 2203 2203 2202 2241 2203 2241 2242 2242 2241 2280 2242 2280 2281 2281 2280 2319 2281 2319 2320 2320 2319 2140 2320 2140 2321 2321 2140 2322 2321 2322 2283 2283 2322 2284 2283 2284 2245 2245 2284 2246 2245 2246 2207 2207 2246 2208 2207 2208 2169 2169 2208 2170 2169 2170 2139 2139 2170 2171 2139 2171 2172 2172 2171 2210 2172 2210 2211 2211 2210 2249 2211 2249 2250 2250 2249 2288 2250 2288 2289 2289 2288 2327 2289 2327 2328 2328 2327 2140 2328 2140 2329 2329 2140 2330 2329 2330 2291 2291 2330 2292 2291 2292 2253 2253 2292 2254 2253 2254 2215 2215 2254 2216 2215 2216 2177 2177 2216 2178 2177 2178 2139 2139 2178 2179 2139 2179 2180 2180 2179 2218 2180 2218 2219 2219 2218 2257 2219 2257 2258 2258 2257 2296 2258 2296 2297 2297 2296 2335 2297 2335 2141 2141 2335 2140 2140 2335 2334 2140 2334 2333 2333 2334 2295 2333 2295 2294 2294 2295 2256 2294 2256 2255 2255 2256 2217 2255 2217 2216 2216 2217 2178 2146 136 2184 2184 136 135 2184 135 2222 2222 135 134 2222 134 2260 2260 134 133 2260 133 2298 2298 133 132 2298 132 131 2140 2316 131 131 2316 2315 131 2315 2314 2314 2315 2276 2141 2142 2297 2297 2142 2259 2297 2259 2258 2258 2259 2220 2258 2220 2219 2219 2220 2181 2219 2181 2180 2180 2181 2139 2142 2143 2259 2259 2143 2221 2259 2221 2220 2220 2221 2182 2220 2182 2181 2181 2182 2139 2143 2144 2221 2221 2144 2183 2221 2183 2182 2182 2183 2139 2144 2145 2183 2183 2145 2139 137 2165 2139 2139 2165 2166 2139 2166 2167 2167 2166 2205 2167 2205 2206 2206 2205 2244 2206 2244 2245 2245 2244 2283 2147 2146 2185 2185 2146 2184 2185 2184 2223 2223 2184 2222 2223 2222 2261 2261 2222 2260 2261 2260 2299 2299 2260 2298 2299 2298 131 2148 2149 137 137 2149 2150 137 2150 2151 2151 2150 2189 2151 2189 2190 2190 2189 2228 2190 2228 2229 2229 2228 2267 2148 2187 2149 2149 2187 2188 2149 2188 2150 2150 2188 2189 2153 137 2152 2152 137 2151 2152 2151 2190 2191 2153 2152 2191 2152 2190 2155 2154 2193 2193 2154 2192 2193 2192 2231 2231 2192 2230 2231 2230 2269 2269 2230 2268 2269 2268 2307 2307 2268 2306 2307 2306 131 2156 2157 137 137 2157 2158 137 2158 2159 2159 2158 2197 2159 2197 2198 2198 2197 2236 2198 2236 2237 2237 2236 2275 2156 2195 2157 2157 2195 2196 2157 2196 2158 2158 2196 2197 2161 137 2160 2160 137 2159 2160 2159 2198 2199 2161 2160 2199 2160 2198 2165 137 2164 2163 2162 2201 2201 2162 2200 2201 2200 2239 2239 2200 2238 2239 2238 2277 2277 2238 2276 2277 2276 2315 2164 2203 2165 2165 2203 2204 2165 2204 2166 2166 2204 2205 2169 2139 2168 2168 2139 2167 2168 2167 2206 2207 2169 2168 2207 2168 2206 2171 2170 2209 2209 2170 2208 2209 2208 2247 2247 2208 2246 2247 2246 2285 2285 2246 2284 2285 2284 2323 2323 2284 2322 2323 2322 2140 2172 2173 2139 2139 2173 2174 2139 2174 2175 2175 2174 2213 2175 2213 2214 2214 2213 2252 2214 2252 2253 2253 2252 2291 2172 2211 2173 2173 2211 2212 2173 2212 2174 2174 2212 2213 2177 2139 2176 2176 2139 2175 2176 2175 2214 2215 2177 2176 2215 2176 2214 2218 2179 2217 2217 2179 2178 2147 2185 2186 2186 2185 2224 2186 2224 2225 2225 2224 2263 2225 2263 2264 2264 2263 2302 2264 2302 2303 2303 2302 131 2224 2185 2223 2187 2226 2188 2188 2226 2227 2188 2227 2189 2189 2227 2228 2229 2191 2190 2155 2193 2194 2194 2193 2232 2194 2232 2233 2233 2232 2271 2233 2271 2272 2272 2271 2310 2272 2310 2311 2311 2310 131 2232 2193 2231 2195 2234 2196 2196 2234 2235 2196 2235 2197 2197 2235 2236 2237 2199 2198 2163 2201 2202 2202 2201 2240 2202 2240 2241 2241 2240 2279 2241 2279 2280 2280 2279 2318 2280 2318 2319 2319 2318 2140 2240 2201 2239 2203 2242 2204 2204 2242 2243 2204 2243 2205 2205 2243 2244 2245 2207 2206 2171 2209 2210 2210 2209 2248 2210 2248 2249 2249 2248 2287 2249 2287 2288 2288 2287 2326 2288 2326 2327 2327 2326 2140 2248 2209 2247 2211 2250 2212 2212 2250 2251 2212 2251 2213 2213 2251 2252 2253 2215 2214 2255 2216 2254 2257 2218 2256 2256 2218 2217 2224 2223 2262 2262 2223 2261 2262 2261 2300 2300 2261 2299 2300 2299 131 2226 2265 2227 2227 2265 2266 2227 2266 2228 2228 2266 2267 2232 2231 2270 2270 2231 2269 2270 2269 2308 2308 2269 2307 2308 2307 131 2234 2273 2235 2235 2273 2274 2235 2274 2236 2236 2274 2275 2240 2239 2278 2278 2239 2277 2278 2277 2316 2316 2277 2315 2242 2281 2243 2243 2281 2282 2243 2282 2244 2244 2282 2283 2248 2247 2286 2286 2247 2285 2286 2285 2324 2324 2285 2323 2324 2323 2140 2250 2289 2251 2251 2289 2290 2251 2290 2252 2252 2290 2291 2255 2254 2293 2293 2254 2292 2293 2292 2331 2331 2292 2330 2331 2330 2140 2296 2257 2295 2295 2257 2256 2224 2262 2263 2263 2262 2301 2263 2301 2302 2302 2301 131 2301 2262 2300 2305 2267 2266 2305 2266 2304 2304 2266 2265 2232 2270 2271 2271 2270 2309 2271 2309 2310 2310 2309 131 2309 2270 2308 2313 2275 2274 2313 2274 2312 2312 2274 2273 2240 2278 2279 2279 2278 2317 2279 2317 2318 2318 2317 2140 2317 2278 2316 2321 2283 2282 2321 2282 2320 2320 2282 2281 2248 2286 2287 2287 2286 2325 2287 2325 2326 2326 2325 2140 2325 2286 2324 2329 2291 2290 2329 2290 2328 2328 2290 2289 2255 2293 2294 2294 2293 2332 2294 2332 2333 2333 2332 2140 2332 2293 2331 2335 2296 2334 2334 2296 2295 131 2301 2300 131 2309 2308 2140 2317 2316 2140 2325 2324 2140 2332 2331 131 130 2140 2140 130 2336 130 129 2336 2336 129 780 162 161 377 377 161 2337 161 160 2337 2337 160 2338 160 159 2338 2338 159 2339 158 2346 159 159 2346 2347 159 2347 2348 2348 2347 2386 2348 2386 2387 2387 2386 2425 2387 2425 2426 2426 2425 2464 2426 2464 2465 2465 2464 2503 2465 2503 2504 2504 2503 153 2504 153 2505 2505 153 2506 2505 2506 2467 2467 2506 2468 2467 2468 2429 2429 2468 2430 2429 2430 2391 2391 2430 2392 2391 2392 2353 2353 2392 2354 2353 2354 159 159 2354 2355 159 2355 2356 2356 2355 2394 2356 2394 2395 2395 2394 2433 2395 2433 2434 2434 2433 2472 2434 2472 2473 2473 2472 2511 2473 2511 2512 2512 2511 153 2512 153 2513 2513 153 2514 2513 2514 2475 2475 2514 2476 2475 2476 2437 2437 2476 2438 2437 2438 2399 2399 2438 2400 2399 2400 2361 2361 2400 2362 2361 2362 159 159 2362 2363 159 2363 2364 2364 2363 2402 2364 2402 2403 2403 2402 2441 2403 2441 2442 2442 2441 2480 2442 2480 2481 2481 2480 2519 2481 2519 2520 2520 2519 2340 2520 2340 2521 2521 2340 2522 2521 2522 2483 2483 2522 2484 2483 2484 2445 2445 2484 2446 2445 2446 2407 2407 2446 2408 2407 2408 2369 2369 2408 2370 2369 2370 2339 2339 2370 2371 2339 2371 2372 2372 2371 2410 2372 2410 2411 2411 2410 2449 2411 2449 2450 2450 2449 2488 2450 2488 2489 2489 2488 2527 2489 2527 2528 2528 2527 2340 2528 2340 2529 2529 2340 2530 2529 2530 2491 2491 2530 2492 2491 2492 2453 2453 2492 2454 2453 2454 2415 2415 2454 2416 2415 2416 2377 2377 2416 2378 2377 2378 2339 2339 2378 2379 2339 2379 2380 2380 2379 2418 2380 2418 2419 2419 2418 2457 2419 2457 2458 2458 2457 2496 2458 2496 2497 2497 2496 2535 2497 2535 2341 2341 2535 2340 2340 2535 2534 2340 2534 2533 2533 2534 2495 2533 2495 2494 2494 2495 2456 2494 2456 2455 2455 2456 2417 2455 2417 2416 2416 2417 2378 2346 158 2384 2384 158 157 2384 157 2422 2422 157 156 2422 156 2460 2460 156 155 2460 155 2498 2498 155 154 2498 154 153 2340 2516 153 153 2516 2515 153 2515 2514 2514 2515 2476 2341 2342 2497 2497 2342 2459 2497 2459 2458 2458 2459 2420 2458 2420 2419 2419 2420 2381 2419 2381 2380 2380 2381 2339 2342 2343 2459 2459 2343 2421 2459 2421 2420 2420 2421 2382 2420 2382 2381 2381 2382 2339 2343 2344 2421 2421 2344 2383 2421 2383 2382 2382 2383 2339 2344 2345 2383 2383 2345 2339 159 2365 2339 2339 2365 2366 2339 2366 2367 2367 2366 2405 2367 2405 2406 2406 2405 2444 2406 2444 2445 2445 2444 2483 2347 2346 2385 2385 2346 2384 2385 2384 2423 2423 2384 2422 2423 2422 2461 2461 2422 2460 2461 2460 2499 2499 2460 2498 2499 2498 153 2348 2349 159 159 2349 2350 159 2350 2351 2351 2350 2389 2351 2389 2390 2390 2389 2428 2390 2428 2429 2429 2428 2467 2348 2387 2349 2349 2387 2388 2349 2388 2350 2350 2388 2389 2353 159 2352 2352 159 2351 2352 2351 2390 2391 2353 2352 2391 2352 2390 2355 2354 2393 2393 2354 2392 2393 2392 2431 2431 2392 2430 2431 2430 2469 2469 2430 2468 2469 2468 2507 2507 2468 2506 2507 2506 153 2356 2357 159 159 2357 2358 159 2358 2359 2359 2358 2397 2359 2397 2398 2398 2397 2436 2398 2436 2437 2437 2436 2475 2356 2395 2357 2357 2395 2396 2357 2396 2358 2358 2396 2397 2361 159 2360 2360 159 2359 2360 2359 2398 2399 2361 2360 2399 2360 2398 2365 159 2364 2363 2362 2401 2401 2362 2400 2401 2400 2439 2439 2400 2438 2439 2438 2477 2477 2438 2476 2477 2476 2515 2364 2403 2365 2365 2403 2404 2365 2404 2366 2366 2404 2405 2369 2339 2368 2368 2339 2367 2368 2367 2406 2407 2369 2368 2407 2368 2406 2371 2370 2409 2409 2370 2408 2409 2408 2447 2447 2408 2446 2447 2446 2485 2485 2446 2484 2485 2484 2523 2523 2484 2522 2523 2522 2340 2372 2373 2339 2339 2373 2374 2339 2374 2375 2375 2374 2413 2375 2413 2414 2414 2413 2452 2414 2452 2453 2453 2452 2491 2372 2411 2373 2373 2411 2412 2373 2412 2374 2374 2412 2413 2377 2339 2376 2376 2339 2375 2376 2375 2414 2415 2377 2376 2415 2376 2414 2418 2379 2417 2417 2379 2378 2347 2385 2386 2386 2385 2424 2386 2424 2425 2425 2424 2463 2425 2463 2464 2464 2463 2502 2464 2502 2503 2503 2502 153 2424 2385 2423 2387 2426 2388 2388 2426 2427 2388 2427 2389 2389 2427 2428 2429 2391 2390 2355 2393 2394 2394 2393 2432 2394 2432 2433 2433 2432 2471 2433 2471 2472 2472 2471 2510 2472 2510 2511 2511 2510 153 2432 2393 2431 2395 2434 2396 2396 2434 2435 2396 2435 2397 2397 2435 2436 2437 2399 2398 2363 2401 2402 2402 2401 2440 2402 2440 2441 2441 2440 2479 2441 2479 2480 2480 2479 2518 2480 2518 2519 2519 2518 2340 2440 2401 2439 2403 2442 2404 2404 2442 2443 2404 2443 2405 2405 2443 2444 2445 2407 2406 2371 2409 2410 2410 2409 2448 2410 2448 2449 2449 2448 2487 2449 2487 2488 2488 2487 2526 2488 2526 2527 2527 2526 2340 2448 2409 2447 2411 2450 2412 2412 2450 2451 2412 2451 2413 2413 2451 2452 2453 2415 2414 2455 2416 2454 2457 2418 2456 2456 2418 2417 2424 2423 2462 2462 2423 2461 2462 2461 2500 2500 2461 2499 2500 2499 153 2426 2465 2427 2427 2465 2466 2427 2466 2428 2428 2466 2467 2432 2431 2470 2470 2431 2469 2470 2469 2508 2508 2469 2507 2508 2507 153 2434 2473 2435 2435 2473 2474 2435 2474 2436 2436 2474 2475 2440 2439 2478 2478 2439 2477 2478 2477 2516 2516 2477 2515 2442 2481 2443 2443 2481 2482 2443 2482 2444 2444 2482 2483 2448 2447 2486 2486 2447 2485 2486 2485 2524 2524 2485 2523 2524 2523 2340 2450 2489 2451 2451 2489 2490 2451 2490 2452 2452 2490 2491 2455 2454 2493 2493 2454 2492 2493 2492 2531 2531 2492 2530 2531 2530 2340 2496 2457 2495 2495 2457 2456 2424 2462 2463 2463 2462 2501 2463 2501 2502 2502 2501 153 2501 2462 2500 2505 2467 2466 2505 2466 2504 2504 2466 2465 2432 2470 2471 2471 2470 2509 2471 2509 2510 2510 2509 153 2509 2470 2508 2513 2475 2474 2513 2474 2512 2512 2474 2473 2440 2478 2479 2479 2478 2517 2479 2517 2518 2518 2517 2340 2517 2478 2516 2521 2483 2482 2521 2482 2520 2520 2482 2481 2448 2486 2487 2487 2486 2525 2487 2525 2526 2526 2525 2340 2525 2486 2524 2529 2491 2490 2529 2490 2528 2528 2490 2489 2455 2493 2494 2494 2493 2532 2494 2532 2533 2533 2532 2340 2532 2493 2531 2535 2496 2534 2534 2496 2495 153 2501 2500 153 2509 2508 2340 2517 2516 2340 2525 2524 2340 2532 2531 153 152 2340 2340 152 2536 152 151 2536 2536 151 578 187 186 1568 1568 186 2537 186 185 2537 2537 185 1658 179 178 1570 1570 178 2538 178 177 2538 2538 177 1575 2 1 2539 2539 1 1567 3 2 2540 2540 2 2539 4 3 2541 2541 3 2540 5 4 2542 2542 4 2541 6 5 2543 2543 5 2542 7 6 2544 2544 6 2543 12 2551 13 13 2551 2552 13 2552 2553 2553 2552 2587 2553 2587 2588 2588 2587 2622 2588 2622 2623 2623 2622 2657 2623 2657 2658 2658 2657 2692 2658 2692 2693 2693 2692 7 2693 7 2694 2694 7 2695 2694 2695 2660 2660 2695 2661 2660 2661 2626 2626 2661 2627 2626 2627 2592 2592 2627 2593 2592 2593 2558 2558 2593 2559 2558 2559 13 13 2559 2560 13 2560 2561 2561 2560 2595 2561 2595 2596 2596 2595 2630 2596 2630 2631 2631 2630 2665 2631 2665 2666 2666 2665 2700 2666 2700 2701 2701 2700 7 2701 7 2702 2702 7 2703 2702 2703 2668 2668 2703 2669 2668 2669 2634 2634 2669 2635 2634 2635 2600 2600 2635 2601 2600 2601 2566 2566 2601 2567 2566 2567 13 13 2567 2568 13 2568 2550 2550 2568 2569 2550 2569 2570 2570 2569 2604 2570 2604 2605 2605 2604 2639 2605 2639 2640 2640 2639 2674 2640 2674 2675 2675 2674 2709 2675 2709 2710 2710 2709 2544 2710 2544 2711 2711 2544 2712 2711 2712 2677 2677 2712 2678 2677 2678 2643 2643 2678 2644 2643 2644 2609 2609 2644 2610 2609 2610 2575 2575 2610 2576 2575 2576 2550 2550 2576 2577 2550 2577 2578 2578 2577 2612 2578 2612 2613 2613 2612 2647 2613 2647 2648 2648 2647 2682 2648 2682 2683 2683 2682 2717 2683 2717 2718 2718 2717 2544 2718 2544 2719 2719 2544 2720 2719 2720 2685 2685 2720 2686 2685 2686 2651 2651 2686 2652 2651 2652 2617 2617 2652 2618 2617 2618 2583 2583 2618 2584 2583 2584 2550 2550 2584 2549 2549 2584 2548 2548 2584 2618 2548 2618 2547 2547 2618 2652 2547 2652 2546 2546 2652 2686 2546 2686 2545 2545 2686 2720 2545 2720 2544 2551 12 2585 2585 12 11 2585 11 2619 2619 11 10 2619 10 2653 2653 10 9 2653 9 2687 2687 9 8 2687 8 7 7 2544 2703 2703 2544 2704 2703 2704 2669 2669 2704 2670 2669 2670 2635 2635 2670 2636 2635 2636 2601 2601 2636 2602 2601 2602 2567 2567 2602 2568 2552 2551 2586 2586 2551 2585 2586 2585 2620 2620 2585 2619 2620 2619 2654 2654 2619 2653 2654 2653 2688 2688 2653 2687 2688 2687 7 2553 2554 13 13 2554 2555 13 2555 2556 2556 2555 2590 2556 2590 2591 2591 2590 2625 2591 2625 2626 2626 2625 2660 2553 2588 2554 2554 2588 2589 2554 2589 2555 2555 2589 2590 2558 13 2557 2557 13 2556 2557 2556 2591 2592 2558 2557 2592 2557 2591 2560 2559 2594 2594 2559 2593 2594 2593 2628 2628 2593 2627 2628 2627 2662 2662 2627 2661 2662 2661 2696 2696 2661 2695 2696 2695 7 2561 2562 13 13 2562 2563 13 2563 2564 2564 2563 2598 2564 2598 2599 2599 2598 2633 2599 2633 2634 2634 2633 2668 2561 2596 2562 2562 2596 2597 2562 2597 2563 2563 2597 2598 2566 13 2565 2565 13 2564 2565 2564 2599 2600 2566 2565 2600 2565 2599 2569 2568 2603 2603 2568 2602 2603 2602 2637 2637 2602 2636 2637 2636 2671 2671 2636 2670 2671 2670 2705 2705 2670 2704 2705 2704 2544 2570 2571 2550 2550 2571 2572 2550 2572 2573 2573 2572 2607 2573 2607 2608 2608 2607 2642 2608 2642 2643 2643 2642 2677 2570 2605 2571 2571 2605 2606 2571 2606 2572 2572 2606 2607 2575 2550 2574 2574 2550 2573 2574 2573 2608 2609 2575 2574 2609 2574 2608 2577 2576 2611 2611 2576 2610 2611 2610 2645 2645 2610 2644 2645 2644 2679 2679 2644 2678 2679 2678 2713 2713 2678 2712 2713 2712 2544 2578 2579 2550 2550 2579 2580 2550 2580 2581 2581 2580 2615 2581 2615 2616 2616 2615 2650 2616 2650 2651 2651 2650 2685 2578 2613 2579 2579 2613 2614 2579 2614 2580 2580 2614 2615 2583 2550 2582 2582 2550 2581 2582 2581 2616 2617 2583 2582 2617 2582 2616 2552 2586 2587 2587 2586 2621 2587 2621 2622 2622 2621 2656 2622 2656 2657 2657 2656 2691 2657 2691 2692 2692 2691 7 2621 2586 2620 2588 2623 2589 2589 2623 2624 2589 2624 2590 2590 2624 2625 2626 2592 2591 2560 2594 2595 2595 2594 2629 2595 2629 2630 2630 2629 2664 2630 2664 2665 2665 2664 2699 2665 2699 2700 2700 2699 7 2629 2594 2628 2596 2631 2597 2597 2631 2632 2597 2632 2598 2598 2632 2633 2634 2600 2599 2569 2603 2604 2604 2603 2638 2604 2638 2639 2639 2638 2673 2639 2673 2674 2674 2673 2708 2674 2708 2709 2709 2708 2544 2638 2603 2637 2605 2640 2606 2606 2640 2641 2606 2641 2607 2607 2641 2642 2643 2609 2608 2577 2611 2612 2612 2611 2646 2612 2646 2647 2647 2646 2681 2647 2681 2682 2682 2681 2716 2682 2716 2717 2717 2716 2544 2646 2611 2645 2613 2648 2614 2614 2648 2649 2614 2649 2615 2615 2649 2650 2651 2617 2616 2621 2620 2655 2655 2620 2654 2655 2654 2689 2689 2654 2688 2689 2688 7 2623 2658 2624 2624 2658 2659 2624 2659 2625 2625 2659 2660 2629 2628 2663 2663 2628 2662 2663 2662 2697 2697 2662 2696 2697 2696 7 2631 2666 2632 2632 2666 2667 2632 2667 2633 2633 2667 2668 2638 2637 2672 2672 2637 2671 2672 2671 2706 2706 2671 2705 2706 2705 2544 2640 2675 2641 2641 2675 2676 2641 2676 2642 2642 2676 2677 2646 2645 2680 2680 2645 2679 2680 2679 2714 2714 2679 2713 2714 2713 2544 2648 2683 2649 2649 2683 2684 2649 2684 2650 2650 2684 2685 2621 2655 2656 2656 2655 2690 2656 2690 2691 2691 2690 7 2690 2655 2689 2694 2660 2659 2694 2659 2693 2693 2659 2658 2629 2663 2664 2664 2663 2698 2664 2698 2699 2699 2698 7 2698 2663 2697 2702 2668 2667 2702 2667 2701 2701 2667 2666 2638 2672 2673 2673 2672 2707 2673 2707 2708 2708 2707 2544 2707 2672 2706 2711 2677 2676 2711 2676 2710 2710 2676 2675 2646 2680 2681 2681 2680 2715 2681 2715 2716 2716 2715 2544 2715 2680 2714 2719 2685 2684 2719 2684 2718 2718 2684 2683 7 2690 2689 7 2698 2697 2544 2707 2706 2544 2715 2714 14 13 2721 2721 13 2550 15 14 2722 2722 14 2721 16 15 2723 2723 15 2722 17 16 2724 2724 16 2723 18 17 2725 2725 17 2724 19 18 2726 2726 18 2725 20 19 2727 2727 19 2726 21 20 2728 2728 20 2727 22 21 2729 2729 21 2728 23 22 2730 2730 22 2729 24 23 2731 2731 23 2730 25 24 2732 2732 24 2731 26 25 2733 2733 25 2732 27 26 2734 2734 26 2733 28 27 2735 2735 27 2734 33 2742 34 34 2742 2743 34 2743 2744 2744 2743 2778 2744 2778 2779 2779 2778 2813 2779 2813 2814 2814 2813 2848 2814 2848 2849 2849 2848 2883 2849 2883 2884 2884 2883 28 2884 28 2885 2885 28 2886 2885 2886 2851 2851 2886 2852 2851 2852 2817 2817 2852 2818 2817 2818 2783 2783 2818 2784 2783 2784 2749 2749 2784 2750 2749 2750 34 34 2750 2751 34 2751 2752 2752 2751 2786 2752 2786 2787 2787 2786 2821 2787 2821 2822 2822 2821 2856 2822 2856 2857 2857 2856 2891 2857 2891 2892 2892 2891 28 2892 28 2893 2893 28 2894 2893 2894 2859 2859 2894 2860 2859 2860 2825 2825 2860 2826 2825 2826 2791 2791 2826 2792 2791 2792 2757 2757 2792 2758 2757 2758 34 34 2758 2759 34 2759 2741 2741 2759 2760 2741 2760 2761 2761 2760 2795 2761 2795 2796 2796 2795 2830 2796 2830 2831 2831 2830 2865 2831 2865 2866 2866 2865 2900 2866 2900 2901 2901 2900 2735 2901 2735 2902 2902 2735 2903 2902 2903 2868 2868 2903 2869 2868 2869 2834 2834 2869 2835 2834 2835 2800 2800 2835 2801 2800 2801 2766 2766 2801 2767 2766 2767 2741 2741 2767 2768 2741 2768 2769 2769 2768 2803 2769 2803 2804 2804 2803 2838 2804 2838 2839 2839 2838 2873 2839 2873 2874 2874 2873 2908 2874 2908 2909 2909 2908 2735 2909 2735 2910 2910 2735 2911 2910 2911 2876 2876 2911 2877 2876 2877 2842 2842 2877 2843 2842 2843 2808 2808 2843 2809 2808 2809 2774 2774 2809 2775 2774 2775 2741 2741 2775 2740 2740 2775 2739 2739 2775 2809 2739 2809 2738 2738 2809 2843 2738 2843 2737 2737 2843 2877 2737 2877 2736 2736 2877 2911 2736 2911 2735 2742 33 2776 2776 33 32 2776 32 2810 2810 32 31 2810 31 2844 2844 31 30 2844 30 2878 2878 30 29 2878 29 28 28 2735 2894 2894 2735 2895 2894 2895 2860 2860 2895 2861 2860 2861 2826 2826 2861 2827 2826 2827 2792 2792 2827 2793 2792 2793 2758 2758 2793 2759 2743 2742 2777 2777 2742 2776 2777 2776 2811 2811 2776 2810 2811 2810 2845 2845 2810 2844 2845 2844 2879 2879 2844 2878 2879 2878 28 2744 2745 34 34 2745 2746 34 2746 2747 2747 2746 2781 2747 2781 2782 2782 2781 2816 2782 2816 2817 2817 2816 2851 2744 2779 2745 2745 2779 2780 2745 2780 2746 2746 2780 2781 2749 34 2748 2748 34 2747 2748 2747 2782 2783 2749 2748 2783 2748 2782 2751 2750 2785 2785 2750 2784 2785 2784 2819 2819 2784 2818 2819 2818 2853 2853 2818 2852 2853 2852 2887 2887 2852 2886 2887 2886 28 2752 2753 34 34 2753 2754 34 2754 2755 2755 2754 2789 2755 2789 2790 2790 2789 2824 2790 2824 2825 2825 2824 2859 2752 2787 2753 2753 2787 2788 2753 2788 2754 2754 2788 2789 2757 34 2756 2756 34 2755 2756 2755 2790 2791 2757 2756 2791 2756 2790 2760 2759 2794 2794 2759 2793 2794 2793 2828 2828 2793 2827 2828 2827 2862 2862 2827 2861 2862 2861 2896 2896 2861 2895 2896 2895 2735 2761 2762 2741 2741 2762 2763 2741 2763 2764 2764 2763 2798 2764 2798 2799 2799 2798 2833 2799 2833 2834 2834 2833 2868 2761 2796 2762 2762 2796 2797 2762 2797 2763 2763 2797 2798 2766 2741 2765 2765 2741 2764 2765 2764 2799 2800 2766 2765 2800 2765 2799 2768 2767 2802 2802 2767 2801 2802 2801 2836 2836 2801 2835 2836 2835 2870 2870 2835 2869 2870 2869 2904 2904 2869 2903 2904 2903 2735 2769 2770 2741 2741 2770 2771 2741 2771 2772 2772 2771 2806 2772 2806 2807 2807 2806 2841 2807 2841 2842 2842 2841 2876 2769 2804 2770 2770 2804 2805 2770 2805 2771 2771 2805 2806 2774 2741 2773 2773 2741 2772 2773 2772 2807 2808 2774 2773 2808 2773 2807 2743 2777 2778 2778 2777 2812 2778 2812 2813 2813 2812 2847 2813 2847 2848 2848 2847 2882 2848 2882 2883 2883 2882 28 2812 2777 2811 2779 2814 2780 2780 2814 2815 2780 2815 2781 2781 2815 2816 2817 2783 2782 2751 2785 2786 2786 2785 2820 2786 2820 2821 2821 2820 2855 2821 2855 2856 2856 2855 2890 2856 2890 2891 2891 2890 28 2820 2785 2819 2787 2822 2788 2788 2822 2823 2788 2823 2789 2789 2823 2824 2825 2791 2790 2760 2794 2795 2795 2794 2829 2795 2829 2830 2830 2829 2864 2830 2864 2865 2865 2864 2899 2865 2899 2900 2900 2899 2735 2829 2794 2828 2796 2831 2797 2797 2831 2832 2797 2832 2798 2798 2832 2833 2834 2800 2799 2768 2802 2803 2803 2802 2837 2803 2837 2838 2838 2837 2872 2838 2872 2873 2873 2872 2907 2873 2907 2908 2908 2907 2735 2837 2802 2836 2804 2839 2805 2805 2839 2840 2805 2840 2806 2806 2840 2841 2842 2808 2807 2812 2811 2846 2846 2811 2845 2846 2845 2880 2880 2845 2879 2880 2879 28 2814 2849 2815 2815 2849 2850 2815 2850 2816 2816 2850 2851 2820 2819 2854 2854 2819 2853 2854 2853 2888 2888 2853 2887 2888 2887 28 2822 2857 2823 2823 2857 2858 2823 2858 2824 2824 2858 2859 2829 2828 2863 2863 2828 2862 2863 2862 2897 2897 2862 2896 2897 2896 2735 2831 2866 2832 2832 2866 2867 2832 2867 2833 2833 2867 2868 2837 2836 2871 2871 2836 2870 2871 2870 2905 2905 2870 2904 2905 2904 2735 2839 2874 2840 2840 2874 2875 2840 2875 2841 2841 2875 2876 2812 2846 2847 2847 2846 2881 2847 2881 2882 2882 2881 28 2881 2846 2880 2885 2851 2850 2885 2850 2884 2884 2850 2849 2820 2854 2855 2855 2854 2889 2855 2889 2890 2890 2889 28 2889 2854 2888 2893 2859 2858 2893 2858 2892 2892 2858 2857 2829 2863 2864 2864 2863 2898 2864 2898 2899 2899 2898 2735 2898 2863 2897 2902 2868 2867 2902 2867 2901 2901 2867 2866 2837 2871 2872 2872 2871 2906 2872 2906 2907 2907 2906 2735 2906 2871 2905 2910 2876 2875 2910 2875 2909 2909 2875 2874 28 2881 2880 28 2889 2888 2735 2898 2897 2735 2906 2905 35 34 2912 2912 34 2741 36 35 2913 2913 35 2912 37 36 2914 2914 36 2913 38 37 2915 2915 37 2914 39 38 2916 2916 38 2915 40 39 2917 2917 39 2916 41 40 2918 2918 40 2917 42 41 2919 2919 41 2918 43 42 1185 1185 42 2919 1565 1656 1566 1566 1656 1571 1566 1571 1570 1564 1375 1565 1565 1375 1568 1565 1568 2537 1563 1944 1564 1564 1944 1943 1564 1943 1376 1376 1943 1942 1376 1942 1377 1377 1942 1941 1377 1941 1940 1562 1937 1563 1563 1937 1938 1563 1938 1939 1561 1560 1562 1562 1560 1937 1937 1560 781 781 1560 1559 781 1559 782 782 1559 1388 782 1388 784 784 1388 785 785 1388 1387 785 1387 786 786 1387 1386 786 1386 1385 1385 1384 786 786 1384 1383 786 1383 787 787 1383 1382 787 1382 788 788 1382 980 788 980 789 1382 1381 980 980 1381 981 981 1381 1380 981 1380 982 982 1380 1378 982 1378 1377 1380 1379 1378 1376 1375 1564 1374 206 1375 1375 206 1569 1375 1569 1568 1373 1185 1374 1374 1185 2919 1374 2919 288 288 2919 289 289 2919 292 289 292 291 1372 2144 1373 1373 2144 2143 1373 2143 1185 1185 2143 2142 1185 2142 1186 1186 2142 2141 1186 2141 2140 1371 2137 1372 1372 2137 2138 1372 2138 2139 1370 1369 1371 1371 1369 2137 2137 1369 579 579 1369 1368 579 1368 580 580 1368 1197 580 1197 582 582 1197 583 583 1197 1196 583 1196 584 584 1196 1195 584 1195 1194 1194 1193 584 584 1193 1192 584 1192 585 585 1192 1191 585 1191 586 586 1191 778 586 778 587 1191 1190 778 778 1190 779 779 1190 1189 779 1189 780 780 1189 1187 780 1187 1186 1189 1188 1187 2919 2918 292 292 2918 373 292 373 293 293 373 294 2917 2728 2918 2918 2728 374 2918 374 373 2916 2344 2917 2917 2344 2343 2917 2343 2729 2729 2343 2342 2729 2342 2730 2730 2342 2341 2730 2341 2340 2915 2337 2916 2916 2337 2338 2916 2338 2339 2914 2913 2915 2915 2913 2337 2337 2913 377 377 2913 2912 377 2912 378 378 2912 2741 378 2741 380 380 2741 381 381 2741 2740 381 2740 382 382 2740 2739 382 2739 2738 2738 2737 382 382 2737 2736 382 2736 383 383 2736 2735 383 2735 384 384 2735 576 384 576 385 2735 2734 576 576 2734 577 577 2734 2733 577 2733 578 578 2733 2731 578 2731 2730 2733 2732 2731 2729 2728 2917 2727 1573 2728 2728 1573 375 2728 375 374 2726 1567 2727 2727 1567 1566 2727 1566 1570 2725 1744 2726 2726 1744 1743 2726 1743 1567 1567 1743 1742 1567 1742 2539 2539 1742 1741 2539 1741 1740 2724 1737 2725 2725 1737 1738 2725 1738 1739 2723 2722 2724 2724 2722 1737 1737 2722 983 983 2722 2721 983 2721 984 984 2721 2550 984 2550 986 986 2550 987 987 2550 2549 987 2549 988 988 2549 2548 988 2548 2547 2547 2546 988 988 2546 2545 988 2545 989 989 2545 2544 989 2544 990 990 2544 1182 990 1182 991 2544 2543 1182 1182 2543 1183 1183 2543 2542 1183 2542 1184 1184 2542 2540 1184 2540 2539 2542 2541 2540 986 985 984 1739 1745 2725 2725 1745 1744 1740 1936 2539 2539 1936 1184 784 783 782 1939 1945 1563 1563 1945 1944 1940 2136 1377 1377 2136 982 582 581 580 2139 2145 1372 1372 2145 2144 2140 2336 1186 1186 2336 780 380 379 378 2339 2345 2916 2916 2345 2344 2340 2536 2730 2730 2536 578 376 375 1572 1572 375 1573 291 290 289 288 287 1374 1374 287 206 208 207 287 287 207 206 206 205 1569 1569 205 204 1658 1657 2537 2537 1657 1656 2537 1656 1565 1656 1655 1571 1571 1655 1654 1570 2538 2727 2727 2538 1573 1575 1574 2538 2538 1574 1573</p>
        </triangles>
      </mesh>
    </geometry>
    <geometry id="geometry_1506a024_c6fa_479f_b2df_1ba94debe46f">
      <mesh>
        <source id="pos_8">
          <float_array id="pos_8-array" count="522">-540.137472 978 46.52852 -539.568064 978 46.453552 -539.03744 978 46.233772 -538.58176 978 45.884152 -538.232192 978 45.428516 -538.012416 978 44.89792 -537.937408 978 44.328516 -538.012416 978 43.759116 -538.232192 978 43.228516 -538.58176 978 42.77288 -539.03744 978 42.42326 -539.568064 978 42.20348 -540.137472 978 42.128516 -540.70688 978 42.20348 -541.23744 978 42.42326 -541.693056 978 42.77288 -542.042752 978 43.228516 -542.262464 978 43.759116 -542.337472 978 44.328516 -542.262464 978 44.89792 -542.042752 978 45.428516 -541.693056 978 45.884152 -541.23744 978 46.233772 -540.70688 978 46.453552 -540.137472 973 46.52852 -540.70688 973 46.453556 -541.23744 973 46.233776 -541.693056 973 45.884156 -542.042752 973 45.42852 -542.262464 973 44.897924 -542.337472 973 44.32852 -542.262464 973 43.759116 -542.042752 973 43.22852 -541.693056 973 42.772884 -541.23744 973 42.423264 -540.70688 973 42.203484 -540.137472 973 42.12852 -539.568064 973 42.203484 -539.03744 973 42.423264 -538.58176 973 42.772884 -538.232192 973 43.22852 -538.012416 973 43.759116 -537.937408 973 44.32852 -538.012416 973 44.897924 -538.232192 973 45.42852 -538.58176 973 45.884156 -539.03744 973 46.233776 -539.568064 973 46.453556 -540.137472 978 78.002576 -539.568064 978 77.927616 -539.037504 978 77.707832 -538.581824 978 77.358216 -538.232192 978 76.902584 -538.01248 978 76.371976 -537.937408 978 75.802576 -538.01248 978 75.233176 -538.232192 978 74.702576 -538.581824 978 74.246944 -539.037504 978 73.89732 -539.568064 978 73.677544 -540.137472 978 73.602576 -540.70688 978 73.677544 -541.237504 978 73.89732 -541.69312 978 74.246944 -542.042752 978 74.702576 -542.262528 978 75.233176 -542.337472 978 75.802576 -542.262528 978 76.371976 -542.042752 978 76.902584 -541.69312 978 77.358216 -541.237504 978 77.707832 -540.70688 978 77.927616 -540.137472 973 78.002576 -540.70688 973 77.927616 -541.237504 973 77.707832 -541.69312 973 77.358216 -542.042752 973 76.902584 -542.262528 973 76.371976 -542.337472 973 75.802584 -542.262528 973 75.233176 -542.042752 973 74.702584 -541.69312 973 74.246952 -541.237504 973 73.89732 -540.70688 973 73.677544 -540.137472 973 73.602576 -539.568064 973 73.677544 -539.037504 973 73.89732 -538.581824 973 74.246952 -538.232192 973 74.702584 -538.01248 973 75.233176 -537.937408 973 75.802584 -538.01248 973 76.371976 -538.232192 973 76.902584 -538.581824 973 77.358216 -539.037504 973 77.707832 -539.568064 973 77.927616 -330.138464 972.999872 78.002552 -330.6672 972.999872 77.941168 -331.165696 972.999872 77.754608 -331.6048 972.999872 77.453776 -331.958816 972.999872 77.056288 -332.207008 972.999872 76.585416 -332.334848 972.999872 76.068728 -332.334848 972.999872 75.536448 -332.207008 972.999872 75.019752 -331.958816 972.999872 74.54888 -331.6048 972.999872 74.151392 -331.165696 972.999872 73.85056 -330.6672 972.999872 73.664 -330.138464 972.999872 73.602624 -330.138464 977.999872 73.602616 -330.667168 977.999872 73.663992 -331.165696 977.999872 73.85056 -331.6048 977.999872 74.151392 -331.958816 977.999872 74.548872 -332.207008 977.999872 75.019744 -332.334848 977.999872 75.536448 -332.334848 977.999872 76.06872 -332.207008 977.999872 76.585416 -331.958816 977.999872 77.056288 -331.6048 977.999872 77.453776 -331.165696 977.999872 77.7546 -330.667168 977.999872 77.941168 -330.138464 977.999872 78.002552 -330.138464 972.999872 46.52852 -330.138464 977.999872 46.52852 -330.70784 972.999872 46.453556 -331.238464 972.999872 46.233776 -331.69408 972.999872 45.884156 -332.043744 972.999872 45.42852 -332.263488 972.999872 44.897924 -332.338464 972.999872 44.32852 -332.263488 972.999872 43.759116 -332.043744 972.999872 43.22852 -331.69408 972.999872 42.772884 -331.238464 972.999872 42.423264 -330.70784 972.999872 42.203484 -330.138464 972.999872 42.12852 -330.138464 977.999872 42.128516 -330.70784 977.999872 42.20348 -331.238464 977.999872 42.42326 -331.69408 977.999872 42.77288 -332.043744 977.999872 43.228516 -332.263488 977.999872 43.759116 -332.338464 977.999872 44.328516 -332.263488 977.999872 44.89792 -332.043744 977.999872 45.428516 -331.69408 977.999872 45.884152 -331.238464 977.999872 46.233772 -330.70784 977.999872 46.453552 -330.138464 972.999872 39.328544 -330.138464 977.999872 39.32854 -340.138464 972.999872 39.328544 -340.138464 977.999872 39.32854 -340.138464 972.999872 52.565544 -340.138464 977.999872 52.56554 -530.138496 973 52.565544 -530.138496 978 52.56554 -530.138496 972.999936 39.328544 -530.138496 977.999936 39.32854 -550.138432 973 39.328544 -550.138432 978 39.32854 -550.138432 973 80.802544 -550.138432 978 80.802544 -530.138496 973 80.802544 -530.138496 978 80.802544 -530.138496 973 67.565544 -530.138496 978 67.565544 -340.138464 972.999872 67.565544 -340.138464 977.999872 67.565544 -340.138464 972.999872 80.802544 -340.138464 977.999872 80.802544 -330.138464 972.999872 80.802544 -330.138464 977.999872 80.802544</float_array>
          <technique_common>
            <accessor source="#pos_8-array" count="522" stride="3">
              <param name="X" type="float"/>
              <param name="Y" type="float"/>
              <param name="Z" type="float"/>
            </accessor>
          </technique_common>
        </source>
        <vertices id="vert_8">
          <input semantic="POSITION" source="#pos_8"/>
        </vertices>
        <triangles count="352" material="mat_16">
          <input semantic="VERTEX" source="#vert_8" offset="0"/>
          <p>1 47 0 0 47 24 0 24 23 23 24 25 23 25 22 22 25 26 22 26 21 21 26 27 21 27 20 20 27 28 20 28 19 19 28 29 19 29 18 18 29 30 18 30 17 17 30 31 17 31 16 16 31 32 16 32 15 15 32 33 15 33 14 14 33 34 14 34 13 13 34 35 13 35 12 12 35 36 12 36 11 11 36 37 11 37 10 10 37 38 10 38 9 9 38 39 9 39 8 8 39 40 8 40 7 7 40 41 7 41 6 6 41 42 6 42 5 5 42 43 5 43 4 4 43 44 4 44 3 3 44 45 3 45 2 2 45 46 2 46 1 1 46 47 49 95 48 48 95 72 48 72 71 71 72 73 71 73 70 70 73 74 70 74 69 69 74 75 69 75 68 68 75 76 68 76 67 67 76 77 67 77 66 66 77 78 66 78 65 65 78 79 65 79 64 64 79 80 64 80 63 63 80 81 63 81 62 62 81 82 62 82 61 61 82 83 61 83 60 60 83 84 60 84 59 59 84 85 59 85 58 58 85 86 58 86 57 57 86 87 57 87 56 56 87 88 56 88 55 55 88 89 55 89 54 54 89 90 54 90 53 53 90 91 53 91 52 52 91 92 52 92 51 51 92 93 51 93 50 50 93 94 50 94 49 49 94 95 123 96 122 122 96 97 122 97 98 122 98 121 121 98 99 121 99 120 120 99 100 120 100 119 119 100 101 119 101 118 118 101 102 118 102 117 117 102 103 117 103 116 116 103 104 116 104 115 115 104 105 115 105 114 114 105 106 114 106 113 113 106 107 113 107 112 112 107 108 112 108 111 111 108 110 110 108 109 109 124 110 110 124 125 125 124 149 149 124 126 149 126 148 148 126 127 148 127 147 147 127 128 147 128 146 146 128 129 146 129 145 145 129 130 145 130 144 144 130 131 144 131 143 143 131 132 143 132 142 142 132 133 142 133 141 141 133 134 141 134 140 140 134 135 140 135 139 139 135 136 139 136 138 138 136 137 137 150 138 138 150 151 150 152 151 151 152 153 152 154 153 153 154 155 154 156 155 155 156 157 156 158 157 157 158 159 158 160 159 159 160 161 160 162 161 161 162 163 162 164 163 163 164 165 164 166 165 165 166 167 166 168 167 167 168 169 168 170 169 169 170 171 170 172 171 171 172 173 172 96 173 173 96 123 71 163 48 48 163 165 48 165 49 49 165 50 50 165 51 51 165 52 52 165 53 53 165 54 54 165 55 55 165 167 55 167 56 56 167 57 57 167 58 58 167 59 59 167 60 60 167 61 61 167 62 62 167 157 62 157 22 22 157 23 23 157 0 0 157 1 1 157 2 2 157 3 3 157 4 4 157 5 5 157 159 5 159 6 6 159 7 7 159 8 8 159 9 9 159 10 10 159 11 11 159 12 12 159 161 12 161 13 13 161 14 14 161 15 15 161 16 16 161 17 17 161 18 18 161 19 19 161 20 20 161 21 21 161 163 21 163 63 63 163 64 64 163 65 65 163 66 66 163 67 67 163 68 68 163 69 69 163 70 70 163 71 63 62 21 21 62 22 123 122 173 173 122 171 171 122 121 171 121 120 120 119 171 171 119 118 171 118 117 117 116 171 171 116 115 171 115 169 169 115 114 169 114 113 113 112 169 169 112 111 169 111 110 110 125 169 169 125 155 169 155 167 167 155 157 125 149 155 155 149 148 155 148 147 147 146 155 155 146 145 155 145 153 153 145 144 153 144 143 143 142 153 153 142 141 153 141 140 140 139 153 153 139 138 153 138 151 95 164 72 72 164 162 72 162 73 73 162 74 74 162 75 75 162 76 76 162 77 77 162 78 78 162 79 79 162 80 80 162 81 81 162 27 81 27 82 82 27 26 82 26 156 156 26 25 156 25 24 95 94 164 164 94 93 164 93 92 92 91 164 164 91 90 164 90 89 164 89 166 166 89 88 166 88 87 87 86 166 166 86 85 166 85 84 84 83 166 166 83 82 166 82 156 24 47 156 156 47 46 156 46 45 45 44 156 156 44 43 156 43 158 158 43 42 158 42 41 41 40 158 158 40 39 158 39 38 38 37 158 158 37 36 158 36 160 160 36 35 160 35 34 34 33 160 160 33 32 160 32 31 31 30 160 160 30 29 160 29 28 28 27 160 160 27 162 96 172 97 97 172 170 97 170 98 98 170 99 99 170 100 100 170 101 101 170 102 102 170 103 103 170 104 104 170 168 104 168 105 105 168 106 106 168 107 107 168 108 108 168 109 109 168 124 124 168 154 124 154 126 126 154 127 127 154 128 128 154 129 129 154 130 130 154 152 130 152 131 131 152 132 132 152 133 133 152 134 134 152 135 135 152 136 136 152 137 137 152 150 154 168 156 156 168 166</p>
        </triangles>
      </mesh>
    </geometry>
    <geometry id="geometry_8e0dc2a8_ba38_4c11_809e_440b9993b169">
      <mesh>
        <source id="pos_9">
          <float_array id="pos_9-array" count="456">-20.13844 992 63.802588 -20.13844 992 56.328492 -16.138439 992 56.328492 -16.138439 992 63.802588 -20.13844 995 63.802588 -16.138439 995 63.802588 -20.13844 995 56.328492 -16.138439 995 56.328492 -320.138432 992 56.328492 -320.138432 992 63.802588 -324.138432 992 63.802588 -324.138432 992 56.328492 -320.138432 995 63.802588 -324.138432 995 63.802588 -320.138432 995 56.328492 -324.138432 995 56.328492 -20.13844 988.868032 24.34062 -20.13844 989.607936 28.681582 -20.13844 990.246784 33.08823 -20.13844 991.216064 42.061132 -20.13844 991.767872 51.183352 -20.13844 991.897472 60.37766 -20.13844 991.603712 69.566208 -20.13844 990.889088 78.671192 -20.13844 989.759744 87.61552 -20.13844 989.042368 92.003704 -20.13844 988.225152 96.323464 -320.138432 988.225152 96.323464 -320.138432 989.042368 92.003704 -320.138432 989.759744 87.61552 -320.138432 990.889088 78.671192 -320.138432 991.603712 69.566208 -320.138432 991.897472 60.37766 -320.138432 991.767872 51.183352 -320.138432 991.216064 42.061132 -320.138432 990.246784 33.08823 -320.138432 989.607936 28.681582 -320.138432 988.868032 24.34062 -120.13844 990.608384 81.246448 -220.138448 990.608384 81.246448 -120.13844 991.135936 76.0828 -220.138448 991.135936 76.0828 -120.13844 991.41664 44.6556 -220.138448 991.41664 44.6556 -120.13844 990.98144 39.478856 -220.138448 990.98144 39.478856 -120.13844 989.705408 29.307298 -220.138448 989.705408 29.307298 -120.13844 990.410496 34.358032 -220.138448 990.410496 34.358032 -120.13844 991.875264 55.119476 -220.138448 991.875264 55.119476 -220.138448 991.714816 49.873956 -120.13844 991.714816 49.873956 -120.13844 991.781376 65.633964 -220.138448 991.781376 65.633964 -220.138448 991.897472 60.37766 -120.13844 991.897472 60.37766 -120.13844 991.527296 70.87384 -220.138448 991.527296 70.87384 -120.13844 989.150976 91.380792 -220.138448 989.150976 91.380792 -220.138448 989.946176 86.35048 -120.13844 989.946176 86.35048 -20.13844 992.717248 89.822136 -20.13844 993.70336 87.79076 -20.13844 994.419648 85.649304 -20.13844 994.854336 83.43344 -20.13844 995 81.180072 -320.138432 995 81.180072 -320.138432 994.854336 83.43344 -320.138432 994.419648 85.649304 -320.138432 993.70336 87.79076 -320.138432 992.717248 89.822136 -62.995584 993.70336 87.79076 -105.85272 993.70336 87.79076 -148.709872 993.70336 87.79076 -191.567024 993.70336 87.79076 -234.424144 993.70336 87.79076 -277.281312 993.70336 87.79076 -62.995584 994.419648 85.649304 -105.85272 994.419648 85.649304 -148.709872 994.419648 85.649304 -191.567024 994.419648 85.649304 -234.424144 994.419648 85.649304 -277.281312 994.419648 85.649304 -62.995584 994.854336 83.43344 -105.85272 994.854336 83.43344 -148.709872 994.854336 83.43344 -191.567024 994.854336 83.43344 -234.424144 994.854336 83.43344 -277.281312 994.854336 83.43344 -320.138432 989.352256 95.119 -320.138432 990.36096 93.813776 -320.138432 991.24224 92.419368 -320.138432 995 65.802588 -320.138432 996.535808 65.802588 -320.138432 996.535808 54.328492 -320.138432 995 54.328492 -320.138432 995 38.9509 -320.138432 994.854336 36.69758 -320.138432 994.419712 34.481764 -320.138432 993.703424 32.340362 -320.138432 992.717376 30.309018 -320.138432 991.052672 27.377698 -320.138432 990.397376 26.314166 -320.138432 989.667968 25.300084 -20.13844 991.24224 92.419368 -20.13844 989.352256 95.119 -20.13844 990.36096 93.813776 -270.138432 989.872 94.47828 -220.138448 989.872 94.47828 -170.138448 989.872 94.47828 -120.13844 989.872 94.47828 -70.13844 989.872 94.47828 -20.13844 995 38.9509 -20.13844 994.854336 36.69758 -20.13844 994.419712 34.481764 -20.13844 993.703424 32.340362 -20.13844 992.717376 30.309018 -62.995584 994.854336 36.69758 -105.85272 994.854336 36.69758 -148.709872 994.854336 36.69758 -191.567024 994.854336 36.69758 -234.424144 994.854336 36.69758 -277.281312 994.854336 36.69758 -62.995584 994.419712 34.481764 -105.85272 994.419712 34.481764 -148.709872 994.419712 34.481764 -191.567024 994.419712 34.481764 -234.424144 994.419712 34.481764 -277.281312 994.419712 34.481764 -62.995584 993.703424 32.340362 -105.85272 993.703424 32.340362 -148.709872 993.703424 32.340362 -191.567024 993.703424 32.340362 -234.424144 993.703424 32.340362 -277.281312 993.703424 32.340362 -20.13844 991.052672 27.377698 -20.13844 990.397376 26.314166 -20.13844 989.667968 25.300084 -57.63844 990.041728 25.800614 -95.13844 990.041728 25.800614 -132.63844 990.041728 25.800614 -170.138448 990.041728 25.800614 -207.638448 990.041728 25.800614 -245.138448 990.041728 25.800614 -282.638432 990.041728 25.800614 -20.13844 995 65.802588 -20.13844 995 54.328492 -20.13844 996.535808 54.328492 -20.13844 996.535808 65.802588</float_array>
          <technique_common>
            <accessor source="#pos_9-array" count="456" stride="3">
              <param name="X" type="float"/>
              <param name="Y" type="float"/>
              <param name="Z" type="float"/>
            </accessor>
          </technique_common>
        </source>
        <vertices id="vert_9">
          <input semantic="POSITION" source="#pos_9"/>
        </vertices>
        <triangles count="300" material="mat_16">
          <input semantic="VERTEX" source="#vert_9" offset="0"/>
          <p>0 1 3 3 1 2 4 0 5 5 0 3 6 4 7 7 4 5 1 6 2 2 6 7 2 7 3 3 7 5 8 9 11 11 9 10 9 12 10 10 12 13 12 14 13 13 14 15 14 8 15 15 8 11 15 11 13 13 11 10 17 46 16 16 46 47 16 47 36 36 47 35 35 47 49 35 49 45 45 49 48 45 48 44 44 48 18 44 18 19 17 18 46 46 18 48 46 48 49 44 19 42 42 19 20 42 20 53 53 20 50 53 50 51 51 50 56 51 56 32 32 56 55 32 55 31 31 55 59 31 59 41 41 59 58 41 58 40 40 58 22 40 22 23 20 21 50 50 21 57 50 57 56 56 57 55 57 21 54 54 21 22 54 22 58 40 23 38 38 23 24 38 24 63 63 24 60 63 60 61 61 60 27 61 27 28 24 25 60 60 25 27 25 26 27 28 29 61 61 29 62 61 62 63 63 62 38 62 29 39 39 29 30 39 30 41 41 30 31 32 33 51 51 33 52 51 52 53 53 52 42 52 33 43 43 33 34 43 34 45 45 34 35 36 37 16 49 47 46 45 44 43 43 44 42 43 42 52 59 55 54 54 55 57 58 59 54 41 40 39 39 40 38 39 38 62 65 74 64 64 74 75 64 75 76 76 75 82 76 82 83 83 82 89 83 89 90 90 89 69 90 69 91 91 69 70 91 70 85 85 70 71 85 71 79 79 71 72 79 72 73 74 65 80 80 65 66 80 66 86 86 66 67 86 67 68 69 88 68 68 88 87 68 87 86 86 87 80 64 77 73 73 77 78 73 78 79 79 78 85 77 64 76 75 74 81 81 74 80 81 80 87 76 83 77 77 83 84 77 84 78 78 84 85 75 81 82 82 81 88 82 88 89 89 88 69 88 81 87 91 85 84 91 84 90 90 84 83 8 32 9 9 32 31 9 31 72 72 31 73 73 31 30 73 30 94 94 30 93 93 30 29 93 29 92 92 29 28 92 28 27 14 98 8 8 98 33 8 33 32 98 14 97 97 14 12 97 12 96 96 12 95 95 12 9 95 9 72 72 71 95 95 71 69 69 71 70 99 101 98 98 101 102 98 102 33 33 102 103 33 103 34 34 103 104 34 104 35 35 104 105 35 105 36 36 105 106 36 106 37 99 100 101 73 94 64 64 94 107 93 110 94 94 110 111 94 111 112 112 111 26 112 26 113 113 26 114 113 114 109 109 114 108 108 114 26 93 92 110 110 92 111 27 26 92 92 26 111 107 94 109 109 94 113 113 94 112 116 120 115 115 120 121 115 121 122 122 121 128 122 128 129 129 128 135 129 135 136 136 135 103 136 103 137 137 103 102 137 102 131 131 102 101 131 101 125 125 101 100 125 100 99 120 116 126 126 116 117 126 117 132 132 117 118 132 118 119 103 134 119 119 134 133 119 133 132 132 133 126 115 123 99 99 123 124 99 124 125 125 124 131 123 115 122 121 120 127 127 120 126 127 126 133 122 129 123 123 129 130 123 130 124 124 130 131 121 127 128 128 127 134 128 134 135 135 134 103 134 127 133 137 131 130 137 130 136 136 130 129 119 138 103 103 138 104 139 141 138 138 141 142 138 142 143 143 142 140 143 140 37 37 140 16 139 140 141 141 140 142 106 147 37 37 147 146 37 146 145 145 146 105 145 105 138 138 105 104 106 105 147 147 105 146 145 138 144 144 138 143 144 143 37 37 145 144 68 148 69 69 148 95 99 98 115 115 98 149 98 97 149 149 97 150 97 96 150 150 96 151 96 95 151 151 95 148 0 21 1 1 21 20 1 20 149 149 20 118 149 118 117 4 148 0 0 148 65 0 65 22 22 65 64 22 64 23 23 64 107 23 107 109 148 4 151 151 4 6 151 6 150 150 6 149 149 6 1 26 25 108 108 25 24 108 24 109 109 24 23 22 21 0 118 20 119 119 20 19 119 19 138 138 19 18 138 18 139 139 18 17 139 17 140 140 17 16 116 115 117 117 115 149 65 148 66 66 148 68 66 68 67</p>
        </triangles>
      </mesh>
    </geometry>
    <geometry id="geometry_b8f42e5c_db33_48f2_8d95_09938b920f1e">
      <mesh>
        <source id="pos_10">
          <float_array id="pos_10-array" count="618">-460.000992 1004.325952 2.78942 -460.000992 1004.546944 0.807365 -460.000992 1005.198976 -1.077363 -460.000992 1006.250048 -2.77222 -460.000992 1007.64864 -4.193983 -460.000992 1009.325952 -5.272837 -120.000008 1009.325952 -5.272837 -120.000008 1007.64864 -4.193983 -120.000008 1006.250048 -2.77222 -120.000008 1005.198976 -1.077363 -120.000008 1004.546944 0.807365 -120.000008 1004.325952 2.78942 -140.000016 1004.325952 2.78942 -140.000016 1004.326016 2.766187 -140.000016 1004.32608 2.742953 -140.000016 1004.326208 2.719721 -440.000992 1004.326208 2.719721 -440.000992 1004.32608 2.742953 -440.000992 1004.326016 2.766187 -440.000992 1004.325952 2.78942 -417.500896 1004.546944 0.807365 -375.000768 1004.546944 0.807365 -332.50064 1004.546944 0.807365 -290.000512 1004.546944 0.807365 -247.500384 1004.546944 0.807365 -205.000256 1004.546944 0.807365 -162.500144 1004.546944 0.807365 -417.500896 1005.198976 -1.077363 -375.000768 1005.198976 -1.077363 -332.50064 1005.198976 -1.077363 -290.000512 1005.198976 -1.077363 -247.500384 1005.198976 -1.077363 -205.000256 1005.198976 -1.077363 -162.500144 1005.198976 -1.077363 -417.500896 1006.250048 -2.77222 -375.000768 1006.250048 -2.77222 -332.50064 1006.250048 -2.77222 -290.000512 1006.250048 -2.77222 -247.500384 1006.250048 -2.77222 -205.000256 1006.250048 -2.77222 -162.500144 1006.250048 -2.77222 -417.500896 1007.64864 -4.193983 -375.000768 1007.64864 -4.193983 -332.50064 1007.64864 -4.193983 -290.000512 1007.64864 -4.193983 -247.500384 1007.64864 -4.193983 -205.000256 1007.64864 -4.193983 -162.500144 1007.64864 -4.193983 -460.000992 1004.325952 35.96416 -460.000992 1025.799936 35.96416 -460.000992 1025.799936 30.964162 -460.000992 1009.325952 30.964162 -120.000008 1009.325952 30.964162 -120.000008 1025.799936 30.964162 -120.000008 1025.799936 35.96416 -120.000008 1004.325952 35.96416 -140.000016 1004.325952 35.96416 -140.000016 1004.327168 2.789399 -140.000016 1004.433344 3.920696 -140.000016 1004.709248 5.022967 -140.000016 1005.148416 6.070911 -140.000016 1005.740992 7.040474 -140.000016 1006.473152 7.909402 -140.000016 1007.328192 8.65775 -140.000016 1008.286464 9.268342 -140.000016 1009.325952 9.727162 -440.000992 1009.325952 9.727162 -440.000992 1008.286464 9.268342 -440.000992 1007.328192 8.65775 -440.000992 1006.473152 7.909402 -440.000992 1005.740992 7.040474 -440.000992 1005.148416 6.070911 -440.000992 1004.709248 5.022967 -440.000992 1004.433344 3.920696 -440.000992 1004.327168 2.789399 -177.500144 1004.564672 4.533262 -215.000256 1004.564672 4.533262 -252.500384 1004.564672 4.533262 -290.000512 1004.564672 4.533262 -327.50064 1004.564672 4.533262 -365.000768 1004.564672 4.533262 -402.500896 1004.564672 4.533262 -177.500144 1005.235072 6.235148 -215.000256 1005.235072 6.235148 -252.500384 1005.235072 6.235148 -290.000512 1005.235072 6.235148 -327.50064 1005.235072 6.235148 -365.000768 1005.235072 6.235148 -402.500896 1005.235072 6.235148 -177.500144 1006.297408 7.72415 -215.000256 1006.297408 7.72415 -252.500384 1006.297408 7.72415 -290.000512 1006.297408 7.72415 -327.50064 1006.297408 7.72415 -365.000768 1006.297408 7.72415 -402.500896 1006.297408 7.72415 -177.500144 1007.68864 8.9117 -215.000256 1007.68864 8.9117 -252.500384 1007.68864 8.9117 -290.000512 1007.68864 8.9117 -327.50064 1007.68864 8.9117 -365.000768 1007.68864 8.9117 -402.500896 1007.68864 8.9117 -130.000016 1012.563008 30.964162 -130.647048 1012.648128 30.964162 -131.250016 1012.89792 30.964162 -131.767776 1013.295232 30.964162 -132.165072 1013.812992 30.964162 -132.414824 1014.415936 30.964162 -132.500016 1015.062976 30.964162 -132.414824 1015.710016 30.964162 -132.165072 1016.31296 30.964162 -131.767776 1016.83072 30.964162 -131.250016 1017.228032 30.964162 -130.647048 1017.47776 30.964162 -130.000016 1017.563008 30.964162 -129.352968 1017.47776 30.964162 -128.750016 1017.228032 30.964162 -128.23224 1016.83072 30.964162 -127.834944 1016.31296 30.964162 -127.5852 1015.710016 30.964162 -127.500008 1015.062976 30.964162 -127.5852 1014.415936 30.964162 -127.834944 1013.812992 30.964162 -128.23224 1013.295232 30.964162 -128.750016 1012.89792 30.964162 -129.352968 1012.648128 30.964162 -130.000016 1012.563008 35.96416 -129.352968 1012.648128 35.96416 -128.750016 1012.89792 35.96416 -128.23224 1013.295232 35.96416 -127.834944 1013.812992 35.96416 -127.5852 1014.415936 35.96416 -127.500008 1015.062976 35.96416 -127.5852 1015.710016 35.96416 -127.834944 1016.31296 35.96416 -128.23224 1016.83072 35.96416 -128.750016 1017.228032 35.96416 -129.352968 1017.47776 35.96416 -130.000016 1017.563008 35.96416 -130.647048 1017.47776 35.96416 -131.250016 1017.228032 35.96416 -131.767776 1016.83072 35.96416 -132.165072 1016.31296 35.96416 -132.414824 1015.710016 35.96416 -132.500016 1015.062976 35.96416 -132.414824 1014.415936 35.96416 -132.165072 1013.812992 35.96416 -131.767776 1013.295232 35.96416 -131.250016 1012.89792 35.96416 -130.647048 1012.648128 35.96416 -140.000016 1009.325952 30.964162 -140.000016 1025.799936 30.964162 -140.000016 1025.799936 35.96416 -440.000992 1009.325952 30.964162 -450 1012.563008 30.964162 -450.647072 1012.648128 30.964162 -451.249984 1012.89792 30.964162 -451.767776 1013.295232 30.964162 -452.165056 1013.812992 30.964162 -452.414816 1014.415936 30.964162 -452.5 1015.062976 30.964162 -452.414816 1015.710016 30.964162 -452.165056 1016.31296 30.964162 -451.767776 1016.83072 30.964162 -451.249984 1017.228032 30.964162 -450.647072 1017.47776 30.964162 -450 1017.563008 30.964162 -449.35296 1017.47776 30.964162 -448.750016 1017.228032 30.964162 -448.232224 1016.83072 30.964162 -447.834944 1016.31296 30.964162 -447.585216 1015.710016 30.964162 -447.5 1015.062976 30.964162 -447.585216 1014.415936 30.964162 -447.834944 1013.812992 30.964162 -448.232224 1013.295232 30.964162 -448.750016 1012.89792 30.964162 -449.35296 1012.648128 30.964162 -450 1012.563008 35.96416 -449.35296 1012.648128 35.96416 -448.750016 1012.89792 35.96416 -448.232224 1013.295232 35.96416 -447.834944 1013.812992 35.96416 -447.585216 1014.415936 35.96416 -447.5 1015.062976 35.96416 -447.585216 1015.710016 35.96416 -447.834944 1016.31296 35.96416 -448.232224 1016.83072 35.96416 -448.750016 1017.228032 35.96416 -449.35296 1017.47776 35.96416 -450 1017.563008 35.96416 -450.647072 1017.47776 35.96416 -451.249984 1017.228032 35.96416 -451.767776 1016.83072 35.96416 -452.165056 1016.31296 35.96416 -452.414816 1015.710016 35.96416 -452.5 1015.062976 35.96416 -452.414816 1014.415936 35.96416 -452.165056 1013.812992 35.96416 -451.767776 1013.295232 35.96416 -451.249984 1012.89792 35.96416 -450.647072 1012.648128 35.96416 -440.000992 1025.799936 30.964162 -440.000992 1025.799936 35.96416 -440.000992 1004.325952 35.96416</float_array>
          <technique_common>
            <accessor source="#pos_10-array" count="618" stride="3">
              <param name="X" type="float"/>
              <param name="Y" type="float"/>
              <param name="Z" type="float"/>
            </accessor>
          </technique_common>
        </source>
        <vertices id="vert_10">
          <input semantic="POSITION" source="#pos_10"/>
        </vertices>
        <triangles count="416" material="mat_16">
          <input semantic="VERTEX" source="#vert_10" offset="0"/>
          <p>1 16 0 0 16 17 0 17 18 2 27 1 1 27 20 1 20 16 16 20 21 16 21 22 22 21 29 22 29 30 30 29 37 30 37 38 38 37 45 38 45 46 46 45 6 46 6 47 47 6 7 47 7 40 40 7 8 40 8 33 33 8 9 33 9 26 26 9 10 26 10 15 15 10 11 15 11 14 14 11 13 13 11 12 27 2 34 34 2 3 34 3 41 41 3 4 41 4 5 6 44 5 5 44 43 5 43 42 42 43 35 42 35 34 34 35 27 16 23 15 15 23 24 15 24 25 25 24 32 25 32 33 33 32 40 18 19 0 23 16 22 21 20 28 28 20 27 28 27 35 22 30 23 23 30 31 23 31 24 24 31 32 26 15 25 33 26 25 21 28 29 29 28 36 29 36 37 37 36 44 37 44 45 45 44 6 36 28 35 30 38 31 31 38 39 31 39 32 32 39 40 42 34 41 44 36 43 43 36 35 47 40 39 47 39 46 46 39 38 5 42 41 51 5 0 0 5 4 0 4 3 3 2 0 0 2 1 0 48 51 51 48 49 51 49 50 10 9 11 11 9 8 11 8 7 7 6 11 11 6 52 11 52 55 55 52 54 54 52 53 11 55 12 12 55 56 16 15 74 74 15 78 74 78 79 79 78 86 79 86 87 87 86 94 87 94 95 95 94 102 95 102 68 68 102 67 67 102 66 66 102 101 66 101 100 100 101 93 100 93 92 92 93 85 92 85 84 84 85 77 84 77 76 76 77 15 76 15 75 75 15 57 75 57 58 58 59 75 75 59 82 75 82 83 83 82 90 83 90 91 91 90 98 91 98 99 99 98 66 99 66 100 59 60 82 82 60 61 82 61 89 89 61 62 89 62 63 89 63 96 96 63 64 96 64 97 97 64 98 97 98 90 65 66 64 64 66 98 68 69 95 95 69 70 95 70 88 88 70 71 88 71 72 88 72 81 81 72 73 81 73 74 78 15 77 84 76 83 83 76 75 86 78 85 85 78 77 81 74 80 80 74 79 80 79 87 88 81 80 88 80 87 92 84 91 91 84 83 94 86 93 93 86 85 95 88 87 97 90 89 89 90 82 96 97 89 100 92 99 99 92 91 102 94 101 101 94 93 104 150 103 103 150 127 103 127 126 126 127 128 126 128 125 125 128 129 125 129 124 124 129 130 124 130 123 123 130 131 123 131 122 122 131 132 122 132 121 121 132 133 121 133 120 120 133 134 120 134 119 119 134 135 119 135 118 118 135 136 118 136 117 117 136 137 117 137 116 116 137 138 116 138 115 115 138 139 115 139 114 114 139 140 114 140 113 113 140 141 113 141 112 112 141 142 112 142 111 111 142 143 111 143 110 110 143 144 110 144 109 109 144 145 109 145 108 108 145 146 108 146 107 107 146 147 107 147 106 106 147 148 106 148 105 105 148 149 105 149 104 104 149 150 126 52 103 103 52 151 103 151 104 104 151 105 105 151 106 106 151 107 107 151 108 108 151 109 109 151 110 110 151 152 110 152 111 111 152 112 112 152 113 113 152 114 114 152 115 115 152 53 115 53 116 116 53 117 117 53 118 118 53 119 119 53 120 120 53 52 120 52 121 121 52 122 122 52 123 123 52 124 124 52 125 125 52 126 152 153 53 53 153 54 151 52 65 65 52 6 65 6 5 65 5 66 66 5 51 66 51 154 150 56 127 127 56 55 127 55 128 128 55 129 129 55 130 130 55 131 131 55 132 132 55 133 133 55 54 133 54 134 134 54 135 135 54 136 136 54 137 137 54 138 138 54 139 139 54 153 139 153 140 140 153 141 141 153 142 142 153 143 143 153 144 144 153 145 145 153 56 145 56 146 146 56 147 147 56 148 148 56 149 149 56 150 156 202 155 155 202 179 155 179 178 178 179 180 178 180 177 177 180 181 177 181 176 176 181 182 176 182 175 175 182 183 175 183 174 174 183 184 174 184 173 173 184 185 173 185 172 172 185 186 172 186 171 171 186 187 171 187 170 170 187 188 170 188 169 169 188 189 169 189 168 168 189 190 168 190 167 167 190 191 167 191 166 166 191 192 166 192 165 165 192 193 165 193 164 164 193 194 164 194 163 163 194 195 163 195 162 162 195 196 162 196 161 161 196 197 161 197 160 160 197 198 160 198 159 159 198 199 159 199 158 158 199 200 158 200 157 157 200 201 157 201 156 156 201 202 178 154 155 155 154 51 155 51 156 156 51 157 157 51 158 158 51 159 159 51 160 160 51 161 161 51 162 162 51 50 162 50 163 163 50 164 164 50 165 165 50 166 166 50 167 167 50 203 167 203 168 168 203 169 169 203 170 170 203 171 171 203 172 172 203 154 172 154 173 173 154 174 174 154 175 175 154 176 176 154 177 177 154 178 50 49 203 203 49 204 202 48 179 179 48 205 179 205 180 180 205 181 181 205 182 182 205 183 183 205 184 184 205 185 185 205 204 185 204 186 186 204 187 187 204 188 188 204 189 189 204 190 190 204 191 191 204 49 191 49 192 192 49 193 193 49 194 194 49 195 195 49 196 196 49 197 197 49 48 197 48 198 198 48 199 199 48 200 200 48 201 201 48 202 19 205 0 0 205 48 18 74 19 19 74 73 19 73 205 205 73 72 205 72 71 18 17 74 74 17 16 71 70 205 205 70 69 205 69 154 154 69 68 154 68 67 67 66 154 203 204 154 154 204 205 15 14 57 57 14 13 57 13 12 57 12 58 58 12 56 58 56 59 59 56 60 60 56 61 61 56 62 62 56 151 62 151 63 63 151 64 64 151 65 56 153 151 151 153 152</p>
        </triangles>
      </mesh>
    </geometry>
    <geometry id="geometry_26512bcb_dc70_421c_9a40_13e07fdb6b30">
      <mesh>
        <source id="pos_11">
          <float_array id="pos_11-array" count="1506">-439.800032 1034.83584 7.96426 -439.800032 1033.30016 7.96426 -140.200016 1033.30016 7.96426 -140.200016 1034.83584 7.96426 -439.800032 1033.300032 -3.509837 -439.800032 1034.83584 -3.509837 -140.200016 1034.83584 -3.509837 -140.200016 1033.300032 -3.509837 -140.200016 1033.300032 -3.509886 -439.800032 1033.300032 -3.509886 -140.056896 1030.16928 4.563526 -140.1996 1030.169408 4.558113 -140.660544 1030.171136 4.463942 -141.083888 1030.174912 4.257328 -141.441568 1030.180032 3.951033 -141.70992 1030.185792 3.564862 -141.871712 1030.191552 3.122485 -141.91888 1030.196672 2.649238 -141.913824 1030.203712 1.621242 -141.864352 1030.204864 1.291702 -141.756864 1030.20544 0.977814 -141.594512 1030.205568 0.688139 -141.382928 1030.205312 0.432433 -141.129024 1030.204864 0.218621 -140.840688 1030.204352 0.053214 -140.527408 1030.203968 -0.058397 -140.1996 1030.203712 -0.112803 -140.056896 1030.203712 -0.118217 -140.040208 1029.84032 0.010875 -140.027296 1029.500992 0.202995 -140.01768 1029.192768 0.449753 -140.010912 1028.9232 0.74276 -140.00648 1028.69984 1.073627 -140.003936 1028.52992 1.433966 -140.002768 1028.420928 1.815388 -140.002496 1028.380096 2.209504 -140.0028 1028.413056 2.604797 -140.003984 1028.515392 2.988035 -140.006528 1028.67968 3.350776 -140.010944 1028.898432 3.684634 -140.01768 1029.16416 3.981224 -140.02728 1029.469504 4.232161 -140.040176 1029.806976 4.429056 -141.865728 1030.085824 1.49485 -141.867984 1029.905792 1.930494 -141.871072 1029.876608 2.278982 -141.863392 1029.982208 2.78624 -141.8724 1030.137664 3.016467 -141.7748 1030.081664 3.29772 -141.633232 1030.040896 3.563353 -141.452992 1030.015488 3.808121 -141.161408 1030.006208 4.093248 -140.823056 1030.025664 4.319374 -140.450624 1030.074432 4.474025 -140.43272 1029.71872 4.312401 -140.804992 1029.711168 4.164798 -141.14408 1029.743552 3.953022 -141.437536 1029.812224 3.688331 -141.620016 1029.885504 3.462131 -141.764656 1029.975808 3.217289 -141.866272 1030.08192 2.958538 -141.863552 1030.02944 2.881045 -141.760112 1029.8768 3.111405 -141.613824 1029.740352 3.329611 -141.429904 1029.622656 3.531497 -141.134736 1029.49888 3.768328 -140.794192 1029.418816 3.958735 -140.420672 1029.38816 4.092803 -140.450464 1030.105344 -0.028366 -140.822896 1030.054464 0.125546 -141.161232 1030.032 0.351243 -141.452832 1030.037504 0.636259 -141.633088 1030.059584 0.881158 -141.774688 1030.096832 1.147111 -141.872336 1030.149056 1.428876 -140.43088 1029.70656 0.152592 -140.803216 1029.701632 0.298807 -141.142448 1029.737088 0.508661 -141.436112 1029.80896 0.77103 -141.618816 1029.884736 0.99531 -141.76376 1029.977536 1.238143 -141.863728 1029.974272 1.696503 -140.418432 1029.33984 0.405807 -140.792384 1029.376832 0.536313 -141.133344 1029.46496 0.721598 -141.428896 1029.59776 0.952049 -141.613104 1029.722752 1.148513 -141.759632 1029.86656 1.360892 -141.863264 1030.026752 1.585145 -140.411584 1029.01792 0.721093 -140.788192 1029.091456 0.829498 -141.131344 1029.225472 0.982948 -141.428512 1029.41152 1.173533 -141.613472 1029.579584 1.335889 -141.760304 1029.768448 1.511321 -141.87104 1029.877696 2.158675 -140.408816 1028.753792 1.088268 -140.788416 1028.857024 1.16979 -141.133856 1029.028544 1.285604 -141.43232 1029.25792 1.429698 -141.617504 1029.46144 1.552562 -141.76384 1029.687104 1.685394 -141.865936 1029.930816 1.825665 -140.408464 1028.603392 1.386552 -140.790144 1028.72352 1.446114 -141.137072 1028.916288 1.53129 -141.436272 1029.170304 1.637599 -141.621424 1029.393792 1.728396 -141.767136 1029.64064 1.826656 -141.86728 1029.90944 2.553712 -140.408864 1028.496576 1.703458 -140.792208 1028.628544 1.739984 -141.140272 1028.836288 1.792745 -141.44 1029.107776 1.858914 -141.62504 1029.3456 1.915569 -141.77016 1029.607296 1.976972 -141.86984 1029.88768 2.041933 -140.409376 1028.438592 2.034893 -140.793696 1028.577024 2.047955 -141.142448 1028.792832 2.067115 -141.442448 1029.073728 2.091318 -141.627376 1029.319232 2.112122 -141.77208 1029.588992 2.134722 -140.409408 1028.434304 2.375727 -140.793776 1028.573248 2.365468 -141.142544 1028.789568 2.350458 -141.442544 1029.07104 2.331528 -141.627488 1029.316992 2.315278 -141.772176 1029.587264 2.297646 -140.408832 1028.50144 2.777827 -140.792 1028.632832 2.739241 -141.139904 1028.839744 2.683512 -141.439568 1029.110016 2.61364 -141.62464 1029.346944 2.55383 -141.769808 1029.60768 2.489029 -141.869632 1029.887232 2.420496 -140.40856 1028.639552 3.157743 -140.789552 1028.755392 3.091436 -141.135952 1028.942656 2.996758 -141.434928 1029.190208 2.878689 -141.620096 1029.408576 2.777904 -141.766016 1029.649792 2.66888 -140.40968 1028.839488 3.508316 -140.788048 1028.932736 3.416072 -141.132544 1029.091456 3.285264 -141.430496 1029.306048 3.12268 -141.615616 1029.497536 2.984134 -141.762208 1029.71072 2.834416 -141.864912 1029.941504 2.676378 -140.41336 1029.092032 3.822388 -140.789056 1029.156608 3.707166 -141.13152 1029.279168 3.544098 -141.428176 1029.452032 3.341614 -141.612944 1029.6096 3.169158 -141.75976 1029.787328 2.982852 -140.200016 1030.16928 4.563526 -140.200016 1029.814848 13.237643 -140.200016 1029.085184 21.825714 -140.200016 1027.985984 30.262794 -140.200016 1026.525248 38.485084 -439.800032 1026.525248 38.485084 -439.800032 1027.985984 30.262794 -439.800032 1029.085184 21.825714 -439.800032 1029.814848 13.237643 -439.800032 1030.16928 4.563526 -439.943104 1030.16928 4.563526 -439.800416 1030.169408 4.558113 -439.47264 1030.170432 4.503715 -439.159328 1030.17248 4.392122 -438.870976 1030.175424 4.226741 -438.617088 1030.179072 4.012958 -438.405504 1030.182976 3.757283 -438.243168 1030.187136 3.467638 -438.13568 1030.191168 3.153775 -438.086208 1030.194816 2.824253 -438.081152 1030.20288 1.796264 -438.128288 1030.204864 1.322994 -438.290112 1030.205568 0.880581 -438.558432 1030.20544 0.494367 -438.916128 1030.204864 0.188028 -439.339488 1030.204096 -0.018617 -439.800416 1030.203712 -0.112803 -439.943104 1030.203712 -0.118217 -439.800032 1030.203712 -0.118217 -439.800032 1029.984256 -8.639191 -439.800032 1029.401984 -17.083642 -439.800032 1028.460928 -25.390012 -439.800032 1027.168192 -33.497756 -140.200016 1027.168192 -33.497756 -140.200016 1028.460928 -25.390012 -140.200016 1029.401984 -17.083642 -140.200016 1029.984256 -8.639191 -140.200016 1030.203712 -0.118217 -240.01896 1028.246336 28.512102 -339.981056 1028.246336 28.512102 -240.01896 1030.081536 7.795582 -339.981056 1030.081536 7.795582 -240.01896 1030.175424 -2.718902 -339.981056 1030.175424 -2.718902 -240.01896 1028.71072 -23.480346 -339.981056 1028.71072 -23.480346 -339.981056 1030.197632 2.539281 -240.01896 1030.197632 2.539281 -240.01896 1029.436032 18.244426 -339.981056 1029.436032 18.244426 -339.981056 1029.827392 13.035461 -240.01896 1029.827392 13.035461 -240.01896 1028.908544 23.408066 -339.981056 1028.908544 23.408066 -240.01896 1027.4512 33.542412 -339.981056 1027.4512 33.542412 -339.981056 1029.7168 -13.182776 -240.01896 1029.7168 -13.182776 -240.01896 1030.01504 -7.964424 -339.981056 1030.01504 -7.964424 -339.981056 1029.2816 -18.359524 -240.01896 1029.2816 -18.359524 -339.981056 1028.005504 -28.531082 -240.01896 1028.005504 -28.531082 -140.200016 1030.82912 -0.192662 -140.200016 1031.452608 -0.103177 -140.200016 1032.031872 0.144173 -140.200016 1032.52768 0.532634 -140.200016 1032.906496 1.035889 -140.200016 1033.142592 1.619846 -140.200016 1033.219968 2.244945 -140.200016 1033.13344 2.868839 -140.200016 1032.888768 3.449263 -140.200016 1032.502592 3.946897 -140.200016 1032.001088 4.32803 -140.200016 1031.418304 4.566841 -140.200016 1030.7936 4.647154 -135.000016 1033.219968 2.227162 -135.000016 1033.1376 1.60082 -135.000016 1032.895744 1.017162 -135.000016 1032.511232 0.515964 -135.000016 1032.009984 0.131381 -135.000016 1031.426368 -0.110377 -135.000016 1030.800064 -0.192837 -135.000016 1030.173696 -0.110377 -135.000016 1029.589952 0.131381 -135.000016 1029.088768 0.515964 -135.000016 1028.704192 1.017162 -135.000016 1028.4624 1.60082 -135.000016 1028.380032 2.227162 -135.000016 1028.4624 2.853504 -135.000016 1028.704192 3.437162 -135.000016 1029.088768 3.938361 -135.000016 1029.589952 4.322944 -135.000016 1030.173696 4.564703 -135.000016 1030.800064 4.647162 -135.000016 1031.426368 4.564703 -135.000016 1032.009984 4.322944 -135.000016 1032.511232 3.938361 -135.000016 1032.895744 3.437162 -135.000016 1033.1376 2.853504 -140.200016 1027.968128 -32.538296 -140.200016 1028.6976 -31.524214 -140.200016 1029.352768 -30.46068 -140.200016 1031.017472 -27.529362 -140.200016 1032.00352 -25.498016 -140.200016 1032.719872 -23.356612 -140.200016 1033.154432 -21.140802 -140.200016 1033.30016 -18.887478 -140.200016 1033.30016 -3.509886 -140.200016 1033.30016 23.341686 -140.200016 1033.154432 25.595066 -140.200016 1032.719872 27.810926 -140.200016 1032.00352 29.952376 -140.200016 1031.017472 31.98376 -140.200016 1029.542336 34.580984 -140.200016 1028.66112 35.975392 -140.200016 1027.652352 37.280624 -439.959808 1029.807872 4.429107 -439.972704 1029.471296 4.23202 -439.982336 1029.16672 3.98076 -439.98912 1028.901632 3.683824 -439.993536 1028.683136 3.349709 -439.996096 1028.518528 2.986912 -439.997248 1028.415168 2.603928 -439.997536 1028.380096 2.209256 -439.997216 1028.418944 1.81449 -439.996032 1028.526848 1.432798 -439.993472 1028.696384 1.07251 -439.989088 1028.920064 0.741902 -439.982336 1029.19008 0.449249 -439.972736 1029.499136 0.202827 -439.95984 1029.839488 0.010913 -438.134272 1030.075072 2.948899 -438.132064 1029.901504 2.510656 -438.128928 1029.87744 2.161778 -438.13664 1029.990464 1.656125 -438.127616 1030.14944 1.42821 -438.225216 1030.097536 1.146164 -438.366784 1030.060544 0.879959 -438.54704 1030.038848 0.634845 -438.838624 1030.033664 0.349613 -439.176928 1030.056512 0.123796 -439.549376 1030.10752 -0.030118 -439.567296 1029.749504 0.126258 -439.195008 1029.73984 0.273734 -438.855936 1029.769024 0.485963 -438.562464 1029.833856 0.751636 -438.38 1029.903808 0.978888 -438.23536 1029.990464 1.225031 -438.13376 1030.092672 1.485311 -438.13648 1030.039168 1.562026 -438.239904 1029.88992 1.329447 -438.386176 1029.756736 1.109259 -438.570144 1029.641984 0.905666 -438.86528 1029.521728 0.667042 -439.205824 1029.44448 0.475478 -439.57936 1029.415744 0.340975 -439.549536 1030.072256 4.47224 -439.17712 1030.02368 4.317595 -438.838784 1030.004544 4.091592 -438.547168 1030.014144 3.806687 -438.366944 1030.039808 3.562139 -438.225344 1030.081024 3.296763 -438.12768 1030.137344 3.015796 -439.569152 1029.676288 4.285439 -439.1968 1029.673472 4.139169 -438.857568 1029.711936 3.929857 -438.563904 1029.787712 3.668574 -438.381184 1029.866688 3.445431 -438.236256 1029.963008 3.203987 -438.136288 1029.966528 2.745629 -439.5816 1029.313216 4.026862 -439.207648 1029.352192 3.896914 -438.866656 1029.443008 3.712944 -438.571136 1029.579072 3.48447 -438.386944 1029.707008 3.289863 -438.240384 1029.854016 3.079622 -438.136736 1030.017344 2.857746 -439.588448 1028.995968 3.70688 -439.211808 1029.071168 3.599568 -438.868672 1029.207424 3.448104 -438.571488 1029.396096 3.260272 -438.386528 1029.566656 3.100404 -438.239712 1029.75808 2.927765 -438.128992 1029.8768 2.282088 -439.591232 1028.73728 3.335863 -439.211584 1028.841664 3.255867 -438.866176 1029.014912 3.142585 -438.56768 1029.246336 3.001878 -438.382496 1029.451648 2.882017 -438.23616 1029.679296 2.752518 -438.13408 1029.924928 2.615842 -439.591552 1028.591296 3.0354 -439.209856 1028.712256 2.977609 -438.862944 1028.90624 2.895275 -438.563744 1029.161728 2.792711 -438.37856 1029.386624 2.705209 -438.232864 1029.634752 2.610587 -438.132736 1029.914304 1.887558 -439.591168 1028.489152 2.716959 -439.207808 1028.621696 2.682377 -438.859744 1028.830208 2.632674 -438.56 1029.102528 2.570502 -438.374976 1029.341184 2.517347 -438.229856 1029.603776 2.459797 -438.130176 1029.88512 2.398964 -439.590624 1028.436032 2.384707 -439.206304 1028.574592 2.373681 -438.857568 1028.790656 2.357695 -438.5576 1029.071872 2.337622 -438.37264 1029.317632 2.320428 -438.227936 1029.587776 2.301795 -439.590592 1028.436736 2.043848 -439.20624 1028.575424 2.056147 -438.857472 1028.791616 2.074336 -438.557472 1029.072768 2.0974 -438.372544 1029.318464 2.117262 -438.22784 1029.58848 2.138864 -439.5912 1028.50976 1.642778 -439.208032 1028.64064 1.68329 -438.860096 1028.846656 1.742053 -438.560416 1029.115968 1.815891 -438.375392 1029.351936 1.879175 -438.23024 1029.611712 1.947801 -438.1304 1029.890112 2.020434 -439.591456 1028.65344 1.264933 -439.210464 1028.76832 1.332934 -438.864032 1028.95424 1.430354 -438.565088 1029.199936 1.552048 -438.379904 1029.416768 1.656031 -438.234016 1029.656384 1.768589 -439.590336 1028.858496 0.917335 -439.211968 1028.950464 1.010939 -438.867488 1029.1072 1.144066 -438.569504 1029.31936 1.309787 -438.384384 1029.5088 1.451131 -438.237824 1029.719744 1.603966 -438.135104 1029.948224 1.765379 -439.586656 1029.115712 0.607009 -439.210944 1029.178496 0.723167 -438.868512 1029.298688 0.888019 -438.57184 1029.46848 1.093021 -438.38704 1029.623552 1.267774 -438.240224 1029.798592 1.456672 -439.800032 1030.7936 4.647154 -439.800032 1031.418304 4.566841 -439.800032 1032.001088 4.32803 -439.800032 1032.502592 3.946897 -439.800032 1032.888768 3.449263 -439.800032 1033.13344 2.868839 -439.800032 1033.219968 2.244945 -439.800032 1033.142592 1.619846 -439.800032 1032.906496 1.035889 -439.800032 1032.52768 0.532634 -439.800032 1032.031872 0.144173 -439.800032 1031.452608 -0.103177 -439.800032 1030.82912 -0.192662 -445 1028.380032 2.227162 -445 1028.4624 1.60082 -445 1028.704192 1.017162 -445 1029.088768 0.515964 -445 1029.589952 0.131381 -445 1030.173696 -0.110377 -445 1030.800064 -0.192837 -445 1031.426368 -0.110377 -445 1032.009984 0.131381 -445 1032.511232 0.515964 -445 1032.895744 1.017162 -445 1033.1376 1.60082 -445 1033.219968 2.227162 -445 1033.1376 2.853504 -445 1032.895744 3.437162 -445 1032.511232 3.938361 -445 1032.009984 4.322944 -445 1031.426368 4.564703 -445 1030.800064 4.647162 -445 1030.173696 4.564703 -445 1029.589952 4.322944 -445 1029.088768 3.938361 -445 1028.704192 3.437162 -445 1028.4624 2.853504 -439.800032 1027.652352 37.280624 -439.800032 1028.66112 35.975392 -439.800032 1029.542336 34.580984 -439.800032 1031.017472 31.98376 -439.800032 1032.00352 29.952376 -439.800032 1032.719872 27.810926 -439.800032 1033.154432 25.595066 -439.800032 1033.30016 23.341686 -439.800032 1033.30016 -3.509886 -439.800032 1033.30016 -18.887478 -439.800032 1033.154432 -21.140802 -439.800032 1032.719872 -23.356612 -439.800032 1032.00352 -25.498016 -439.800032 1031.017472 -27.529362 -439.800032 1029.352768 -30.46068 -439.800032 1028.6976 -31.524214 -439.800032 1027.968128 -32.538296 -183.000016 1032.00352 29.952376 -225.8 1032.00352 29.952376 -268.6 1032.00352 29.952376 -311.4 1032.00352 29.952376 -354.2 1032.00352 29.952376 -397 1032.00352 29.952376 -183.000016 1032.719872 27.810926 -225.8 1032.719872 27.810926 -268.6 1032.719872 27.810926 -311.4 1032.719872 27.810926 -354.2 1032.719872 27.810926 -397 1032.719872 27.810926 -183.000016 1033.154432 25.595066 -225.8 1033.154432 25.595066 -268.6 1033.154432 25.595066 -311.4 1033.154432 25.595066 -354.2 1033.154432 25.595066 -397 1033.154432 25.595066 -389.866656 1028.172096 36.6399 -339.933344 1028.172096 36.6399 -290 1028.172096 36.6399 -240.066688 1028.172096 36.6399 -190.133344 1028.172096 36.6399 -183.000016 1033.154432 -21.140802 -225.8 1033.154432 -21.140802 -268.6 1033.154432 -21.140802 -311.4 1033.154432 -21.140802 -354.2 1033.154432 -21.140802 -397 1033.154432 -21.140802 -183.000016 1032.719872 -23.356612 -225.8 1032.719872 -23.356612 -268.6 1032.719872 -23.356612 -311.4 1032.719872 -23.356612 -354.2 1032.719872 -23.356612 -397 1032.719872 -23.356612 -183.000016 1032.00352 -25.498016 -225.8 1032.00352 -25.498016 -268.6 1032.00352 -25.498016 -311.4 1032.00352 -25.498016 -354.2 1032.00352 -25.498016 -397 1032.00352 -25.498016 -177.650016 1028.341888 -32.037766 -215.1 1028.341888 -32.037766 -252.55 1028.341888 -32.037766 -290 1028.341888 -32.037766 -327.450016 1028.341888 -32.037766 -364.9 1028.341888 -32.037766 -402.350016 1028.341888 -32.037766</float_array>
          <technique_common>
            <accessor source="#pos_11-array" count="1506" stride="3">
              <param name="X" type="float"/>
              <param name="Y" type="float"/>
              <param name="Z" type="float"/>
            </accessor>
          </technique_common>
        </source>
        <vertices id="vert_11">
          <input semantic="POSITION" source="#pos_11"/>
        </vertices>
        <triangles count="1000" material="mat_16">
          <input semantic="VERTEX" source="#vert_11" offset="0"/>
          <p>0 1 3 3 1 2 4 5 7 7 5 6 5 0 6 6 0 3 7 8 4 4 8 9 10 11 42 42 11 54 42 54 41 41 54 67 41 67 40 40 67 149 40 149 39 39 149 142 39 142 38 38 142 136 38 136 37 37 136 129 37 129 36 36 129 123 36 123 35 35 123 117 35 117 34 34 117 110 34 110 33 33 110 103 33 103 32 32 103 96 32 96 31 31 96 89 31 89 30 30 89 82 30 82 29 29 82 75 29 75 28 28 75 68 28 68 26 26 68 25 25 68 69 25 69 24 24 69 23 23 69 70 23 70 22 22 70 71 22 71 21 21 71 72 21 72 20 20 72 73 20 73 19 19 73 74 19 74 18 18 74 43 18 43 88 88 43 80 88 80 87 87 80 79 87 79 86 86 79 78 86 78 85 85 78 77 85 77 84 84 77 76 84 76 83 83 76 75 83 75 82 54 11 53 53 11 12 53 12 52 52 12 13 52 13 51 51 13 14 51 14 50 50 14 15 50 15 49 49 15 48 49 48 58 58 48 59 58 59 63 63 59 62 63 62 153 153 62 154 153 154 146 146 154 147 146 147 140 140 147 141 140 141 133 133 141 134 133 134 127 127 134 128 127 128 121 121 128 122 121 122 114 114 122 115 114 115 107 107 115 108 107 108 100 100 108 101 100 101 93 93 101 94 93 94 86 86 94 87 15 16 48 48 16 47 48 47 59 59 47 60 59 60 62 62 60 61 62 61 154 154 61 46 154 46 147 147 46 148 147 148 141 141 148 109 141 109 134 134 109 135 134 135 128 128 135 45 128 45 122 122 45 95 122 95 115 115 95 116 115 116 108 108 116 44 108 44 101 101 44 102 101 102 94 94 102 81 94 81 87 87 81 88 16 17 47 47 17 60 18 95 17 17 95 45 17 45 135 26 27 28 81 102 18 18 102 44 18 44 116 109 148 17 17 148 46 17 46 61 61 60 17 50 49 57 57 49 58 57 58 64 64 58 63 64 63 152 152 63 153 152 153 145 145 153 146 145 146 139 139 146 140 139 140 132 132 140 133 132 133 126 126 133 127 126 127 120 120 127 121 120 121 113 113 121 114 113 114 106 106 114 107 106 107 99 99 107 100 99 100 92 92 100 93 92 93 85 85 93 86 51 50 56 56 50 57 56 57 65 65 57 64 65 64 151 151 64 152 151 152 144 144 152 145 144 145 138 138 145 139 138 139 131 131 139 132 131 132 125 125 132 126 125 126 119 119 126 120 119 120 112 112 120 113 112 113 105 105 113 106 105 106 98 98 106 99 98 99 91 91 99 92 91 92 84 84 92 85 54 53 52 52 51 55 55 51 56 55 56 66 66 56 65 66 65 150 150 65 151 150 151 143 143 151 144 143 144 137 137 144 138 137 138 130 130 138 131 130 131 124 124 131 125 124 125 118 118 125 119 118 119 111 111 119 112 111 112 104 104 112 105 104 105 97 97 105 98 97 98 90 90 98 91 90 91 83 83 91 84 54 55 67 67 55 66 67 66 149 149 66 150 149 150 142 142 150 143 142 143 136 136 143 137 136 137 129 129 137 130 129 130 123 123 130 124 123 124 117 117 124 118 117 118 110 110 118 111 110 111 103 103 111 104 103 104 96 96 104 97 96 97 89 89 97 90 89 90 82 82 90 83 55 54 52 75 76 68 68 76 69 76 77 69 69 77 70 77 78 70 70 78 71 78 79 71 71 79 72 43 74 73 79 80 72 72 80 73 81 18 88 80 43 73 95 18 116 109 17 135 10 155 11 11 155 12 12 155 195 12 195 202 202 195 196 202 196 201 201 196 167 201 167 168 155 156 195 195 156 206 195 206 205 205 206 204 205 204 163 163 204 162 162 204 208 162 208 194 194 208 207 194 207 193 193 207 157 193 157 158 206 156 203 203 156 157 203 157 207 193 158 209 209 158 159 209 159 160 209 160 210 210 160 161 210 161 194 194 161 162 205 163 196 196 163 164 196 164 167 167 164 166 166 164 165 168 169 201 201 169 170 201 170 171 171 172 201 201 172 173 201 173 174 174 175 201 201 175 176 201 176 177 177 178 201 201 178 179 201 179 180 180 181 201 201 181 198 201 198 197 197 198 213 197 213 191 191 213 212 191 212 190 190 212 216 190 216 199 199 216 215 199 215 200 200 215 185 200 185 186 182 183 181 181 183 198 183 184 198 198 184 214 198 214 213 213 214 212 214 184 211 211 184 185 211 185 215 200 186 217 217 186 187 217 187 188 217 188 218 218 188 189 218 189 199 199 189 190 191 192 197 197 192 26 197 26 202 202 26 25 202 25 24 192 27 26 24 23 202 202 23 22 202 22 21 21 20 202 202 20 19 202 19 18 18 17 202 202 17 16 202 16 15 15 14 202 202 14 13 202 13 12 205 196 195 197 202 201 208 204 203 203 204 206 207 208 203 194 193 210 210 193 209 216 212 211 211 212 214 215 216 211 199 200 218 218 200 217 155 10 249 249 10 42 249 42 248 248 42 41 248 41 247 247 41 40 247 40 39 247 39 246 246 39 38 246 38 37 246 37 245 245 37 36 245 36 244 244 36 35 244 35 34 244 34 243 243 34 33 243 33 242 242 33 32 242 32 31 242 31 241 241 31 30 241 30 240 240 30 29 240 29 28 240 28 239 239 28 27 239 27 238 238 27 192 238 192 219 238 219 237 237 219 220 237 220 236 236 220 221 236 221 235 235 221 222 235 222 234 234 222 223 234 223 233 233 223 224 233 224 232 232 224 225 232 225 255 255 225 226 255 226 254 254 226 227 254 227 253 253 227 228 253 228 252 252 228 229 252 229 251 251 229 230 251 230 250 250 230 231 250 231 249 249 231 155 255 245 232 232 245 244 232 244 233 233 244 243 233 243 234 234 243 242 234 242 235 235 242 241 235 241 236 236 241 240 236 240 237 237 240 239 237 239 238 245 255 246 246 255 254 246 254 247 247 254 253 247 253 248 248 253 252 248 252 249 249 252 251 249 251 250 155 231 156 156 231 230 156 230 268 268 230 229 268 229 267 267 229 265 267 265 266 229 228 265 265 228 2 2 228 227 2 227 226 226 225 2 2 225 3 3 225 6 6 225 7 7 225 224 7 224 223 223 222 7 7 222 8 8 222 221 8 221 263 263 221 261 263 261 262 261 221 260 260 221 220 260 220 191 191 220 219 191 219 192 260 191 259 259 191 190 259 190 258 258 190 189 258 189 257 257 189 256 256 189 188 263 264 8 268 269 156 156 269 157 157 269 270 157 270 271 157 271 158 158 271 272 158 272 159 182 181 287 287 181 299 287 299 286 286 299 312 286 312 285 285 312 394 285 394 284 284 394 387 284 387 283 283 387 381 283 381 282 282 381 374 282 374 281 281 374 368 281 368 280 280 368 362 280 362 279 279 362 355 279 355 278 278 355 348 278 348 277 277 348 341 277 341 276 276 341 334 276 334 275 275 334 327 275 327 274 274 327 320 274 320 273 273 320 313 273 313 166 166 313 167 167 313 314 167 314 168 168 314 169 169 314 315 169 315 170 170 315 316 170 316 171 171 316 317 171 317 172 172 317 318 172 318 173 173 318 319 173 319 174 174 319 288 174 288 333 333 288 325 333 325 332 332 325 324 332 324 331 331 324 323 331 323 330 330 323 322 330 322 329 329 322 321 329 321 328 328 321 320 328 320 327 299 181 298 298 181 180 298 180 297 297 180 179 297 179 296 296 179 178 296 178 295 295 178 177 295 177 294 294 177 293 294 293 303 303 293 304 303 304 308 308 304 307 308 307 398 398 307 399 398 399 391 391 399 392 391 392 385 385 392 386 385 386 378 378 386 379 378 379 372 372 379 373 372 373 366 366 373 367 366 367 359 359 367 360 359 360 352 352 360 353 352 353 345 345 353 346 345 346 338 338 346 339 338 339 331 331 339 332 177 176 293 293 176 292 293 292 304 304 292 305 304 305 307 307 305 306 307 306 399 399 306 291 399 291 392 392 291 393 392 393 386 386 393 354 386 354 379 379 354 380 379 380 373 373 380 290 373 290 367 367 290 340 367 340 360 360 340 361 360 361 353 353 361 289 353 289 346 346 289 347 346 347 339 339 347 326 339 326 332 332 326 333 176 175 292 292 175 305 174 340 175 175 340 290 175 290 380 166 165 273 326 347 174 174 347 289 174 289 361 354 393 175 175 393 291 175 291 306 306 305 175 295 294 302 302 294 303 302 303 309 309 303 308 309 308 397 397 308 398 397 398 390 390 398 391 390 391 384 384 391 385 384 385 377 377 385 378 377 378 371 371 378 372 371 372 365 365 372 366 365 366 358 358 366 359 358 359 351 351 359 352 351 352 344 344 352 345 344 345 337 337 345 338 337 338 330 330 338 331 296 295 301 301 295 302 301 302 310 310 302 309 310 309 396 396 309 397 396 397 389 389 397 390 389 390 383 383 390 384 383 384 376 376 384 377 376 377 370 370 377 371 370 371 364 364 371 365 364 365 357 357 365 358 357 358 350 350 358 351 350 351 343 343 351 344 343 344 336 336 344 337 336 337 329 329 337 330 299 298 297 297 296 300 300 296 301 300 301 311 311 301 310 311 310 395 395 310 396 395 396 388 388 396 389 388 389 382 382 389 383 382 383 375 375 383 376 375 376 369 369 376 370 369 370 363 363 370 364 363 364 356 356 364 357 356 357 349 349 357 350 349 350 342 342 350 343 342 343 335 335 343 336 335 336 328 328 336 329 299 300 312 312 300 311 312 311 394 394 311 395 394 395 387 387 395 388 387 388 381 381 388 382 381 382 374 374 382 375 374 375 368 368 375 369 368 369 362 362 369 363 362 363 355 355 363 356 355 356 348 348 356 349 348 349 341 341 349 342 341 342 334 334 342 335 334 335 327 327 335 328 300 299 297 320 321 313 313 321 314 321 322 314 314 322 315 322 323 315 315 323 316 323 324 316 316 324 317 288 319 318 324 325 317 317 325 318 326 174 333 325 288 318 340 174 361 354 175 380 287 418 182 182 418 419 182 419 412 412 419 420 412 420 411 411 420 421 411 421 410 410 421 422 410 422 409 409 422 423 409 423 408 408 423 424 408 424 407 407 424 425 407 425 406 406 425 426 406 426 405 405 426 427 405 427 404 404 427 428 404 428 403 403 428 429 403 429 402 402 429 430 402 430 401 401 430 431 401 431 400 400 431 432 400 432 164 164 432 165 165 432 273 273 432 433 273 433 274 274 433 434 274 434 275 275 434 276 276 434 435 276 435 277 277 435 278 278 435 436 278 436 279 279 436 413 279 413 280 280 413 281 281 413 414 281 414 282 282 414 415 282 415 283 283 415 284 284 415 416 284 416 285 285 416 286 286 416 417 286 417 287 287 417 418 412 183 182 436 426 413 413 426 425 413 425 414 414 425 424 414 424 415 415 424 423 415 423 416 416 423 422 416 422 417 417 422 421 417 421 418 418 421 420 418 420 419 426 436 427 427 436 435 427 435 428 428 435 434 428 434 429 429 434 433 429 433 430 430 433 432 430 432 431 183 412 184 184 412 411 184 411 449 449 411 410 449 410 448 448 410 446 448 446 447 446 410 9 9 410 409 9 409 4 4 409 408 4 408 407 407 406 4 4 406 5 5 406 0 0 406 1 1 406 405 1 405 404 404 403 1 1 403 444 444 403 402 444 402 442 442 402 441 441 402 401 441 401 163 163 401 400 163 400 164 441 163 440 440 163 162 440 162 439 439 162 438 438 162 161 438 161 437 437 161 160 442 443 444 9 445 446 449 450 184 184 450 185 185 450 451 185 451 186 186 451 452 186 452 453 453 187 186 264 445 8 8 445 9 268 454 269 269 454 455 269 455 456 456 455 462 456 462 463 463 462 469 463 469 470 470 469 444 470 444 471 471 444 443 471 443 465 465 443 442 465 442 459 459 442 441 459 441 440 454 268 460 460 268 267 460 267 466 466 267 266 466 266 265 444 468 265 265 468 467 265 467 466 466 467 460 269 457 440 440 457 458 440 458 459 459 458 465 457 269 456 455 454 461 461 454 460 461 460 467 456 463 457 457 463 464 457 464 458 458 464 465 455 461 462 462 461 468 462 468 469 469 468 444 468 461 467 471 465 464 471 464 470 470 464 463 440 439 269 269 439 270 438 472 439 439 472 473 439 473 474 474 473 159 474 159 475 475 159 476 475 476 271 271 476 272 272 476 159 438 437 472 472 437 473 160 159 437 437 159 473 270 439 271 271 439 475 475 439 474 262 477 263 263 477 478 263 478 479 479 478 485 479 485 486 486 485 492 486 492 493 493 492 450 493 450 494 494 450 449 494 449 488 488 449 448 488 448 482 482 448 447 482 447 446 477 262 483 483 262 261 483 261 489 489 261 260 489 260 259 450 491 259 259 491 490 259 490 489 489 490 483 263 480 446 446 480 481 446 481 482 482 481 488 480 263 479 478 477 484 484 477 483 484 483 490 479 486 480 480 486 487 480 487 481 481 487 488 478 484 485 485 484 491 485 491 492 492 491 450 491 484 490 494 488 487 494 487 493 493 487 486 259 258 450 450 258 451 257 495 258 258 495 496 258 496 497 497 496 256 497 256 187 187 256 188 257 256 495 495 256 496 453 501 187 187 501 500 187 500 499 499 500 452 499 452 258 258 452 451 453 452 501 501 452 500 499 258 498 498 258 497 498 497 187 187 499 498 1 444 2 2 444 265 446 445 263 263 445 264</p>
        </triangles>
      </mesh>
    </geometry>
    <geometry id="geometry_0f07fcde_0ff3_4b00_8cb0_6310e00bbcfd">
      <mesh>
        <source id="pos_12">
          <float_array id="pos_12-array" count="603">-120.000008 1028.300032 2.227162 -120.000008 1028.385152 1.580115 -120.000008 1028.63488 0.977162 -120.000008 1029.032256 0.459395 -120.000008 1029.55008 0.062099 -120.000008 1030.15296 -0.187652 -120.000008 1030.800064 -0.272837 -120.000008 1031.44704 -0.187652 -120.000008 1032.050048 0.062099 -120.000008 1032.567744 0.459395 -120.000008 1032.965056 0.977162 -120.000008 1033.214848 1.580115 -120.000008 1033.300032 2.227162 -120.000008 1033.214848 2.87421 -120.000008 1032.965056 3.477162 -120.000008 1032.567744 3.994929 -120.000008 1032.050048 4.392226 -120.000008 1031.44704 4.641977 -120.000008 1030.800064 4.727162 -120.000008 1030.15296 4.641977 -120.000008 1029.55008 4.392226 -120.000008 1029.032256 3.994929 -120.000008 1028.63488 3.477162 -120.000008 1028.385152 2.87421 -140.000016 1028.300032 2.227162 -140.000016 1028.385152 2.87421 -140.000016 1028.63488 3.477162 -140.000016 1029.032256 3.994929 -140.000016 1029.55008 4.392226 -140.000016 1030.15296 4.641977 -140.000016 1030.800064 4.727162 -140.000016 1031.44704 4.641977 -140.000016 1032.050048 4.392226 -140.000016 1032.567744 3.994929 -140.000016 1032.965056 3.477162 -140.000016 1033.214848 2.87421 -140.000016 1033.300032 2.227162 -140.000016 1033.214848 1.580115 -140.000016 1032.965056 0.977162 -140.000016 1032.567744 0.459395 -140.000016 1032.050048 0.062099 -140.000016 1031.44704 -0.187652 -140.000016 1030.800064 -0.272837 -140.000016 1030.15296 -0.187652 -140.000016 1029.55008 0.062099 -140.000016 1029.032256 0.459395 -140.000016 1028.63488 0.977162 -140.000016 1028.385152 1.580115 -130.000016 1028.300032 2.227162 -130.000016 1028.385152 1.580115 -130.000016 1028.63488 0.977162 -130.000016 1029.032256 0.459395 -130.000016 1029.55008 0.062099 -130.000016 1030.15296 -0.187652 -130.000016 1030.800064 -0.272837 -130.000016 1031.44704 -0.187652 -130.000016 1032.050048 0.062099 -130.000016 1032.567744 0.459395 -130.000016 1032.965056 0.977162 -130.000016 1033.214848 1.580115 -130.000016 1033.300032 2.227162 -130.000016 1033.214848 2.87421 -130.000016 1032.965056 3.477162 -130.000016 1032.567744 3.994929 -130.000016 1032.050048 4.392226 -130.000016 1031.44704 4.641977 -130.000016 1030.800064 4.727162 -130.000016 1030.15296 4.641977 -130.000016 1029.55008 4.392226 -130.000016 1029.032256 3.994929 -130.000016 1028.63488 3.477162 -130.000016 1028.385152 2.87421 -120.000008 1035.800064 -2.772837 -120.000008 1035.714816 -3.419885 -120.000008 1035.465088 -4.022837 -120.000008 1035.067776 -4.540604 -120.000008 1034.55008 -4.937901 -120.000008 1033.947008 -5.187652 -120.000008 1033.300032 -5.272837 -140.000016 1033.300032 -5.272837 -140.000016 1033.947008 -5.187652 -140.000016 1034.55008 -4.937901 -140.000016 1035.067776 -4.540604 -140.000016 1035.465088 -4.022837 -140.000016 1035.714816 -3.419885 -140.000016 1035.800064 -2.772837 -130.000016 1035.714816 -3.419885 -130.000016 1035.465088 -4.022837 -130.000016 1035.067776 -4.540604 -130.000016 1034.55008 -4.937901 -130.000016 1033.947008 -5.187652 -140.000016 1035.800064 38.96416 -120.000008 1035.800064 38.96416 -120.000008 1035.765888 39.22298 -120.000008 1035.665984 39.46416 -120.000008 1035.507072 39.671268 -120.000008 1035.300032 39.830188 -120.000008 1035.058816 39.930088 -120.000008 1034.800064 39.96416 -120.000008 1020.8 39.96416 -120.000008 1020.8 41.500008 -120.000008 1009.325952 41.500008 -120.000008 1009.325952 39.96416 -120.000008 1004.325952 39.96416 -120.000008 1004.325952 35.96416 -120.000008 1025.800064 35.96416 -120.000008 1025.800064 -2.772837 -120.000008 1025.88512 -3.419885 -120.000008 1026.134912 -4.022837 -120.000008 1026.532224 -4.540604 -120.000008 1027.050048 -4.937901 -120.000008 1027.652928 -5.187652 -120.000008 1028.300032 -5.272837 -140.000016 1025.800064 -2.772837 -140.000016 1025.88512 -3.419885 -140.000016 1026.134912 -4.022837 -140.000016 1026.532224 -4.540604 -140.000016 1027.050048 -4.937901 -140.000016 1027.652928 -5.187652 -140.000016 1028.300032 -5.272837 -130.000016 1025.88512 -3.419885 -130.000016 1026.134912 -4.022837 -130.000016 1026.532224 -4.540604 -130.000016 1027.050048 -4.937901 -130.000016 1027.652928 -5.187652 -140.000016 1025.800064 35.96416 -140.000016 1004.325952 35.96416 -140.000016 1004.325952 39.96416 -140.000016 1009.325952 39.96416 -140.000016 1009.325952 41.500008 -140.000016 1020.8 41.500008 -140.000016 1020.8 39.96416 -140.000016 1034.800064 39.96416 -140.000016 1035.058816 39.930088 -140.000016 1035.300032 39.830188 -140.000016 1035.507072 39.671268 -140.000016 1035.665984 39.46416 -140.000016 1035.765888 39.22298 -125.000008 1035.058816 39.930088 -130.000016 1035.058816 39.930088 -135.000016 1035.058816 39.930088 -125.000008 1035.300032 39.830188 -130.000016 1035.300032 39.830188 -135.000016 1035.300032 39.830188 -125.000008 1035.507072 39.671268 -130.000016 1035.507072 39.671268 -135.000016 1035.507072 39.671268 -125.000008 1035.665984 39.46416 -130.000016 1035.665984 39.46416 -135.000016 1035.665984 39.46416 -125.000008 1035.765888 39.22298 -130.000016 1035.765888 39.22298 -135.000016 1035.765888 39.22298 -130.000016 1017.563008 35.96416 -130.647048 1017.47776 35.96416 -131.250016 1017.228032 35.96416 -131.767776 1016.83072 35.96416 -132.165072 1016.31296 35.96416 -132.414824 1015.710016 35.96416 -132.500016 1015.062976 35.96416 -132.414824 1014.415936 35.96416 -132.165072 1013.812992 35.96416 -131.767776 1013.295232 35.96416 -131.250016 1012.89792 35.96416 -130.647048 1012.648128 35.96416 -130.000016 1012.563008 35.96416 -129.352968 1012.648128 35.96416 -128.750016 1012.89792 35.96416 -128.23224 1013.295232 35.96416 -127.834944 1013.812992 35.96416 -127.5852 1014.415936 35.96416 -127.500008 1015.062976 35.96416 -127.5852 1015.710016 35.96416 -127.834944 1016.31296 35.96416 -128.23224 1016.83072 35.96416 -128.750016 1017.228032 35.96416 -129.352968 1017.47776 35.96416 -130.000016 1017.563008 41.500008 -129.352968 1017.47776 41.500008 -128.750016 1017.228032 41.500008 -128.23224 1016.83072 41.500008 -127.834944 1016.31296 41.500008 -127.5852 1015.710016 41.500008 -127.500008 1015.062976 41.500008 -127.5852 1014.415936 41.500008 -127.834944 1013.812992 41.500008 -128.23224 1013.295232 41.500008 -128.750016 1012.89792 41.500008 -129.352968 1012.648128 41.500008 -130.000016 1012.563008 41.500008 -130.647048 1012.648128 41.500008 -131.250016 1012.89792 41.500008 -131.767776 1013.295232 41.500008 -132.165072 1013.812992 41.500008 -132.414824 1014.415936 41.500008 -132.500016 1015.062976 41.500008 -132.414824 1015.710016 41.500008 -132.165072 1016.31296 41.500008 -131.767776 1016.83072 41.500008 -131.250016 1017.228032 41.500008 -130.647048 1017.47776 41.500008</float_array>
          <technique_common>
            <accessor source="#pos_12-array" count="603" stride="3">
              <param name="X" type="float"/>
              <param name="Y" type="float"/>
              <param name="Z" type="float"/>
            </accessor>
          </technique_common>
        </source>
        <vertices id="vert_12">
          <input semantic="POSITION" source="#pos_12"/>
        </vertices>
        <triangles count="406" material="mat_16">
          <input semantic="VERTEX" source="#vert_12" offset="0"/>
          <p>1 49 0 0 49 48 0 48 23 23 48 71 23 71 22 22 71 70 22 70 21 21 70 69 21 69 20 20 69 68 20 68 19 19 68 67 19 67 18 18 67 66 18 66 17 17 66 65 17 65 16 16 65 64 16 64 15 15 64 63 15 63 14 14 63 62 14 62 13 13 62 61 13 61 12 12 61 60 12 60 11 11 60 59 11 59 10 10 59 58 10 58 9 9 58 57 9 57 8 8 57 56 8 56 7 7 56 55 7 55 6 6 55 54 6 54 5 5 54 53 5 53 4 4 53 52 4 52 3 3 52 51 3 51 2 2 51 50 2 50 1 1 50 49 25 71 24 24 71 48 24 48 47 47 48 49 47 49 46 46 49 50 46 50 45 45 50 51 45 51 44 44 51 52 44 52 43 43 52 53 43 53 42 42 53 54 42 54 41 41 54 55 41 55 40 40 55 56 40 56 39 39 56 57 39 57 38 38 57 58 38 58 37 37 58 59 37 59 36 36 59 60 36 60 35 35 60 61 35 61 34 34 61 62 34 62 33 33 62 63 33 63 32 32 63 64 32 64 31 31 64 65 31 65 30 30 65 66 30 66 29 29 66 67 29 67 28 28 67 68 28 68 27 27 68 69 27 69 26 26 69 70 26 70 25 25 70 71 85 72 86 86 72 73 86 73 87 87 73 74 87 74 88 88 74 75 88 75 89 89 75 76 89 76 90 90 76 77 90 77 78 78 79 90 90 79 80 90 80 89 89 80 81 89 81 88 88 81 82 88 82 87 87 82 83 87 83 86 86 83 84 86 84 85 85 91 72 72 91 92 1 0 106 106 0 23 106 23 105 105 23 22 105 22 21 21 20 105 105 20 19 105 19 18 18 17 105 105 17 92 105 92 98 98 92 97 97 92 96 96 92 95 95 92 94 94 92 93 17 16 92 92 16 15 92 15 14 14 13 92 92 13 72 72 13 12 72 12 11 11 10 72 72 10 9 72 9 76 76 9 77 77 9 78 78 9 8 78 8 7 7 6 78 78 6 112 112 6 5 112 5 4 4 3 112 112 3 111 111 3 110 110 3 106 110 106 109 109 106 108 108 106 107 3 2 106 106 2 1 76 75 72 72 75 74 72 74 73 98 99 105 105 99 104 104 99 102 104 102 103 99 100 102 102 100 101 106 113 120 120 113 114 120 114 121 121 114 115 121 115 122 122 115 116 122 116 123 123 116 117 123 117 124 124 117 118 124 118 119 119 112 124 124 112 111 124 111 123 123 111 110 123 110 122 122 110 109 122 109 121 121 109 108 121 108 120 120 108 107 120 107 106 113 106 125 125 106 105 78 112 79 79 112 119 25 24 113 113 24 47 113 47 46 46 45 113 113 45 117 113 117 116 44 119 45 45 119 118 45 118 117 44 43 119 119 43 42 119 42 79 79 42 41 79 41 40 40 39 79 79 39 80 80 39 81 81 39 85 81 85 82 82 85 83 83 85 84 39 38 85 85 38 37 85 37 36 36 35 85 85 35 91 91 35 34 91 34 33 33 32 91 91 32 31 91 31 125 125 31 30 125 30 29 29 28 125 125 28 27 125 27 26 26 25 125 125 25 113 116 115 113 113 115 114 126 131 125 125 131 132 125 132 91 91 132 133 91 133 134 127 128 126 126 128 131 128 129 131 131 129 130 134 135 91 91 135 136 91 136 137 104 103 126 126 103 127 103 102 127 127 102 128 97 138 98 98 138 139 98 139 132 132 139 140 132 140 133 133 140 134 134 140 143 134 143 135 135 143 146 135 146 136 136 146 149 136 149 137 137 149 152 137 152 91 91 152 151 91 151 92 92 151 150 92 150 93 93 150 94 94 150 147 94 147 95 95 147 144 95 144 96 96 144 141 96 141 97 97 141 138 143 140 139 139 138 142 142 138 141 142 141 145 145 141 144 145 144 148 148 144 147 148 147 151 151 147 150 146 143 142 142 143 139 146 142 145 149 146 145 149 145 148 152 149 148 152 148 151 132 131 98 98 131 99 126 165 104 104 165 166 104 166 167 125 159 126 126 159 160 126 160 161 105 153 125 125 153 154 125 154 155 104 171 105 105 171 172 105 172 173 155 156 125 125 156 157 125 157 158 158 159 125 161 162 126 126 162 163 126 163 164 164 165 126 167 168 104 104 168 169 104 169 170 170 171 104 173 174 105 105 174 175 105 175 176 176 153 105 100 99 130 130 99 131 178 100 177 177 100 130 177 130 200 200 130 199 199 130 198 198 130 197 197 130 196 196 130 195 195 130 129 195 129 194 194 129 193 193 129 192 192 129 191 191 129 190 190 129 189 189 129 101 189 101 188 188 101 187 187 101 186 186 101 185 185 101 184 184 101 183 183 101 100 183 100 182 182 100 181 181 100 180 180 100 179 179 100 178 102 101 128 128 101 129 176 178 153 153 178 177 153 177 154 154 177 200 154 200 155 155 200 199 155 199 156 156 199 198 156 198 157 157 198 197 157 197 158 158 197 196 158 196 159 159 196 195 159 195 160 160 195 194 160 194 161 161 194 193 161 193 162 162 193 192 162 192 163 163 192 191 163 191 164 164 191 190 164 190 165 165 190 189 165 189 166 166 189 188 166 188 167 167 188 187 167 187 168 168 187 186 168 186 169 169 186 185 169 185 170 170 185 184 170 184 171 171 184 183 171 183 172 172 183 182 172 182 173 173 182 181 173 181 174 174 181 180 174 180 175 175 180 179 175 179 176 176 179 178</p>
        </triangles>
      </mesh>
    </geometry>
    <geometry id="geometry_9c389d27_9eb1_40aa_9008_cd154ba54029">
      <mesh>
        <source id="pos_13">
          <float_array id="pos_13-array" count="1002">-20.13844 991.900032 56.228492 -20.13844 991.900032 63.902592 -15.83844 991.900032 63.902592 -15.83844 991.900032 56.228492 -20.13844 995.099968 56.228492 -15.83844 995.099968 56.228492 -20.13844 995.099968 63.902592 -15.83844 995.099968 63.902592 -20.13844 995 40.328492 -20.13844 994.965952 40.069676 -20.13844 994.866048 39.828492 -20.13844 994.707072 39.621388 -20.13844 994.499968 39.462468 -20.13844 994.25888 39.362568 -20.13844 994 39.328492 -20.13844 978 39.328492 -20.13844 978 49.328492 -20.13844 986 49.328492 -20.13844 986 70.802544 -20.13844 978 70.802544 -20.13844 978 80.802544 -20.13844 994 80.802544 -20.13844 994.25888 80.768472 -20.13844 994.499968 80.66856 -20.13844 994.707072 80.509648 -20.13844 994.866048 80.302544 -20.13844 994.965952 80.06136 -20.13844 995 79.802544 -20.13844 995 65.802588 -20.13844 996.535808 65.802588 -20.13844 996.535808 54.328492 -20.13844 995 54.328492 -0.13844 991.900032 63.902592 -0.13844 991.900032 56.228492 -4.43844 991.900032 56.228492 -4.43844 991.900032 63.902592 -0.13844 995.099968 63.902592 -4.43844 995.099968 63.902592 -0.13844 995.099968 56.228492 -4.43844 995.099968 56.228492 -0.13844 994 39.328492 -0.13844 994.25888 39.362568 -0.13844 994.499968 39.462468 -0.13844 994.707072 39.621388 -0.13844 994.866048 39.828492 -0.13844 994.965952 40.069676 -0.13844 995 40.328492 -0.13844 995 54.328492 -0.13844 996.535808 54.328492 -0.13844 996.535808 65.802588 -0.13844 995 65.802588 -0.13844 995 79.802544 -0.13844 994.965952 80.06136 -0.13844 994.866048 80.302544 -0.13844 994.707072 80.509648 -0.13844 994.499968 80.66856 -0.13844 994.25888 80.768472 -0.13844 994 80.802544 -0.13844 978 80.802544 -0.13844 978 70.802544 -0.13844 986 70.802544 -0.13844 986 49.328492 -0.13844 978 49.328492 -0.13844 978 39.328492 -5.13844 994.965952 40.069676 -10.13844 994.965952 40.069676 -15.13844 994.965952 40.069676 -5.13844 994.866048 39.828492 -10.13844 994.866048 39.828492 -15.13844 994.866048 39.828492 -5.13844 994.707072 39.621388 -10.13844 994.707072 39.621388 -15.13844 994.707072 39.621388 -5.13844 994.499968 39.462468 -10.13844 994.499968 39.462468 -15.13844 994.499968 39.462468 -5.13844 994.25888 39.362568 -10.13844 994.25888 39.362568 -15.13844 994.25888 39.362568 -5.13844 994.25888 80.768472 -10.13844 994.25888 80.768472 -15.13844 994.25888 80.768472 -5.13844 994.499968 80.66856 -10.13844 994.499968 80.66856 -15.13844 994.499968 80.66856 -5.13844 994.707072 80.509648 -10.13844 994.707072 80.509648 -15.13844 994.707072 80.509648 -5.13844 994.866048 80.302544 -10.13844 994.866048 80.302544 -15.13844 994.866048 80.302544 -5.13844 994.965952 80.06136 -10.13844 994.965952 80.06136 -15.13844 994.965952 80.06136 -10.125906 995 73.07756 -9.420624 995 73.170408 -8.763406 995 73.442632 -8.19904 995 73.875696 -7.765987 995 74.440056 -7.493758 995 75.097272 -7.400906 995 75.80256 -7.493758 995 76.50784 -7.765987 995 77.165056 -8.19904 995 77.729424 -8.763406 995 78.162472 -9.420624 995 78.434704 -10.125906 995 78.52756 -10.831188 995 78.434704 -11.488406 995 78.162472 -12.052772 995 77.729424 -12.485826 995 77.165056 -12.758054 995 76.50784 -12.850906 995 75.80256 -12.758054 995 75.097272 -12.485826 995 74.440056 -12.052772 995 73.875696 -11.488406 995 73.442632 -10.831188 995 73.170408 -10.13844 995 41.603492 -10.843722 995 41.696348 -11.50094 995 41.968576 -12.065306 995 42.401628 -12.49836 995 42.965992 -12.770588 995 43.623212 -12.86344 995 44.328492 -12.770588 995 45.033776 -12.49836 995 45.690996 -12.065306 995 46.25536 -11.50094 995 46.688412 -10.843722 995 46.96064 -10.13844 995 47.053492 -9.433158 995 46.96064 -8.77594 995 46.688412 -8.211573 995 46.25536 -7.77852 995 45.690996 -7.506292 995 45.033776 -7.41344 995 44.328492 -7.506292 995 43.623212 -7.77852 995 42.965992 -8.211573 995 42.401628 -8.77594 995 41.968576 -9.433158 995 41.696348 -10.13844 978 41.603492 -9.433158 978 41.696348 -8.77594 978 41.968576 -8.211573 978 42.401628 -7.77852 978 42.965992 -7.506292 978 43.623212 -7.41344 978 44.328492 -7.506292 978 45.033776 -7.77852 978 45.690996 -8.211573 978 46.25536 -8.77594 978 46.688412 -9.433158 978 46.96064 -10.13844 978 47.053492 -10.843722 978 46.96064 -11.50094 978 46.688412 -12.065306 978 46.25536 -12.49836 978 45.690996 -12.770588 978 45.033776 -12.86344 978 44.328492 -12.770588 978 43.623212 -12.49836 978 42.965992 -12.065306 978 42.401628 -11.50094 978 41.968576 -10.843722 978 41.696348 -10.13844 986.499968 41.603492 -10.843722 986.499968 41.696348 -11.50094 986.499968 41.968576 -12.065306 986.499968 42.401628 -12.49836 986.499968 42.965992 -12.770588 986.499968 43.623212 -12.86344 986.499968 44.328492 -12.770588 986.499968 45.033776 -12.49836 986.499968 45.690996 -12.065306 986.499968 46.25536 -11.50094 986.499968 46.688412 -10.843722 986.499968 46.96064 -10.13844 986.499968 47.053492 -9.433158 986.499968 46.96064 -8.77594 986.499968 46.688412 -8.211573 986.499968 46.25536 -7.77852 986.499968 45.690996 -7.506292 986.499968 45.033776 -7.41344 986.499968 44.328492 -7.506292 986.499968 43.623212 -7.77852 986.499968 42.965992 -8.211573 986.499968 42.401628 -8.77594 986.499968 41.968576 -9.433158 986.499968 41.696348 -10.125906 978 73.07756 -10.831188 978 73.170408 -11.488406 978 73.442632 -12.052772 978 73.875696 -12.485826 978 74.440056 -12.758054 978 75.097272 -12.850906 978 75.80256 -12.758054 978 76.50784 -12.485826 978 77.165056 -12.052772 978 77.729424 -11.488406 978 78.162472 -10.831188 978 78.434704 -10.125906 978 78.52756 -9.420624 978 78.434704 -8.763406 978 78.162472 -8.19904 978 77.729424 -7.765987 978 77.165056 -7.493758 978 76.50784 -7.400906 978 75.80256 -7.493758 978 75.097272 -7.765987 978 74.440056 -8.19904 978 73.875696 -8.763406 978 73.442632 -9.420624 978 73.170408 -10.13844 986 66.065512 -8.585526 986 65.861068 -7.13844 986 65.261672 -5.895799 986 64.30816 -4.942287 986 63.065516 -4.342885 986 61.618432 -4.13844 986 60.065516 -4.342885 986 58.512604 -4.942287 986 57.065516 -5.895799 986 55.822876 -7.13844 986 54.869364 -8.585526 986 54.269964 -10.13844 986 54.065516 -11.691355 986 54.269964 -13.13844 986 54.869364 -14.381081 986 55.822876 -15.334593 986 57.065516 -15.933995 986 58.512604 -16.138439 986 60.065516 -15.933995 986 61.618432 -15.334593 986 63.065516 -14.381081 986 64.30816 -13.13844 986 65.261672 -11.691355 986 65.861068 -10.13844 991 57.565516 -10.785487 991 57.650704 -11.38844 991 57.900456 -11.906207 991 58.297748 -12.303504 991 58.815516 -12.553254 991 59.418468 -12.63844 991 60.065516 -12.553254 991 60.712568 -12.303504 991 61.315516 -11.906207 991 61.833284 -11.38844 991 62.23058 -10.785487 991 62.480332 -10.13844 991 62.565516 -9.491392 991 62.480332 -8.88844 991 62.23058 -8.370673 991 61.833284 -7.973376 991 61.315516 -7.723625 991 60.712568 -7.63844 991 60.065516 -7.723625 991 59.418468 -7.973376 991 58.815516 -8.370673 991 58.297748 -8.88844 991 57.900456 -9.491392 991 57.650704 -16.138439 991 60.065516 -15.933995 991 58.512604 -15.334593 991 57.065516 -14.381081 991 55.822876 -13.13844 991 54.869364 -11.691355 991 54.269964 -10.13844 991 54.065516 -8.585526 991 54.269964 -7.13844 991 54.869364 -5.895799 991 55.822876 -4.942287 991 57.065516 -4.342885 991 58.512604 -4.13844 991 60.065516 -4.342885 991 61.618432 -4.942287 991 63.065516 -5.895799 991 64.30816 -7.13844 991 65.261672 -8.585526 991 65.861068 -10.13844 991 66.065512 -11.691355 991 65.861068 -13.13844 991 65.261672 -14.381081 991 64.30816 -15.334593 991 63.065516 -15.933995 991 61.618432 -10.13844 996.535808 57.565516 -9.491392 996.535808 57.650704 -8.88844 996.535808 57.900456 -8.370673 996.535808 58.297748 -7.973376 996.535808 58.815516 -7.723625 996.535808 59.418468 -7.63844 996.535808 60.065516 -7.723625 996.535808 60.712568 -7.973376 996.535808 61.315516 -8.370673 996.535808 61.833284 -8.88844 996.535808 62.23058 -9.491392 996.535808 62.480332 -10.13844 996.535808 62.565516 -10.785487 996.535808 62.480332 -11.38844 996.535808 62.23058 -11.906207 996.535808 61.833284 -12.303504 996.535808 61.315516 -12.553254 996.535808 60.712568 -12.63844 996.535808 60.065516 -12.553254 996.535808 59.418468 -12.303504 996.535808 58.815516 -11.906207 996.535808 58.297748 -11.38844 996.535808 57.900456 -10.785487 996.535808 57.650704 -10.125906 986.499968 73.07756 -10.831188 986.499968 73.170408 -11.488406 986.499968 73.442632 -12.052772 986.499968 73.875696 -12.485826 986.499968 74.440056 -12.758054 986.499968 75.097272 -12.850906 986.499968 75.80256 -12.758054 986.499968 76.50784 -12.485826 986.499968 77.165056 -12.052772 986.499968 77.729424 -11.488406 986.499968 78.162472 -10.831188 986.499968 78.434704 -10.125906 986.499968 78.52756 -9.420624 986.499968 78.434704 -8.763406 986.499968 78.162472 -8.19904 986.499968 77.729424 -7.765987 986.499968 77.165056 -7.493758 986.499968 76.50784 -7.400906 986.499968 75.80256 -7.493758 986.499968 75.097272 -7.765987 986.499968 74.440056 -8.19904 986.499968 73.875696 -8.763406 986.499968 73.442632 -9.420624 986.499968 73.170408</float_array>
          <technique_common>
            <accessor source="#pos_13-array" count="1002" stride="3">
              <param name="X" type="float"/>
              <param name="Y" type="float"/>
              <param name="Z" type="float"/>
            </accessor>
          </technique_common>
        </source>
        <vertices id="vert_13">
          <input semantic="POSITION" source="#pos_13"/>
        </vertices>
        <triangles count="676" material="mat_16">
          <input semantic="VERTEX" source="#vert_13" offset="0"/>
          <p>0 1 3 3 1 2 4 0 5 5 0 3 6 4 7 7 4 5 1 6 2 2 6 7 2 7 3 3 7 5 0 18 1 1 18 21 1 21 28 28 21 27 27 21 22 27 22 23 4 31 0 0 31 14 0 14 17 17 14 15 17 15 16 6 29 4 4 29 30 4 30 31 29 6 28 28 6 1 9 10 8 8 10 11 8 11 12 12 13 8 8 13 14 8 14 31 17 18 0 19 20 18 18 20 21 23 24 27 27 24 25 27 25 26 32 33 35 35 33 34 36 32 37 37 32 35 38 36 39 39 36 37 33 38 34 34 38 39 34 39 35 35 39 37 32 60 33 33 60 61 33 61 40 40 61 63 63 61 62 36 50 32 32 50 57 32 57 60 60 57 58 60 58 59 50 36 49 49 36 38 49 38 48 48 38 47 47 38 33 47 33 40 47 40 46 46 40 41 46 41 42 42 43 46 46 43 44 46 44 45 50 51 57 57 51 56 56 51 55 55 51 54 54 51 53 53 51 52 45 64 46 46 64 65 46 65 8 8 65 66 8 66 9 9 66 10 10 66 69 10 69 11 11 69 72 11 72 12 12 72 75 12 75 13 13 75 78 13 78 14 14 78 77 14 77 40 40 77 76 40 76 41 41 76 42 42 76 73 42 73 43 43 73 70 43 70 44 44 70 67 44 67 45 45 67 64 69 66 65 65 64 68 68 64 67 68 67 71 71 67 70 71 70 74 74 70 73 74 73 77 77 73 76 72 69 68 68 69 65 72 68 71 75 72 71 75 71 74 78 75 74 78 74 77 40 63 14 14 63 15 56 79 57 57 79 80 57 80 21 21 80 81 21 81 22 22 81 23 23 81 84 23 84 24 24 84 87 24 87 25 25 87 90 25 90 26 26 90 93 26 93 27 27 93 92 27 92 51 51 92 91 51 91 52 52 91 53 53 91 88 53 88 54 54 88 85 54 85 55 55 85 82 55 82 56 56 82 79 84 81 80 80 79 83 83 79 82 83 82 86 86 82 85 86 85 89 89 85 88 89 88 92 92 88 91 87 84 83 83 84 80 87 83 86 90 87 86 90 86 89 93 90 89 93 89 92 95 50 94 94 50 28 94 28 117 117 28 116 116 28 115 115 28 114 114 28 113 113 28 27 113 27 112 112 27 111 111 27 110 110 27 109 109 27 108 108 27 107 107 27 106 106 27 51 106 51 105 105 51 104 104 51 103 103 51 102 102 51 101 101 51 100 100 51 99 99 51 50 99 50 98 98 50 97 97 50 96 96 50 95 119 167 118 118 167 166 118 166 141 141 166 189 141 189 140 140 189 188 140 188 139 139 188 187 139 187 138 138 187 186 138 186 137 137 186 185 137 185 136 136 185 184 136 184 135 135 184 183 135 183 134 134 183 182 134 182 133 133 182 181 133 181 132 132 181 180 132 180 131 131 180 179 131 179 130 130 179 178 130 178 129 129 178 177 129 177 128 128 177 176 128 176 127 127 176 175 127 175 126 126 175 174 126 174 125 125 174 173 125 173 124 124 173 172 124 172 123 123 172 171 123 171 122 122 171 170 122 170 121 121 170 169 121 169 120 120 169 168 120 168 119 119 168 167 143 189 142 142 189 166 142 166 165 165 166 167 165 167 164 164 167 168 164 168 163 163 168 169 163 169 162 162 169 170 162 170 161 161 170 171 161 171 160 160 171 172 160 172 159 159 172 173 159 173 158 158 173 174 158 174 157 157 174 175 157 175 156 156 175 176 156 176 155 155 176 177 155 177 154 154 177 178 154 178 153 153 178 179 153 179 152 152 179 180 152 180 151 151 180 181 151 181 150 150 181 182 150 182 149 149 182 183 149 183 148 148 183 184 148 184 147 147 184 185 147 185 146 146 185 186 146 186 145 145 186 187 145 187 144 144 187 188 144 188 143 143 188 189 8 118 46 46 118 141 46 141 140 31 125 8 8 125 124 8 124 123 47 130 31 31 130 129 31 129 128 46 135 47 47 135 134 47 134 133 140 139 46 46 139 138 46 138 137 137 136 46 46 136 135 133 132 47 47 132 131 47 131 130 128 127 31 31 127 126 31 126 125 123 122 8 8 122 121 8 121 120 120 119 8 8 119 118 165 15 142 142 15 63 142 63 143 143 63 144 144 63 145 145 63 146 146 63 147 147 63 148 148 63 62 148 62 149 149 62 150 150 62 151 151 62 152 152 62 153 153 62 154 154 62 16 154 16 155 155 16 156 156 16 157 157 16 158 158 16 159 159 16 160 160 16 15 160 15 161 161 15 162 162 15 163 163 15 164 164 15 165 191 19 190 190 19 59 190 59 213 213 59 212 212 59 211 211 59 210 210 59 209 209 59 208 208 59 58 208 58 207 207 58 206 206 58 205 205 58 204 204 58 203 203 58 202 202 58 20 202 20 201 201 20 200 200 20 199 199 20 198 198 20 197 197 20 196 196 20 19 196 19 195 195 19 194 194 19 193 193 19 192 192 19 191 59 19 60 60 19 18 60 220 61 61 220 221 61 221 222 18 214 60 60 214 215 60 215 216 17 232 18 18 232 233 18 233 234 61 226 17 17 226 227 17 227 228 216 217 60 60 217 218 60 218 219 219 220 60 222 223 61 61 223 224 61 224 225 225 226 61 228 229 17 17 229 230 17 230 231 231 232 17 234 235 18 18 235 236 18 236 237 237 214 18 239 267 238 238 267 268 238 268 261 261 268 269 261 269 260 260 269 270 260 270 259 259 270 271 259 271 258 258 271 272 258 272 257 257 272 273 257 273 256 256 273 274 256 274 275 239 240 267 267 240 266 266 240 241 266 241 265 265 241 242 265 242 264 264 242 243 264 243 263 263 243 244 263 244 262 262 244 285 285 244 245 285 245 284 284 245 246 284 246 283 283 246 247 283 247 282 282 247 248 282 248 281 281 248 249 281 249 280 280 249 250 280 250 251 280 251 279 279 251 252 279 252 278 278 252 253 278 253 277 277 253 254 277 254 276 276 254 255 276 255 275 275 255 256 48 47 30 30 47 31 287 48 286 286 48 30 286 30 309 309 30 308 308 30 307 307 30 306 306 30 305 305 30 304 304 30 29 304 29 303 303 29 302 302 29 301 301 29 300 300 29 299 299 29 298 298 29 49 298 49 297 297 49 296 296 49 295 295 49 294 294 49 293 293 49 292 292 49 48 292 48 291 291 48 290 290 48 289 289 48 288 288 48 287 50 49 28 28 49 29 16 62 17 17 62 61 261 287 238 238 287 286 238 286 239 239 286 309 239 309 240 240 309 308 240 308 241 241 308 307 241 307 242 242 307 306 242 306 243 243 306 305 243 305 244 244 305 304 244 304 245 245 304 303 245 303 246 246 303 302 246 302 247 247 302 301 247 301 248 248 301 300 248 300 249 249 300 299 249 299 250 250 299 298 250 298 251 251 298 297 251 297 252 252 297 296 252 296 253 253 296 295 253 295 254 254 295 294 254 294 255 255 294 293 255 293 256 256 293 292 256 292 257 257 292 291 257 291 258 258 291 290 258 290 259 259 290 289 259 289 260 260 289 288 260 288 261 261 288 287 237 281 214 214 281 280 214 280 215 215 280 279 215 279 216 216 279 278 216 278 217 217 278 277 217 277 218 218 277 276 218 276 219 219 276 275 219 275 220 220 275 274 220 274 221 221 274 273 221 273 222 222 273 272 222 272 223 223 272 271 223 271 224 224 271 270 224 270 225 225 270 269 225 269 226 226 269 268 226 268 227 227 268 267 227 267 228 228 267 266 228 266 229 229 266 265 229 265 230 230 265 264 230 264 231 231 264 263 231 263 232 232 263 262 232 262 233 233 262 285 233 285 234 234 285 284 234 284 235 235 284 283 235 283 236 236 283 282 236 282 237 237 282 281 21 20 57 57 20 58 117 311 94 94 311 310 94 310 95 95 310 333 95 333 96 96 333 332 96 332 97 97 332 331 97 331 98 98 331 330 98 330 99 99 330 329 99 329 100 100 329 328 100 328 101 101 328 327 101 327 102 102 327 326 102 326 103 103 326 325 103 325 104 104 325 324 104 324 105 105 324 323 105 323 106 106 323 322 106 322 107 107 322 321 107 321 108 108 321 320 108 320 109 109 320 319 109 319 110 110 319 318 110 318 111 111 318 317 111 317 112 112 317 316 112 316 113 113 316 315 113 315 114 114 315 314 114 314 115 115 314 313 115 313 116 116 313 312 116 312 117 117 312 311 213 333 190 190 333 310 190 310 191 191 310 311 191 311 192 192 311 312 192 312 193 193 312 313 193 313 194 194 313 314 194 314 195 195 314 315 195 315 196 196 315 316 196 316 197 197 316 317 197 317 198 198 317 318 198 318 199 199 318 319 199 319 200 200 319 320 200 320 201 201 320 321 201 321 202 202 321 322 202 322 203 203 322 323 203 323 204 204 323 324 204 324 205 205 324 325 205 325 206 206 325 326 206 326 207 207 326 327 207 327 208 208 327 328 208 328 209 209 328 329 209 329 210 210 329 330 210 330 211 211 330 331 211 331 212 212 331 332 212 332 213 213 332 333</p>
        </triangles>
      </mesh>
    </geometry>
    <geometry id="geometry_9fe764d4_941e_42d3_8be2_cfd00c982629">
      <mesh>
        <source id="pos_14">
          <float_array id="pos_14-array" count="36">39.999992 1000 35.000008 -8E-06 1000 35.000008 -8E-06 1035 35.000008 39.999992 1035 35.000008 -8E-06 1035 40.000008 39.999992 1035 40.000008 -8E-06 995 40.000008 39.999992 995 40.000008 39.999992 995 8E-06 39.999992 1000 8E-06 -8E-06 995 8E-06 -8E-06 1000 8E-06</float_array>
          <technique_common>
            <accessor source="#pos_14-array" count="36" stride="3">
              <param name="X" type="float"/>
              <param name="Y" type="float"/>
              <param name="Z" type="float"/>
            </accessor>
          </technique_common>
        </source>
        <vertices id="vert_14">
          <input semantic="POSITION" source="#pos_14"/>
        </vertices>
        <triangles count="20" material="mat_16">
          <input semantic="VERTEX" source="#vert_14" offset="0"/>
          <p>0 1 3 3 1 2 5 3 4 4 3 2 7 5 6 6 5 4 5 7 0 0 7 8 0 8 9 0 3 5 8 10 9 9 10 11 11 10 1 1 10 6 1 6 4 4 2 1 1 0 11 11 0 9 6 10 7 7 10 8</p>
        </triangles>
      </mesh>
    </geometry>
    <geometry id="geometry_16e9019e_14b9_4203_9351_3b2b7edd89d8">
      <mesh>
        <source id="pos_15">
          <float_array id="pos_15-array" count="522">-330.138464 972.999872 46.528468 -330.138464 972.999872 73.602568 -330.138464 977.999872 73.602568 -330.138464 977.999872 46.528464 -0.137486 977.99968 39.32854 -0.137486 977.99968 80.802544 -0.137488 972.99968 80.802544 -0.137488 972.99968 39.328544 -10.138466 972.99968 78.002568 -9.569064 972.99968 77.927608 -9.038465 972.99968 77.707824 -8.582831 972.99968 77.358208 -8.233209 972.99968 76.902576 -8.013428 972.99968 76.371968 -7.938466 972.99968 75.802568 -8.013428 972.99968 75.233168 -8.233209 972.99968 74.702568 -8.582831 972.99968 74.246936 -9.038465 972.99968 73.897312 -9.569064 972.99968 73.677536 -10.138466 972.99968 73.602568 -10.707868 972.99968 73.677536 -11.238466 972.99968 73.897312 -11.6941 972.99968 74.246936 -12.043722 972.99968 74.702568 -12.263503 972.99968 75.233168 -12.338466 972.99968 75.802568 -12.263503 972.99968 76.371968 -12.043722 972.99968 76.902576 -11.6941 972.99968 77.358208 -11.238466 972.99968 77.707824 -10.707868 972.99968 77.927608 -10.125932 972.99968 46.528504 -9.55653 972.99968 46.45354 -9.025931 972.99968 46.23376 -8.570297 972.99968 45.88414 -8.220675 972.99968 45.428504 -8.000894 972.99968 44.897908 -7.925932 972.99968 44.328504 -8.000894 972.99968 43.7591 -8.220675 972.99968 43.228504 -8.570297 972.99968 42.772868 -9.025931 972.99968 42.423248 -9.55653 972.99968 42.203468 -10.125932 972.99968 42.128504 -10.695333 972.99968 42.203468 -11.225932 972.99968 42.423248 -11.681567 972.99968 42.772868 -12.031188 972.99968 43.228504 -12.250969 972.99968 43.7591 -12.325932 972.99968 44.328504 -12.250969 972.99968 44.897908 -12.031188 972.99968 45.428504 -11.681567 972.99968 45.88414 -11.225932 972.99968 46.23376 -10.695333 972.99968 46.45354 -329.609728 972.999872 46.467092 -329.111232 972.999872 46.280524 -328.672128 972.999872 45.979696 -328.318112 972.999872 45.582212 -328.06992 972.999872 45.11134 -327.94208 972.999872 44.594644 -327.94208 972.999872 44.062368 -328.06992 972.999872 43.545668 -328.318112 972.999872 43.0748 -328.672128 972.999872 42.677316 -329.111232 972.999872 42.376484 -329.609728 972.999872 42.18992 -330.138464 972.999872 42.12854 -330.138464 972.999872 39.328544 -320.138464 972.999872 39.328544 -320.138464 972.999872 52.565544 -20.137466 972.99968 52.565544 -20.137466 972.99968 39.328544 -20.137444 972.99968 80.802544 -20.137444 972.99968 67.565544 -320.138464 972.999872 67.565544 -320.138464 972.999872 80.802544 -330.138464 972.999872 80.802544 -330.138464 972.999872 78.002568 -329.569056 972.999872 77.927608 -329.038464 972.999872 77.707824 -328.582816 972.999872 77.358208 -328.233216 972.999872 76.902576 -328.01344 972.999872 76.371968 -327.938464 972.999872 75.802568 -328.01344 972.999872 75.233168 -328.233216 972.999872 74.702568 -328.582816 972.999872 74.246936 -329.038464 972.999872 73.897312 -329.569056 972.999872 73.677536 -20.13744 977.99968 80.802544 -20.137462 977.99968 39.32854 -20.137462 977.99968 52.56554 -320.138464 977.999872 52.56554 -320.138464 977.999872 39.32854 -330.138464 977.999872 39.32854 -330.138464 977.999872 42.128536 -329.609728 977.999872 42.189916 -329.111232 977.999872 42.37648 -328.672128 977.999872 42.677312 -328.318112 977.999872 43.074796 -328.06992 977.999872 43.545664 -327.94208 977.999872 44.062364 -327.94208 977.999872 44.59464 -328.06992 977.999872 45.111336 -328.318112 977.999872 45.582208 -328.672128 977.999872 45.979696 -329.111232 977.999872 46.28052 -329.609728 977.999872 46.467088 -329.569056 977.999872 73.677528 -329.038464 977.999872 73.897312 -328.582816 977.999872 74.246936 -328.233216 977.999872 74.702568 -328.01344 977.999872 75.23316 -327.938464 977.999872 75.802568 -328.01344 977.999872 76.371968 -328.233216 977.999872 76.902568 -328.582816 977.999872 77.3582 -329.038464 977.999872 77.707824 -329.569056 977.999872 77.927608 -330.138464 977.999872 78.00256 -330.138464 977.999872 80.802544 -320.138464 977.999872 80.802544 -320.138464 977.999872 67.565544 -20.13744 977.99968 67.565544 -10.138463 977.99968 78.00256 -10.707865 977.99968 77.927608 -11.238463 977.99968 77.707824 -11.694098 977.99968 77.3582 -12.043719 977.99968 76.902568 -12.2635 977.99968 76.371968 -12.338463 977.99968 75.802568 -12.2635 977.99968 75.23316 -12.043719 977.99968 74.702568 -11.694098 977.99968 74.246936 -11.238463 977.99968 73.897312 -10.707865 977.99968 73.677528 -10.138463 977.99968 73.602568 -9.569061 977.99968 73.677528 -9.038463 977.99968 73.897312 -8.582829 977.99968 74.246936 -8.233206 977.99968 74.702568 -8.013426 977.99968 75.23316 -7.938463 977.99968 75.802568 -8.013426 977.99968 76.371968 -8.233206 977.99968 76.902568 -8.582829 977.99968 77.3582 -9.038463 977.99968 77.707824 -9.569061 977.99968 77.927608 -10.125929 977.99968 46.5285 -10.695331 977.99968 46.453536 -11.225929 977.99968 46.233756 -11.681564 977.99968 45.884136 -12.031185 977.99968 45.4285 -12.250966 977.99968 44.897904 -12.325929 977.99968 44.328504 -12.250966 977.99968 43.7591 -12.031185 977.99968 43.2285 -11.681564 977.99968 42.772864 -11.225929 977.99968 42.423244 -10.695331 977.99968 42.203464 -10.125929 977.99968 42.1285 -9.556527 977.99968 42.203464 -9.025929 977.99968 42.423244 -8.570294 977.99968 42.772864 -8.220673 977.99968 43.2285 -8.000892 977.99968 43.7591 -7.925929 977.99968 44.328504 -8.000892 977.99968 44.897904 -8.220673 977.99968 45.4285 -8.570294 977.99968 45.884136 -9.025929 977.99968 46.233756 -9.556527 977.99968 46.453536</float_array>
          <technique_common>
            <accessor source="#pos_15-array" count="522" stride="3">
              <param name="X" type="float"/>
              <param name="Y" type="float"/>
              <param name="Z" type="float"/>
            </accessor>
          </technique_common>
        </source>
        <vertices id="vert_15">
          <input semantic="POSITION" source="#pos_15"/>
        </vertices>
        <triangles count="352" material="mat_16">
          <input semantic="VERTEX" source="#vert_15" offset="0"/>
          <p>1 2 0 0 2 3 4 5 7 7 5 6 9 6 8 8 6 74 8 74 31 31 74 30 30 74 29 29 74 28 28 74 27 27 74 26 26 74 25 25 74 75 25 75 24 24 75 23 23 75 22 22 75 21 21 75 20 20 75 19 19 75 18 18 75 34 18 34 17 17 34 35 17 35 6 6 35 7 7 35 36 7 36 37 9 10 6 6 10 11 6 11 12 12 13 6 6 13 14 6 14 15 15 16 6 6 16 17 55 32 72 72 32 33 72 33 34 37 38 7 7 38 39 7 39 40 40 41 7 7 41 42 7 42 43 43 44 7 7 44 73 73 44 45 73 45 46 46 47 73 73 47 48 73 48 49 49 50 73 73 50 51 73 51 72 72 51 52 72 52 53 53 54 72 72 54 55 0 71 1 1 71 76 1 76 90 90 76 89 89 76 88 88 76 87 87 76 86 86 76 77 86 77 85 85 77 84 84 77 83 83 77 82 82 77 81 81 77 80 80 77 79 79 77 78 0 56 71 71 56 57 71 57 58 58 59 71 71 59 60 71 60 70 70 60 61 70 61 62 62 63 70 70 63 64 70 64 65 65 66 70 70 66 67 70 67 68 68 69 70 71 72 76 76 72 75 75 72 34 5 126 91 91 126 127 91 127 128 4 171 5 5 171 141 5 141 142 92 162 4 4 162 163 4 163 164 93 155 92 92 155 156 92 156 157 94 124 93 93 124 125 93 125 172 172 125 140 172 140 141 95 105 94 94 105 106 94 106 107 96 97 95 95 97 98 95 98 99 99 100 95 95 100 101 95 101 102 102 103 95 95 103 104 95 104 105 107 108 94 94 108 109 94 109 3 3 2 94 94 2 124 2 110 124 124 110 111 124 111 112 112 113 124 124 113 114 124 114 123 123 114 115 123 115 116 116 117 123 123 117 118 123 118 119 119 120 123 123 120 121 123 121 122 91 133 125 125 133 134 125 134 135 128 129 91 91 129 130 91 130 131 131 132 91 91 132 133 135 136 125 125 136 137 125 137 138 138 139 125 125 139 140 142 143 5 5 143 144 5 144 145 145 146 5 5 146 147 5 147 148 148 149 5 5 149 126 173 150 93 93 150 151 93 151 152 152 153 93 93 153 154 93 154 155 157 158 92 92 158 159 92 159 160 160 161 92 92 161 162 164 165 4 4 165 166 4 166 167 167 168 4 4 168 169 4 169 170 170 171 4 171 172 141 172 173 93 79 121 80 80 121 120 80 120 81 81 120 119 81 119 82 82 119 118 82 118 83 83 118 117 83 117 84 84 117 116 84 116 85 85 116 115 85 115 86 86 115 114 86 114 87 87 114 113 87 113 88 88 113 112 88 112 89 89 112 111 89 111 90 90 111 110 90 110 1 1 110 2 0 3 56 56 3 109 56 109 108 56 108 57 57 108 107 57 107 58 58 107 106 58 106 59 59 106 105 59 105 60 60 105 104 60 104 61 61 104 103 61 103 62 62 103 102 62 102 63 63 102 101 63 101 64 64 101 100 64 100 65 65 100 99 65 99 66 66 99 98 66 98 67 67 98 68 68 98 97 68 97 69 69 97 96 121 79 122 122 79 78 94 71 95 95 71 70 69 96 70 70 96 95 76 124 77 77 124 123 122 78 123 123 78 77 173 33 150 150 33 32 150 32 151 151 32 55 151 55 152 152 55 54 152 54 153 153 54 53 153 53 154 154 53 52 154 52 155 155 52 51 155 51 156 156 51 50 156 50 157 157 50 49 157 49 158 158 49 48 158 48 159 159 48 47 159 47 160 160 47 46 160 46 161 161 46 45 161 45 162 162 45 44 162 44 163 163 44 43 163 43 164 164 43 42 164 42 165 165 42 41 165 41 166 166 41 40 166 40 167 167 40 39 167 39 168 168 39 38 168 38 169 169 38 37 169 37 170 170 37 36 170 36 171 171 36 35 171 35 172 172 35 34 172 34 173 173 34 33 149 9 126 126 9 8 126 8 127 127 8 31 127 31 128 128 31 30 128 30 129 129 30 29 129 29 130 130 29 28 130 28 131 131 28 27 131 27 132 132 27 26 132 26 133 133 26 25 133 25 134 134 25 24 134 24 135 135 24 23 135 23 136 136 23 22 136 22 137 137 22 21 137 21 138 138 21 20 138 20 139 139 20 19 139 19 140 140 19 18 140 18 141 141 18 17 141 17 142 142 17 16 142 16 143 143 16 15 143 15 144 144 15 14 144 14 145 145 14 13 145 13 146 146 13 12 146 12 147 147 12 11 147 11 148 148 11 10 148 10 149 149 10 9 72 93 73 73 93 92 4 7 92 92 7 73 125 75 91 91 75 74 6 5 74 74 5 91 76 75 124 124 75 125 72 71 93 93 71 94</p>
        </triangles>
      </mesh>
    </geometry>
  </library_geometries>
  <library_visual_scenes>
    <visual_scene id="DefaultScene">
      <node id="node_18b76742_ad1f_45c2_8073_1ef782a0a7ce" type="NODE">
        <matrix>1 0 0 0 0 1 0 0 0 0 1 0 0 0 0 1</matrix>
        <node id="node_06a168f3_ffdd_4106_9f04_62d86a3b2b22" type="NODE">
          <matrix>1 0 0 0 0 1 0 0 0 0 1 0 0 0 0 1</matrix>
          <node id="node_1218373073_1" type="NODE">
            <matrix>1 0 0 0 0 1 0 0 0 0 1 0 0 0 0 1</matrix>
            <node id="node_1218373073_1_mesh0" type="NODE">
              <matrix>1 0 0 0 0 1 0 0 0 0 1 0 0 0 0 1</matrix>
              <instance_geometry url="#geometry_a721d8ed_b4a0_4ef7_8efa_76eb2ab6bbec">
                <bind_material>
                  <technique_common>
                    <instance_material symbol="mat_16" target="#mat_16"/>
                  </technique_common>
                </bind_material>
              </instance_geometry>
            </node>
          </node>
        </node>
        <node id="node_7ed98f55_0c35_45bd_9811_8dbcb2d87c81" type="NODE">
          <matrix>1 0 0 0 0 1 0 0 0 0 1 0 0 0 0 1</matrix>
          <node id="node_1218373073_3" type="NODE">
            <matrix>1 0 0 0 0 1 0 0 0 0 1 0 0 0 0 1</matrix>
            <node id="node_1218373073_3_mesh0" type="NODE">
              <matrix>1 0 0 0 0 1 0 0 0 0 1 0 0 0 0 1</matrix>
              <instance_geometry url="#geometry_70dd90fb_dcb6_4723_b256_d494dc7e6fb8">
                <bind_material>
                  <technique_common>
                    <instance_material symbol="mat_16" target="#mat_16"/>
                  </technique_common>
                </bind_material>
              </instance_geometry>
            </node>
          </node>
        </node>
        <node id="node_2fa19a74_706e_4dbc_af1b_133a1376b998" type="NODE">
          <matrix>1 0 0 0 0 1 0 0 0 0 1 0 0 0 0 1</matrix>
          <node id="node_1218373073_5" type="NODE">
            <matrix>1 0 0 0 0 1 0 0 0 0 1 0 0 0 0 1</matrix>
            <node id="node_1218373073_5_mesh0" type="NODE">
              <matrix>1 0 0 0 0 1 0 0 0 0 1 0 0 0 0 1</matrix>
              <instance_geometry url="#geometry_53b0ad7d_267d_49a1_99f0_8cdca5c75470">
                <bind_material>
                  <technique_common>
                    <instance_material symbol="mat_16" target="#mat_16"/>
                  </technique_common>
                </bind_material>
              </instance_geometry>
            </node>
          </node>
        </node>
        <node id="node_45e0dd60_2de9_4a05_8c4e_a5e0866105f0" type="NODE">
          <matrix>1 0 0 0 0 1 0 0 0 0 1 0 0 0 0 1</matrix>
          <node id="node_1218373073_7" type="NODE">
            <matrix>1 0 0 0 0 1 0 0 0 0 1 0 0 0 0 1</matrix>
            <node id="node_1218373073_7_mesh0" type="NODE">
              <matrix>1 0 0 0 0 1 0 0 0 0 1 0 0 0 0 1</matrix>
              <instance_geometry url="#geometry_c15da4c8_7bc7_41a1_9d2a_b1111b2a2ca7">
                <bind_material>
                  <technique_common>
                    <instance_material symbol="mat_16" target="#mat_16"/>
                  </technique_common>
                </bind_material>
              </instance_geometry>
            </node>
          </node>
        </node>
        <node id="node_8116ce7b_d7ee_49aa_ae5a_a97a69a904f1" type="NODE">
          <matrix>1 0 0 0 0 1 0 0 0 0 1 0 0 0 0 1</matrix>
          <node id="node_1218373073_9" type="NODE">
            <matrix>1 0 0 0 0 1 0 0 0 0 1 0 0 0 0 1</matrix>
            <node id="node_1218373073_9_mesh0" type="NODE">
              <matrix>1 0 0 0 0 1 0 0 0 0 1 0 0 0 0 1</matrix>
              <instance_geometry url="#geometry_6fed35e0_17ae_423d_ad4b_a10e29853e01">
                <bind_material>
                  <technique_common>
                    <instance_material symbol="mat_16" target="#mat_16"/>
                  </technique_common>
                </bind_material>
              </instance_geometry>
            </node>
          </node>
        </node>
        <node id="node_a7079538_622a_46d4_b37f_4741a42d80da" type="NODE">
          <matrix>1 0 0 0 0 1 0 0 0 0 1 0 0 0 0 1</matrix>
          <node id="node_1218373073_11" type="NODE">
            <matrix>1 0 0 0 0 1 0 0 0 0 1 0 0 0 0 1</matrix>
            <node id="node_1218373073_11_mesh0" type="NODE">
              <matrix>1 0 0 0 0 1 0 0 0 0 1 0 0 0 0 1</matrix>
              <instance_geometry url="#geometry_67fe35f0_5c98_44bb_a36d_085e9f3c2b4c">
                <bind_material>
                  <technique_common>
                    <instance_material symbol="mat_16" target="#mat_16"/>
                  </technique_common>
                </bind_material>
              </instance_geometry>
            </node>
          </node>
        </node>
        <node id="node_75734127_794d_4db8_b2f2_5d3655abb6a7" type="NODE">
          <matrix>1 0 0 0 0 1 0 0 0 0 1 0 0 0 0 1</matrix>
          <node id="node_1218373073_13" type="NODE">
            <matrix>1 0 0 0 0 1 0 0 0 0 1 0 0 0 0 1</matrix>
            <node id="node_1218373073_13_mesh0" type="NODE">
              <matrix>1 0 0 0 0 1 0 0 0 0 1 0 0 0 0 1</matrix>
              <instance_geometry url="#geometry_3e04343b_df64_481f_9d4a_48916364dd48">
                <bind_material>
                  <technique_common>
                    <instance_material symbol="mat_16" target="#mat_16"/>
                  </technique_common>
                </bind_material>
              </instance_geometry>
            </node>
          </node>
        </node>
        <node id="node_acaf34a1_dd7a_415a_928b_9048d1014ce4" type="NODE">
          <matrix>1 0 0 0 0 1 0 0 0 0 1 0 0 0 0 1</matrix>
          <node id="node_1218373073_15" type="NODE">
            <matrix>1 0 0 0 0 1 0 0 0 0 1 0 0 0 0 1</matrix>
            <node id="node_1218373073_15_mesh0" type="NODE">
              <matrix>1 0 0 0 0 1 0 0 0 0 1 0 0 0 0 1</matrix>
              <instance_geometry url="#geometry_1f6eb872_7d42_4b81_b33d_4490c7d8d107">
                <bind_material>
                  <technique_common>
                    <instance_material symbol="mat_16" target="#mat_16"/>
                  </technique_common>
                </bind_material>
              </instance_geometry>
            </node>
          </node>
        </node>
        <node id="node_9c9b82ff_9ec3_40b8_9c8c_918713af8145" type="NODE">
          <matrix>1 0 0 0 0 1 0 0 0 0 1 0 0 0 0 1</matrix>
          <node id="node_1218373073_17" type="NODE">
            <matrix>1 0 0 0 0 1 0 0 0 0 1 0 0 0 0 1</matrix>
            <node id="node_1218373073_17_mesh0" type="NODE">
              <matrix>1 0 0 0 0 1 0 0 0 0 1 0 0 0 0 1</matrix>
              <instance_geometry url="#geometry_1506a024_c6fa_479f_b2df_1ba94debe46f">
                <bind_material>
                  <technique_common>
                    <instance_material symbol="mat_16" target="#mat_16"/>
                  </technique_common>
                </bind_material>
              </instance_geometry>
            </node>
          </node>
        </node>
        <node id="node_f426ad60_cbee_4b33_a75b_628ba606b26b" type="NODE">
          <matrix>1 0 0 0 0 1 0 0 0 0 1 0 0 0 0 1</matrix>
          <node id="node_1218373073_19" type="NODE">
            <matrix>1 0 0 0 0 1 0 0 0 0 1 0 0 0 0 1</matrix>
            <node id="node_1218373073_19_mesh0" type="NODE">
              <matrix>1 0 0 0 0 1 0 0 0 0 1 0 0 0 0 1</matrix>
              <instance_geometry url="#geometry_8e0dc2a8_ba38_4c11_809e_440b9993b169">
                <bind_material>
                  <technique_common>
                    <instance_material symbol="mat_16" target="#mat_16"/>
                  </technique_common>
                </bind_material>
              </instance_geometry>
            </node>
          </node>
        </node>
        <node id="node_d43bd435_c62f_4407_9b77_4234c8f5653b" type="NODE">
          <matrix>1 0 0 0 0 1 0 0 0 0 1 0 0 0 0 1</matrix>
          <node id="node_1218373073_21" type="NODE">
            <matrix>1 0 0 0 0 1 0 0 0 0 1 0 0 0 0 1</matrix>
            <node id="node_1218373073_21_mesh0" type="NODE">
              <matrix>1 0 0 0 0 1 0 0 0 0 1 0 0 0 0 1</matrix>
              <instance_geometry url="#geometry_b8f42e5c_db33_48f2_8d95_09938b920f1e">
                <bind_material>
                  <technique_common>
                    <instance_material symbol="mat_16" target="#mat_16"/>
                  </technique_common>
                </bind_material>
              </instance_geometry>
            </node>
          </node>
        </node>
        <node id="node_b5ee60e2_dc71_40a1_b1bb_a1162382d4c2" type="NODE">
          <matrix>1 0 0 0 0 1 0 0 0 0 1 0 0 0 0 1</matrix>
          <node id="node_1218373073_23" type="NODE">
            <matrix>1 0 0 0 0 1 0 0 0 0 1 0 0 0 0 1</matrix>
            <node id="node_1218373073_23_mesh0" type="NODE">
              <matrix>1 0 0 0 0 1 0 0 0 0 1 0 0 0 0 1</matrix>
              <instance_geometry url="#geometry_26512bcb_dc70_421c_9a40_13e07fdb6b30">
                <bind_material>
                  <technique_common>
                    <instance_material symbol="mat_16" target="#mat_16"/>
                  </technique_common>
                </bind_material>
              </instance_geometry>
            </node>
          </node>
        </node>
        <node id="node_d32e21fd_242c_46d7_8551_00fd33e6cfa2" type="NODE">
          <matrix>1 0 0 0 0 1 0 0 0 0 1 0 0 0 0 1</matrix>
          <node id="node_1218373073_25" type="NODE">
            <matrix>1 0 0 0 0 1 0 0 0 0 1 0 0 0 0 1</matrix>
            <node id="node_1218373073_25_mesh0" type="NODE">
              <matrix>1 0 0 0 0 1 0 0 0 0 1 0 0 0 0 1</matrix>
              <instance_geometry url="#geometry_0f07fcde_0ff3_4b00_8cb0_6310e00bbcfd">
                <bind_material>
                  <technique_common>
                    <instance_material symbol="mat_16" target="#mat_16"/>
                  </technique_common>
                </bind_material>
              </instance_geometry>
            </node>
          </node>
        </node>
        <node id="node_1b6b2d49_b6b2_4744_97ad_0c84e1267da8" type="NODE">
          <matrix>1 0 0 0 0 1 0 0 0 0 1 0 0 0 0 1</matrix>
          <node id="node_1218373073_27" type="NODE">
            <matrix>1 0 0 0 0 1 0 0 0 0 1 0 0 0 0 1</matrix>
            <node id="node_1218373073_27_mesh0" type="NODE">
              <matrix>1 0 0 0 0 1 0 0 0 0 1 0 0 0 0 1</matrix>
              <instance_geometry url="#geometry_9c389d27_9eb1_40aa_9008_cd154ba54029">
                <bind_material>
                  <technique_common>
                    <instance_material symbol="mat_16" target="#mat_16"/>
                  </technique_common>
                </bind_material>
              </instance_geometry>
            </node>
          </node>
        </node>
        <node id="node_999a0f6c_529b_4417_bcff_bd4353243268" type="NODE">
          <matrix>1 0 0 0 0 1 0 0 0 0 1 0 0 0 0 1</matrix>
          <node id="node_1218373073_29" type="NODE">
            <matrix>1 0 0 0 0 1 0 0 0 0 1 0 0 0 0 1</matrix>
            <node id="node_1218373073_29_mesh0" type="NODE">
              <matrix>1 0 0 0 0 1 0 0 0 0 1 0 0 0 0 1</matrix>
              <instance_geometry url="#geometry_9fe764d4_941e_42d3_8be2_cfd00c982629">
                <bind_material>
                  <technique_common>
                    <instance_material symbol="mat_16" target="#mat_16"/>
                  </technique_common>
                </bind_material>
              </instance_geometry>
            </node>
          </node>
        </node>
        <node id="node_4dcbc387_bb45_4a10_81a8_56192380add2" type="NODE">
          <matrix>1 0 0 0 0 1 0 0 0 0 1 0 0 0 0 1</matrix>
          <node id="node_1218373073_31" type="NODE">
            <matrix>1 0 0 0 0 1 0 0 0 0 1 0 0 0 0 1</matrix>
            <node id="node_1218373073_31_mesh0" type="NODE">
              <matrix>1 0 0 0 0 1 0 0 0 0 1 0 0 0 0 1</matrix>
              <instance_geometry url="#geometry_16e9019e_14b9_4203_9351_3b2b7edd89d8">
                <bind_material>
                  <technique_common>
                    <instance_material symbol="mat_16" target="#mat_16"/>
                  </technique_common>
                </bind_material>
              </instance_geometry>
            </node>
          </node>
        </node>
      </node>
    </visual_scene>
  </library_visual_scenes>
  <scene>
    <instance_visual_scene url="#DefaultScene"/>
  </scene>
</COLLADA>
