<?xml version="1.0" encoding="UTF-8"?>
<COLLADA xmlns="http://www.collada.org/2005/11/COLLADASchema" version="1.4.1">
<!--
# File generated by ImageToStl.com - Free Image and 3D model conversion tools
-->
  <asset>
    <contributor>
      <author>ImageToStl.com</author>
      <authoring_tool>ImageToStl.com</authoring_tool>
    </contributor>
    <created>2026-07-28T12:47:15</created>
    <modified>2026-07-28T12:47:15</modified>
    <up_axis>Z_UP</up_axis>
  </asset>
  <library_effects>
    <effect id="effect_0">
        <profile_COMMON>
          <technique sid="common">
            <phong>
              <diffuse>
                <color>0.62745 0.62745 0.62745 1</color>
              </diffuse>
            </phong>
          </technique>
        </profile_COMMON>
    </effect>
    <effect id="effect_1">
        <profile_COMMON>
          <technique sid="common">
            <phong>
              <diffuse>
                <color>0.62745 0.62745 0.62745 1</color>
              </diffuse>
            </phong>
          </technique>
        </profile_COMMON>
    </effect>
    <effect id="effect_2">
        <profile_COMMON>
          <technique sid="common">
            <phong>
              <diffuse>
                <color>0.62745 0.62745 0.62745 1</color>
              </diffuse>
            </phong>
          </technique>
        </profile_COMMON>
    </effect>
    <effect id="effect_3">
        <profile_COMMON>
          <technique sid="common">
            <phong>
              <diffuse>
                <color>1 1 1 1</color>
              </diffuse>
            </phong>
          </technique>
        </profile_COMMON>
    </effect>
    <effect id="effect_4">
        <profile_COMMON>
          <technique sid="common">
            <phong>
              <diffuse>
                <color>1 1 1 1</color>
              </diffuse>
            </phong>
          </technique>
        </profile_COMMON>
    </effect>
    <effect id="effect_5">
        <profile_COMMON>
          <technique sid="common">
            <phong>
              <diffuse>
                <color>0.63137 0.63137 0.63137 1</color>
              </diffuse>
            </phong>
          </technique>
        </profile_COMMON>
    </effect>
    <effect id="effect_6">
        <profile_COMMON>
          <technique sid="common">
            <phong>
              <diffuse>
                <color>1 1 1 1</color>
              </diffuse>
            </phong>
          </technique>
        </profile_COMMON>
    </effect>
    <effect id="effect_7">
        <profile_COMMON>
          <technique sid="common">
            <phong>
              <diffuse>
                <color>0.63137 0.63137 0.63137 1</color>
              </diffuse>
            </phong>
          </technique>
        </profile_COMMON>
    </effect>
    <effect id="effect_8">
        <profile_COMMON>
          <technique sid="common">
            <phong>
              <diffuse>
                <color>0.62745 0.62745 0.62745 1</color>
              </diffuse>
            </phong>
          </technique>
        </profile_COMMON>
    </effect>
    <effect id="effect_9">
        <profile_COMMON>
          <technique sid="common">
            <phong>
              <diffuse>
                <color>0.5098 0.5098 0.58824 1</color>
              </diffuse>
            </phong>
          </technique>
        </profile_COMMON>
    </effect>
    <effect id="effect_10">
        <profile_COMMON>
          <technique sid="common">
            <phong>
              <diffuse>
                <color>1 1 1 1</color>
              </diffuse>
            </phong>
          </technique>
        </profile_COMMON>
    </effect>
    <effect id="effect_11">
        <profile_COMMON>
          <technique sid="common">
            <phong>
              <diffuse>
                <color>1 1 1 1</color>
              </diffuse>
            </phong>
          </technique>
        </profile_COMMON>
    </effect>
    <effect id="effect_12">
        <profile_COMMON>
          <technique sid="common">
            <phong>
              <diffuse>
                <color>1 1 1 1</color>
              </diffuse>
            </phong>
          </technique>
        </profile_COMMON>
    </effect>
    <effect id="effect_13">
        <profile_COMMON>
          <technique sid="common">
            <phong>
              <diffuse>
                <color>0.62745 0.62745 0.62745 1</color>
              </diffuse>
            </phong>
          </technique>
        </profile_COMMON>
    </effect>
    <effect id="effect_14">
        <profile_COMMON>
          <technique sid="common">
            <phong>
              <diffuse>
                <color>0.63137 0.63137 0.63137 1</color>
              </diffuse>
            </phong>
          </technique>
        </profile_COMMON>
    </effect>
    <effect id="effect_15">
        <profile_COMMON>
          <technique sid="common">
            <phong>
              <diffuse>
                <color>0.62745 0.62745 0.62745 1</color>
              </diffuse>
            </phong>
          </technique>
        </profile_COMMON>
    </effect>
    <effect id="effect_16">
        <profile_COMMON>
          <technique sid="common">
            <phong>
              <diffuse>
                <color>0.9 0.9 0.9 1</color>
              </diffuse>
              <specular>
                <color>0.05 0.05 0.05 1</color>
              </specular>
              <shininess>
                <float>64</float>
              </shininess>
            </phong>
          </technique>
        </profile_COMMON>
    </effect>
  </library_effects>
  <library_materials>
    <material id="mat_0">
      <instance_effect url="#effect_0"/>
    </material>
    <material id="mat_1">
      <instance_effect url="#effect_1"/>
    </material>
    <material id="mat_2">
      <instance_effect url="#effect_2"/>
    </material>
    <material id="mat_3">
      <instance_effect url="#effect_3"/>
    </material>
    <material id="mat_4">
      <instance_effect url="#effect_4"/>
    </material>
    <material id="mat_5">
      <instance_effect url="#effect_5"/>
    </material>
    <material id="mat_6">
      <instance_effect url="#effect_6"/>
    </material>
    <material id="mat_7">
      <instance_effect url="#effect_7"/>
    </material>
    <material id="mat_8">
      <instance_effect url="#effect_8"/>
    </material>
    <material id="mat_9">
      <instance_effect url="#effect_9"/>
    </material>
    <material id="mat_10">
      <instance_effect url="#effect_10"/>
    </material>
    <material id="mat_11">
      <instance_effect url="#effect_11"/>
    </material>
    <material id="mat_12">
      <instance_effect url="#effect_12"/>
    </material>
    <material id="mat_13">
      <instance_effect url="#effect_13"/>
    </material>
    <material id="mat_14">
      <instance_effect url="#effect_14"/>
    </material>
    <material id="mat_15">
      <instance_effect url="#effect_15"/>
    </material>
    <material id="mat_16">
      <instance_effect url="#effect_16"/>
    </material>
  </library_materials>
  <library_geometries>
    <geometry id="geometry_d78493ea_1302_4eca_af65_411ba23ee51a">
      <mesh>
        <source id="pos_0">
          <float_array id="pos_0-array" count="2232">-553 -13.437049 47.518652 -553 -13.437049 43.035856 -552.9712 -13.729685 42.743216 -552.885824 -14.011074 42.461832 -552.7472 -14.270405 42.2025 -552.56064 -14.497709 41.975192 -552.333376 -14.684254 41.788652 -552.074048 -14.822868 41.650036 -551.79264 -14.908227 41.564676 -551.64704 -14.929826 41.543076 -551.500032 -14.937049 41.535856 -551.500032 -14.937049 46.018652 -551.64704 -14.929826 46.025876 -551.79264 -14.908227 46.047472 -552.074048 -14.822868 46.132832 -552.333376 -14.684254 46.271448 -552.56064 -14.497709 46.457992 -552.7472 -14.270405 46.6853 -552.885824 -14.011074 46.944624 -552.9712 -13.729685 47.226016 -551.500032 -24.93705 46.018652 -551.500032 -24.93705 41.535856 -551.64704 -24.944272 41.543076 -551.79264 -24.965872 41.564676 -552.074048 -25.05123 41.650036 -552.333376 -25.189844 41.788652 -552.56064 -25.376388 41.975192 -552.7472 -25.603694 42.2025 -552.885824 -25.863024 42.461832 -552.9712 -26.144412 42.743216 -553 -26.43705 43.035856 -553 -26.43705 47.518652 -552.9712 -26.144412 47.226016 -552.885824 -25.863024 46.944624 -552.7472 -25.603694 46.6853 -552.56064 -25.376388 46.457992 -552.333376 -25.189844 46.271448 -552.074048 -25.05123 46.132832 -551.79264 -24.965872 46.047472 -551.64704 -24.944272 46.025876 -551.500032 0.062901 54.26296 -551.500032 0.062901 43.000008 -551.888256 0.01179 43.000008 -552.249984 -0.13806 43.000008 -552.56064 -0.376437 43.000008 -552.799104 -0.687098 43.000008 -552.948928 -1.048869 43.000008 -553 -1.437098 43.000008 -553 -1.437098 52.76296 -552.9712 -1.144462 53.055596 -552.885824 -0.863073 53.336984 -552.7472 -0.603742 53.596312 -552.56064 -0.376437 53.82362 -552.333376 -0.189893 54.010164 -552.074048 -0.051278 54.148776 -551.79264 0.034079 54.23414 -551.64704 0.055678 54.255736 -551.888256 0.01179 48.631484 -552.249984 -0.13806 48.631484 -552.56064 -0.376437 48.631484 -552.799104 -0.687098 48.631484 -552.948928 -1.048869 48.631484 -551.500032 -25.674098 41.535856 -551.500032 -25.674098 40.000008 -551.64704 -25.68132 40.007232 -551.79264 -25.70292 40.028832 -552.074048 -25.788278 40.114188 -552.333376 -25.926894 40.252804 -552.56064 -26.113438 40.439348 -552.7472 -26.340742 40.666652 -552.885824 -26.600072 40.925984 -552.9712 -26.881462 41.207376 -553 -27.174098 41.500008 -553 -27.174098 43.035856 -552.9712 -26.881462 42.743216 -552.885824 -26.600072 42.461832 -552.7472 -26.340742 42.2025 -552.56064 -26.113438 41.975192 -552.333376 -25.926894 41.788652 -552.074048 -25.788278 41.650036 -551.79264 -25.70292 41.564676 -551.64704 -25.68132 41.543076 -553 -38.4371 52.76296 -553 -38.4371 43.000008 -552.948928 -38.825324 43.000008 -552.799104 -39.1871 43.000008 -552.56064 -39.497756 43.000008 -552.249984 -39.736136 43.000008 -551.888256 -39.885988 43.000008 -551.500032 -39.9371 43.000008 -551.500032 -39.9371 54.26296 -551.64704 -39.929876 54.255736 -551.79264 -39.908276 54.23414 -552.074048 -39.822916 54.148776 -552.333376 -39.684304 54.010164 -552.56064 -39.497756 53.82362 -552.7472 -39.270456 53.596312 -552.885824 -39.011124 53.336984 -552.9712 -38.729732 53.055596 -552.948928 -38.825324 48.631484 -552.799104 -39.1871 48.631484 -552.56064 -39.497756 48.631484 -552.249984 -39.736136 48.631484 -551.888256 -39.885988 48.631484 -553 -2.972944 67.237064 -553 -1.437098 67.237064 -552.9712 -1.144462 66.94442 -552.885824 -0.863073 66.663032 -552.7472 -0.603742 66.4037 -552.56064 -0.376437 66.1764 -552.333376 -0.189893 65.989852 -552.074048 -0.051278 65.851236 -551.79264 0.034079 65.765876 -551.64704 0.055678 65.744276 -551.500032 0.062901 65.73706 -551.500032 -1.472944 65.73706 -551.64704 -1.480166 65.744276 -551.79264 -1.501766 65.765876 -552.074048 -1.587124 65.851236 -552.333376 -1.725739 65.989852 -552.56064 -1.912283 66.1764 -552.7472 -2.139588 66.4037 -552.885824 -2.398918 66.663032 -552.9712 -2.680308 66.94442 -551.500032 -38.401252 54.26296 -551.64704 -38.394028 54.255736 -551.79264 -38.372428 54.23414 -552.074048 -38.287072 54.148776 -552.333376 -38.148456 54.010164 -552.56064 -37.961916 53.82362 -552.7472 -37.734608 53.596312 -552.885824 -37.475276 53.336984 -552.9712 -37.193888 53.055596 -553 -36.901252 52.76296 -553 -1.437098 77.000008 -552.948928 -1.048869 77.000008 -552.799104 -0.687098 77.000008 -552.56064 -0.376437 77.000008 -552.249984 -0.13806 77.000008 -551.888256 0.01179 77.000008 -551.500032 0.062901 77.000008 -552.948928 -1.048869 71.368528 -552.799104 -0.687098 71.368528 -552.56064 -0.376437 71.368528 -552.249984 -0.13806 71.368528 -551.888256 0.01179 71.368528 -553 -2.937098 78.500008 -552.948928 -2.937098 78.88824 -552.799104 -2.937098 79.250008 -552.56064 -2.937098 79.560672 -552.249984 -2.937098 79.799048 -551.888256 -2.937098 79.948896 -551.500032 -2.937098 80.000008 -551.500032 -2.160641 79.897792 -551.500032 -1.437098 79.59808 -551.500032 -0.815777 79.121328 -551.500032 -0.339021 78.500008 -551.500032 -0.03932 77.776464 -553 -1.488209 77.38824 -553 -1.63806 77.750008 -553 -1.876438 78.060672 -553 -2.187098 78.299048 -553 -2.548869 78.448896 -551.888256 -2.173869 79.848416 -552.249984 -2.212654 79.703672 -552.56064 -2.27435 79.473416 -552.799104 -2.354755 79.173336 -552.948928 -2.448388 78.823896 -551.888256 -1.462653 79.553816 -552.249984 -1.537579 79.424048 -552.56064 -1.656768 79.217608 -552.799104 -1.812098 78.94856 -552.948928 -1.992983 78.635264 -551.888256 -0.851918 79.085192 -552.249984 -0.957879 78.979224 -552.56064 -1.126438 78.810672 -552.799104 -1.346107 78.590992 -552.948928 -1.601918 78.335192 -551.888256 -0.383285 78.474448 -552.249984 -0.51306 78.399528 -552.56064 -0.719501 78.280344 -552.799104 -0.988541 78.125008 -552.948928 -1.301844 77.94412 -551.888256 -0.08869 77.76324 -552.249984 -0.233434 77.724448 -552.56064 -0.46369 77.66276 -552.799104 -0.763765 77.582352 -552.948928 -1.113209 77.48872 -551.500032 -14.2 80.000008 -553 -12.7 78.500008 -552.9712 -12.992636 78.79264 -552.885824 -13.274025 79.074032 -552.7472 -13.533356 79.333368 -552.56064 -13.76066 79.560672 -552.333376 -13.947205 79.747216 -552.074048 -14.085819 79.885824 -551.79264 -14.171178 79.971184 -551.64704 -14.192777 79.992784 -551.888256 -8.568549 79.948896 -552.249984 -8.568549 79.799048 -552.56064 -8.568549 79.560672 -552.799104 -8.568549 79.250008 -552.948928 -8.568549 78.88824 -551.500032 -38.401252 65.73706 -551.64704 -38.394028 65.744276 -551.79264 -38.372428 65.765876 -552.074048 -38.287072 65.851236 -552.333376 -38.148456 65.989852 -552.56064 -37.961916 66.1764 -552.7472 -37.734608 66.4037 -552.885824 -37.475276 66.663032 -552.9712 -37.193888 66.94442 -553 -36.901252 67.237064 -551.888256 -38.35014 60.000008 -552.249984 -38.200292 60.000008 -552.56064 -37.961916 60.000008 -552.799104 -37.651252 60.000008 -552.948928 -37.289484 60.000008 -553 -12.7 76.964168 -552.9712 -12.992636 77.2568 -552.885824 -13.274025 77.538184 -552.7472 -13.533356 77.797512 -552.56064 -13.76066 78.024824 -552.333376 -13.947205 78.211368 -552.074048 -14.085819 78.349984 -551.79264 -14.171178 78.435344 -551.64704 -14.192777 78.456936 -551.500032 -14.2 78.464168 -553 -27.174098 78.500008 -553 -36.9371 78.500008 -552.948928 -36.9371 78.88824 -552.799104 -36.9371 79.250008 -552.56064 -36.9371 79.560672 -552.249984 -36.9371 79.799048 -551.888256 -36.9371 79.948896 -551.500032 -36.9371 80.000008 -551.500032 -25.674098 80.000008 -551.64704 -25.68132 79.992784 -551.79264 -25.70292 79.971184 -552.074048 -25.788278 79.885824 -552.333376 -25.926894 79.747216 -552.56064 -26.113438 79.560672 -552.7472 -26.340742 79.333368 -552.885824 -26.600072 79.074032 -552.9712 -26.881462 78.79264 -552.948928 -31.305598 78.88824 -552.799104 -31.305598 79.250008 -552.56064 -31.305598 79.560672 -552.249984 -31.305598 79.799048 -551.888256 -31.305598 79.948896 -553 -27.174098 76.964168 -551.500032 -25.674098 78.464168 -551.64704 -25.68132 78.456936 -551.79264 -25.70292 78.435344 -552.074048 -25.788278 78.349984 -552.333376 -25.926894 78.211368 -552.56064 -26.113438 78.024824 -552.7472 -26.340742 77.797512 -552.885824 -26.600072 77.538184 -552.9712 -26.881462 77.2568 -553 -38.4371 77.000008 -552.948928 -38.825324 77.000008 -552.799104 -39.1871 77.000008 -552.56064 -39.497756 77.000008 -552.249984 -39.736136 77.000008 -551.888256 -39.885988 77.000008 -551.500032 -39.9371 77.000008 -551.500032 -39.834876 77.776464 -551.500032 -39.535176 78.500008 -551.500032 -39.05842 79.121328 -551.500032 -38.4371 79.59808 -551.500032 -37.713556 79.897792 -553 -37.325324 78.448896 -553 -37.6871 78.299048 -553 -37.997756 78.060672 -553 -38.236136 77.750008 -553 -38.385988 77.38824 -551.888256 -39.785508 77.76324 -552.249984 -39.640764 77.724448 -552.56064 -39.410508 77.66276 -552.799104 -39.110432 77.582352 -552.948928 -38.760988 77.48872 -551.888256 -39.490908 78.474448 -552.249984 -39.361136 78.399528 -552.56064 -39.154692 78.280344 -552.799104 -38.885656 78.125008 -552.948928 -38.572352 77.94412 -551.888256 -39.022276 79.085192 -552.249984 -38.916316 78.979224 -552.56064 -38.747756 78.810672 -552.799104 -38.528088 78.590992 -552.948928 -38.272276 78.335192 -551.888256 -38.41154 79.553816 -552.249984 -38.336616 79.424048 -552.56064 -38.217432 79.217608 -552.799104 -38.0621 78.94856 -552.948928 -37.881216 78.635264 -551.888256 -37.700324 79.848416 -552.249984 -37.66154 79.703672 -552.56064 -37.599844 79.473416 -552.799104 -37.51944 79.173336 -552.948928 -37.425808 78.823896 -551.500032 -39.9371 65.73706 -553 -38.4371 67.237064 -552.9712 -38.729732 66.94442 -552.885824 -39.011124 66.663032 -552.7472 -39.270456 66.4037 -552.56064 -39.497756 66.1764 -552.333376 -39.684304 65.989852 -552.074048 -39.822916 65.851236 -551.79264 -39.908276 65.765876 -551.64704 -39.929876 65.744276 -551.888256 -39.885988 71.368528 -552.249984 -39.736136 71.368528 -552.56064 -39.497756 71.368528 -552.799104 -39.1871 71.368528 -552.948928 -38.825324 71.368528 -552.799104 -19.93705 77.714168 -552.948928 -19.93705 77.352392 -552.56064 -19.93705 78.024824 -552.249984 -19.93705 78.2632 -551.888256 -19.93705 78.413048 -553 -36.9371 41.500008 -552.948928 -36.9371 41.11178 -552.799104 -36.9371 40.750008 -552.56064 -36.9371 40.439348 -552.249984 -36.9371 40.200968 -551.888256 -36.9371 40.05112 -551.500032 -36.9371 40.000008 -551.500032 -37.713556 40.102232 -551.500032 -38.4371 40.401932 -551.500032 -39.05842 40.878688 -551.500032 -39.535176 41.500008 -551.500032 -39.834876 42.223552 -553 -38.385988 42.61178 -553 -38.236136 42.250008 -553 -37.997756 41.939348 -553 -37.6871 41.700968 -553 -37.325324 41.55112 -551.888256 -37.700324 40.1516 -552.249984 -37.66154 40.296344 -552.56064 -37.599844 40.5266 -552.799104 -37.51944 40.826676 -552.948928 -37.425808 41.17612 -551.888256 -38.41154 40.446196 -552.249984 -38.336616 40.575968 -552.56064 -38.217432 40.782412 -552.799104 -38.0621 41.051452 -552.948928 -37.881216 41.364752 -551.888256 -39.022276 40.914828 -552.249984 -38.916316 41.020792 -552.56064 -38.747756 41.189348 -552.799104 -38.528088 41.40902 -552.948928 -38.272276 41.664828 -551.888256 -39.490908 41.525564 -552.249984 -39.361136 41.600492 -552.56064 -39.154692 41.719676 -552.799104 -38.885656 41.875008 -552.948928 -38.572352 42.055892 -551.888256 -39.785508 42.23678 -552.249984 -39.640764 42.275564 -552.56064 -39.410508 42.33726 -552.799104 -39.110432 42.417668 -552.948928 -38.760988 42.5113 -551.888256 -31.305598 40.05112 -552.249984 -31.305598 40.200968 -552.56064 -31.305598 40.439348 -552.799104 -31.305598 40.750008 -552.948928 -31.305598 41.11178 -553 -2.972944 52.76296 -551.500032 -1.472944 54.26296 -551.64704 -1.480166 54.255736 -551.79264 -1.501766 54.23414 -552.074048 -1.587124 54.148776 -552.333376 -1.725739 54.010164 -552.56064 -1.912283 53.82362 -552.7472 -2.139588 53.596312 -552.885824 -2.398918 53.336984 -552.9712 -2.680308 53.055596 -552.799104 -2.222944 60.000008 -552.948928 -2.584715 60.000008 -552.56064 -1.912283 60.000008 -552.249984 -1.673905 60.000008 -551.888256 -1.524055 60.000008 -551.500032 -2.937098 40.000008 -551.888256 -2.937098 40.05112 -552.249984 -2.937098 40.200968 -552.56064 -2.937098 40.439348 -552.799104 -2.937098 40.750008 -552.948928 -2.937098 41.11178 -553 -2.937098 41.500008 -553 -2.548869 41.55112 -553 -2.187098 41.700968 -553 -1.876438 41.939348 -553 -1.63806 42.250008 -553 -1.488209 42.61178 -551.500032 -0.03932 42.223552 -551.500032 -0.339021 41.500008 -551.500032 -0.815777 40.878688 -551.500032 -1.437098 40.401932 -551.500032 -2.160641 40.102232 -552.948928 -2.448388 41.17612 -552.799104 -2.354755 40.826676 -552.56064 -2.27435 40.5266 -552.249984 -2.212654 40.296344 -551.888256 -2.173869 40.1516 -552.948928 -1.992983 41.364752 -552.799104 -1.812098 41.051452 -552.56064 -1.656768 40.782412 -552.249984 -1.537579 40.575968 -551.888256 -1.462653 40.446196 -552.948928 -1.601918 41.664828 -552.799104 -1.346107 41.40902 -552.56064 -1.126438 41.189348 -552.249984 -0.957879 41.020792 -551.888256 -0.851918 40.914828 -552.948928 -1.301844 42.055892 -552.799104 -0.988541 41.875008 -552.56064 -0.719501 41.719676 -552.249984 -0.51306 41.600492 -551.888256 -0.383285 41.525564 -552.948928 -1.113209 42.5113 -552.799104 -0.763765 42.417668 -552.56064 -0.46369 42.33726 -552.249984 -0.233434 42.275564 -551.888256 -0.08869 42.23678 -553 -12.7 41.500008 -551.500032 -14.2 40.000008 -551.64704 -14.192777 40.007232 -551.79264 -14.171178 40.028832 -552.074048 -14.085819 40.114188 -552.333376 -13.947205 40.252804 -552.56064 -13.76066 40.439348 -552.7472 -13.533356 40.666652 -552.885824 -13.274025 40.925984 -552.9712 -12.992636 41.207376 -552.948928 -8.568549 41.11178 -552.799104 -8.568549 40.750008 -552.56064 -8.568549 40.439348 -552.249984 -8.568549 40.200968 -551.888256 -8.568549 40.05112 -553 -12.7 43.035856 -551.500032 -14.2 41.535856 -551.64704 -14.192777 41.543076 -551.79264 -14.171178 41.564676 -552.074048 -14.085819 41.650036 -552.333376 -13.947205 41.788652 -552.56064 -13.76066 41.975192 -552.7472 -13.533356 42.2025 -552.885824 -13.274025 42.461832 -552.9712 -12.992636 42.743216 -552.249984 -19.93705 46.219616 -551.888256 -19.93705 46.069764 -552.56064 -19.93705 46.457992 -552.799104 -19.93705 46.768652 -552.948928 -19.93705 47.130424 -550 -14.2 40.000008 -550 -14.2 41.535856 -550 -2.937098 40.000008 -550 0.062901 43.000008 -550 -0.03932 42.223552 -550 -0.339021 41.500008 -550 -0.815777 40.878688 -550 -1.437098 40.401932 -550 -2.160641 40.102232 -550 0.062901 54.26296 -550 -1.472944 54.26296 -550 -1.472944 65.73706 -550 0.062901 65.73706 -550 0.062901 77.000008 -550 -2.937098 80.000008 -550 -2.160641 79.897792 -550 -1.437098 79.59808 -550 -0.815777 79.121328 -550 -0.339021 78.500008 -550 -0.03932 77.776464 -550 -14.2 80.000008 -550 -14.2 78.464168 -550 -25.674098 78.464168 -550 -25.674098 80.000008 -550 -36.9371 80.000008 -550 -14.937049 46.018652 -550 -24.93705 46.018652 -550 -24.93705 41.535856 -550 -37.713556 79.897792 -550 -38.4371 79.59808 -550 -39.05842 79.121328 -550 -39.535176 78.500008 -550 -39.834876 77.776464 -550 -39.9371 77.000008 -550 -39.9371 65.73706 -550 -38.401252 65.73706 -550 -38.401252 54.26296 -550 -39.9371 54.26296 -550 -39.9371 43.000008 -550 -39.834876 42.223552 -550 -39.535176 41.500008 -550 -39.05842 40.878688 -550 -38.4371 40.401932 -550 -37.713556 40.102232 -550 -36.9371 40.000008 -550 -25.674098 40.000008 -550 -25.674098 41.535856 -550 -14.937049 41.535856 -550 -15.0734 59.987152 -550 -15.240364 58.718936 -550 -15.729877 57.537152 -550 -16.508577 56.522328 -550 -17.523402 55.743628 -550 -18.705186 55.254116 -550 -19.9734 55.087152 -550 -21.241614 55.254116 -550 -22.4234 55.743628 -550 -23.438222 56.522328 -550 -24.216924 57.537152 -550 -24.706436 58.718936 -550 -24.8734 59.987152 -550 -24.706436 61.255368 -550 -24.216924 62.437152 -550 -23.438222 63.451976 -550 -22.4234 64.230676 -550 -21.241614 64.720192 -550 -19.9734 64.887152 -550 -18.705186 64.720192 -550 -17.523402 64.230676 -550 -16.508577 63.451976 -550 -15.729877 62.437152 -550 -15.240364 61.255368 -550 -36.006228 47.569064 -550 -35.467752 47.982256 -550 -34.840684 48.241992 -550 -34.167752 48.330584 -550 -33.494824 48.241992 -550 -32.867752 47.982256 -550 -32.329274 47.569064 -550 -31.916086 47.030588 -550 -31.656346 46.403516 -550 -31.567752 45.730588 -550 -31.656346 45.05766 -550 -31.916086 44.430588 -550 -32.329274 43.892108 -550 -32.867752 43.47892 -550 -33.494824 43.21918 -550 -34.167752 43.130588 -550 -34.840684 43.21918 -550 -35.467752 43.47892 -550 -36.006228 43.892108 -550 -36.41942 44.430588 -550 -36.67916 45.05766 -550 -36.767752 45.730588 -550 -36.67916 46.403516 -550 -36.41942 47.030588 -550 -3.829199 72.392184 -550 -4.367676 71.979 -550 -4.994747 71.719256 -550 -5.667676 71.630664 -550 -6.340606 71.719256 -550 -6.967676 71.979 -550 -7.506154 72.392184 -550 -7.919342 72.930664 -550 -8.179084 73.557728 -550 -8.267676 74.230656 -550 -8.179084 74.903592 -550 -7.919342 75.530664 -550 -7.506154 76.069136 -550 -6.967676 76.482328 -550 -6.340606 76.742072 -550 -5.667676 76.830664 -550 -4.994747 76.742072 -550 -4.367676 76.482328 -550 -3.829199 76.069136 -550 -3.41601 75.530664 -550 -3.156269 74.903592 -550 -3.067676 74.230656 -550 -3.156269 73.557728 -550 -3.41601 72.930664 -550 -32.329274 76.069136 -550 -31.916086 75.530664 -550 -31.656346 74.903592 -550 -31.567752 74.230656 -550 -31.656346 73.557728 -550 -31.916086 72.930664 -550 -32.329274 72.392184 -550 -32.867752 71.979 -550 -33.494824 71.719256 -550 -34.167752 71.630664 -550 -34.840684 71.719256 -550 -35.467752 71.979 -550 -36.006228 72.392184 -550 -36.41942 72.930664 -550 -36.67916 73.557728 -550 -36.767752 74.230656 -550 -36.67916 74.903592 -550 -36.41942 75.530664 -550 -36.006228 76.069136 -550 -35.467752 76.482328 -550 -34.840684 76.742072 -550 -34.167752 76.830664 -550 -33.494824 76.742072 -550 -32.867752 76.482328 -550 -7.506154 43.892108 -550 -7.919342 44.430588 -550 -8.179084 45.05766 -550 -8.267676 45.730588 -550 -8.179084 46.403516 -550 -7.919342 47.030588 -550 -7.506154 47.569064 -550 -6.967676 47.982256 -550 -6.340606 48.241992 -550 -5.667676 48.330584 -550 -4.994747 48.241992 -550 -4.367676 47.982256 -550 -3.829199 47.569064 -550 -3.41601 47.030588 -550 -3.156269 46.403516 -550 -3.067676 45.730588 -550 -3.156269 45.05766 -550 -3.41601 44.430588 -550 -3.829199 43.892108 -550 -4.367676 43.47892 -550 -4.994747 43.21918 -550 -5.667676 43.130588 -550 -6.340606 43.21918 -550 -6.967676 43.47892 -545 -7.506154 43.892108 -545 -7.919342 44.430588 -545 -8.179084 45.05766 -545 -8.267676 45.730588 -545 -8.179084 46.403516 -545 -7.919342 47.030588 -545 -7.506154 47.569064 -545 -6.967676 47.982256 -545 -6.340606 48.241992 -545 -5.667676 48.330584 -545 -4.994747 48.241992 -545 -4.367676 47.982256 -545 -3.829199 47.569064 -545 -3.41601 47.030588 -545 -3.156269 46.403516 -545 -3.067676 45.730588 -545 -3.156269 45.05766 -545 -3.41601 44.430588 -545 -3.829199 43.892108 -545 -4.367676 43.47892 -545 -4.994747 43.21918 -545 -5.667676 43.130588 -545 -6.340606 43.21918 -545 -6.967676 43.47892 -545 -32.329274 76.069136 -545 -31.916086 75.530664 -545 -31.656346 74.903592 -545 -31.567752 74.230656 -545 -31.656346 73.557728 -545 -31.916086 72.930664 -545 -32.329274 72.392184 -545 -32.867752 71.979 -545 -33.494824 71.719256 -545 -34.167752 71.630664 -545 -34.840684 71.719256 -545 -35.467752 71.979 -545 -36.006228 72.392184 -545 -36.41942 72.930664 -545 -36.67916 73.557728 -545 -36.767752 74.230656 -545 -36.67916 74.903592 -545 -36.41942 75.530664 -545 -36.006228 76.069136 -545 -35.467752 76.482328 -545 -34.840684 76.742072 -545 -34.167752 76.830664 -545 -33.494824 76.742072 -545 -32.867752 76.482328 -545 -36.006228 47.569064 -545 -35.467752 47.982256 -545 -34.840684 48.241992 -545 -34.167752 48.330584 -545 -33.494824 48.241992 -545 -32.867752 47.982256 -545 -32.329274 47.569064 -545 -31.916086 47.030588 -545 -31.656346 46.403516 -545 -31.567752 45.730588 -545 -31.656346 45.05766 -545 -31.916086 44.430588 -545 -32.329274 43.892108 -545 -32.867752 43.47892 -545 -33.494824 43.21918 -545 -34.167752 43.130588 -545 -34.840684 43.21918 -545 -35.467752 43.47892 -545 -36.006228 43.892108 -545 -36.41942 44.430588 -545 -36.67916 45.05766 -545 -36.767752 45.730588 -545 -36.67916 46.403516 -545 -36.41942 47.030588 -545 -3.829199 72.392184 -545 -4.367676 71.979 -545 -4.994747 71.719256 -545 -5.667676 71.630664 -545 -6.340606 71.719256 -545 -6.967676 71.979 -545 -7.506154 72.392184 -545 -7.919342 72.930664 -545 -8.179084 73.557728 -545 -8.267676 74.230656 -545 -8.179084 74.903592 -545 -7.919342 75.530664 -545 -7.506154 76.069136 -545 -6.967676 76.482328 -545 -6.340606 76.742072 -545 -5.667676 76.830664 -545 -4.994747 76.742072 -545 -4.367676 76.482328 -545 -3.829199 76.069136 -545 -3.41601 75.530664 -545 -3.156269 74.903592 -545 -3.067676 74.230656 -545 -3.156269 73.557728 -545 -3.41601 72.930664 -545 -15.0734 59.987152 -545 -15.240364 58.718936 -545 -15.729877 57.537152 -545 -16.508577 56.522328 -545 -17.523402 55.743628 -545 -18.705186 55.254116 -545 -19.9734 55.087152 -545 -21.241614 55.254116 -545 -22.4234 55.743628 -545 -23.438222 56.522328 -545 -24.216924 57.537152 -545 -24.706436 58.718936 -545 -24.8734 59.987152 -545 -24.706436 61.255368 -545 -24.216924 62.437152 -545 -23.438222 63.451976 -545 -22.4234 64.230676 -545 -21.241614 64.720192 -545 -19.9734 64.887152 -545 -18.705186 64.720192 -545 -17.523402 64.230676 -545 -16.508577 63.451976 -545 -15.729877 62.437152 -545 -15.240364 61.255368</float_array>
          <technique_common>
            <accessor source="#pos_0-array" count="2232" stride="3">
              <param name="X" type="float"/>
              <param name="Y" type="float"/>
              <param name="Z" type="float"/>
            </accessor>
          </technique_common>
        </source>
        <vertices id="vert_0">
          <input semantic="POSITION" source="#pos_0"/>
        </vertices>
        <triangles count="1484" material="mat_16">
          <input semantic="VERTEX" source="#vert_0" offset="0"/>
          <p>0 1 19 19 1 2 19 2 18 18 2 3 18 3 17 17 3 4 17 4 16 16 4 5 16 5 15 15 5 6 15 6 14 14 6 7 14 7 13 13 7 8 13 8 12 12 8 9 12 9 11 11 9 10 21 22 20 20 22 39 39 22 23 39 23 38 38 23 24 38 24 37 37 24 25 37 25 36 36 25 26 36 26 35 35 26 27 35 27 34 34 27 28 34 28 33 33 28 29 33 29 32 32 29 30 32 30 31 40 41 56 56 41 57 56 57 55 55 57 54 54 57 58 54 58 53 53 58 59 53 59 52 52 59 51 51 59 60 51 60 50 50 60 61 50 61 49 49 61 48 48 61 47 47 61 46 46 61 45 45 61 60 45 60 44 44 60 59 44 59 43 43 59 58 43 58 42 42 58 57 42 57 41 63 64 62 62 64 81 81 64 65 81 65 80 80 65 66 80 66 79 79 66 67 79 67 78 78 67 68 78 68 77 77 68 69 77 69 76 76 69 70 76 70 75 75 70 71 75 71 74 74 71 72 74 72 73 82 83 98 98 83 99 98 99 97 97 99 100 97 100 96 96 100 101 96 101 95 95 101 94 94 101 102 94 102 93 93 102 103 93 103 92 92 103 91 91 103 90 90 103 89 89 103 88 88 103 87 87 103 102 87 102 86 86 102 101 86 101 85 85 101 100 85 100 84 84 100 99 84 99 83 104 105 123 123 105 106 123 106 122 122 106 107 122 107 121 121 107 108 121 108 120 120 108 109 120 109 119 119 109 110 119 110 118 118 110 111 118 111 117 117 111 112 117 112 116 116 112 113 116 113 115 115 113 114 90 124 91 91 124 125 91 125 92 92 125 126 92 126 93 93 126 127 93 127 94 94 127 128 94 128 95 95 128 129 95 129 96 96 129 130 96 130 97 97 130 131 97 131 98 98 131 132 98 132 82 82 132 133 105 134 106 106 134 141 106 141 107 107 141 142 107 142 108 108 142 143 108 143 109 109 143 110 110 143 144 110 144 111 111 144 145 111 145 112 112 145 113 113 145 114 114 145 140 140 145 139 139 145 138 138 145 144 138 144 137 137 144 143 137 143 136 136 143 142 136 142 135 135 142 141 135 141 134 146 147 162 162 147 167 162 167 161 161 167 172 161 172 160 160 172 177 160 177 159 159 177 182 159 182 158 158 182 187 158 187 134 134 187 135 135 187 186 135 186 136 136 186 185 136 185 137 137 185 184 137 184 138 138 184 183 138 183 139 139 183 157 139 157 140 147 148 167 167 148 166 167 166 172 172 166 171 172 171 177 177 171 176 177 176 182 182 176 181 182 181 187 187 181 186 148 149 166 166 149 165 166 165 171 171 165 170 171 170 176 176 170 175 176 175 181 181 175 180 181 180 186 186 180 185 149 150 165 165 150 164 165 164 170 170 164 169 170 169 175 175 169 174 175 174 180 180 174 179 180 179 185 185 179 184 150 151 164 164 151 163 164 163 169 169 163 168 169 168 174 174 168 173 174 173 179 179 173 178 179 178 184 184 178 183 151 152 163 163 152 153 163 153 168 168 153 154 168 154 173 173 154 155 173 155 178 178 155 156 178 156 183 183 156 157 188 152 197 197 152 198 197 198 196 196 198 195 195 198 199 195 199 194 194 199 200 194 200 193 193 200 192 192 200 201 192 201 191 191 201 202 191 202 190 190 202 189 189 202 146 146 202 147 147 202 148 148 202 201 148 201 149 149 201 200 149 200 150 150 200 199 150 199 151 151 199 198 151 198 152 124 203 125 125 203 204 125 204 213 213 204 205 213 205 206 213 206 214 214 206 207 214 207 215 215 207 208 215 208 209 215 209 216 216 209 210 216 210 217 217 210 211 217 211 133 133 211 212 133 132 217 217 132 131 217 131 216 216 131 130 216 130 215 215 130 129 215 129 128 215 128 214 214 128 127 214 127 213 213 127 126 213 126 125 218 219 189 189 219 190 190 219 220 190 220 191 191 220 221 191 221 192 192 221 222 192 222 193 193 222 223 193 223 194 194 223 224 194 224 195 195 224 225 195 225 196 196 225 226 196 226 197 197 226 227 197 227 188 228 229 244 244 229 245 244 245 243 243 245 246 243 246 242 242 246 247 242 247 241 241 247 240 240 247 248 240 248 239 239 248 249 239 249 238 238 249 237 237 249 236 236 249 235 235 249 234 234 249 233 233 249 248 233 248 232 232 248 247 232 247 231 231 247 246 231 246 230 230 246 245 230 245 229 250 228 259 259 228 244 259 244 258 258 244 243 258 243 257 257 243 242 257 242 256 256 242 241 256 241 255 255 241 240 255 240 254 254 240 239 254 239 253 253 239 238 253 238 252 252 238 237 252 237 251 251 237 236 260 261 276 276 261 281 276 281 275 275 281 286 275 286 274 274 286 291 274 291 273 273 291 296 273 296 272 272 296 301 272 301 229 229 301 230 230 301 300 230 300 231 231 300 299 231 299 232 232 299 298 232 298 233 233 298 297 233 297 234 234 297 271 234 271 235 261 262 281 281 262 280 281 280 286 286 280 285 286 285 291 291 285 290 291 290 296 296 290 295 296 295 301 301 295 300 262 263 280 280 263 279 280 279 285 285 279 284 285 284 290 290 284 289 290 289 295 295 289 294 295 294 300 300 294 299 263 264 279 279 264 278 279 278 284 284 278 283 284 283 289 289 283 288 289 288 294 294 288 293 294 293 299 299 293 298 264 265 278 278 265 277 278 277 283 283 277 282 283 282 288 288 282 287 288 287 293 293 287 292 293 292 298 298 292 297 265 266 277 277 266 267 277 267 282 282 267 268 282 268 287 287 268 269 287 269 292 292 269 270 292 270 297 297 270 271 302 266 311 311 266 312 311 312 310 310 312 309 309 312 313 309 313 308 308 313 314 308 314 307 307 314 306 306 314 315 306 315 305 305 315 316 305 316 304 304 316 303 303 316 260 260 316 261 261 316 262 262 316 315 262 315 263 263 315 314 263 314 264 264 314 313 264 313 265 265 313 312 265 312 266 218 250 219 219 250 318 219 318 220 220 318 317 220 317 221 221 317 319 221 319 222 222 319 223 223 319 320 223 320 224 224 320 321 224 321 225 225 321 226 226 321 252 226 252 227 227 252 251 250 259 318 318 259 258 318 258 317 317 258 257 317 257 319 319 257 256 319 256 255 319 255 320 320 255 254 320 254 321 321 254 253 321 253 252 302 311 203 203 311 204 204 311 310 204 310 205 205 310 309 205 309 206 206 309 308 206 308 207 207 308 307 207 307 208 208 307 306 208 306 209 209 306 305 209 305 210 210 305 304 210 304 211 211 304 303 211 303 212 322 323 338 338 323 343 338 343 337 337 343 348 337 348 336 336 348 353 336 353 335 335 353 358 335 358 334 334 358 363 334 363 83 83 363 84 84 363 362 84 362 85 85 362 361 85 361 86 86 361 360 86 360 87 87 360 359 87 359 88 88 359 333 88 333 89 323 324 343 343 324 342 343 342 348 348 342 347 348 347 353 353 347 352 353 352 358 358 352 357 358 357 363 363 357 362 324 325 342 342 325 341 342 341 347 347 341 346 347 346 352 352 346 351 352 351 357 357 351 356 357 356 362 362 356 361 325 326 341 341 326 340 341 340 346 346 340 345 346 345 351 351 345 350 351 350 356 356 350 355 356 355 361 361 355 360 326 327 340 340 327 339 340 339 345 345 339 344 345 344 350 350 344 349 350 349 355 355 349 354 355 354 360 360 354 359 327 328 339 339 328 329 339 329 344 344 329 330 344 330 349 349 330 331 349 331 354 354 331 332 354 332 359 359 332 333 63 328 64 64 328 364 64 364 65 65 364 66 66 364 365 66 365 67 67 365 366 67 366 68 68 366 69 69 366 367 69 367 70 70 367 368 70 368 71 71 368 72 72 368 322 322 368 323 323 368 324 324 368 367 324 367 325 325 367 366 325 366 326 326 366 365 326 365 327 327 365 364 327 364 328 369 104 378 378 104 380 378 380 377 377 380 379 377 379 376 376 379 381 376 381 375 375 381 374 374 381 382 374 382 373 373 382 383 373 383 372 372 383 371 371 383 116 371 116 370 370 116 115 104 123 380 380 123 122 380 122 379 379 122 121 379 121 381 381 121 120 381 120 119 381 119 382 382 119 118 382 118 383 383 118 117 383 117 116 369 378 48 48 378 49 49 378 377 49 377 50 50 377 376 50 376 51 51 376 375 51 375 52 52 375 374 52 374 53 53 374 373 53 373 54 54 373 372 54 372 55 55 372 371 55 371 56 56 371 370 56 370 40 21 62 22 22 62 81 22 81 23 23 81 80 23 80 24 24 80 79 24 79 25 25 79 78 25 78 26 26 78 77 26 77 27 27 77 76 27 76 28 28 76 75 28 75 29 29 75 74 29 74 30 30 74 73 384 385 400 400 385 405 400 405 399 399 405 410 399 410 398 398 410 415 398 415 397 397 415 420 397 420 396 396 420 425 396 425 41 41 425 42 42 425 424 42 424 43 43 424 423 43 423 44 44 423 422 44 422 45 45 422 421 45 421 46 46 421 395 46 395 47 385 386 405 405 386 404 405 404 410 410 404 409 410 409 415 415 409 414 415 414 420 420 414 419 420 419 425 425 419 424 386 387 404 404 387 403 404 403 409 409 403 408 409 408 414 414 408 413 414 413 419 419 413 418 419 418 424 424 418 423 387 388 403 403 388 402 403 402 408 408 402 407 408 407 413 413 407 412 413 412 418 418 412 417 418 417 423 423 417 422 388 389 402 402 389 401 402 401 407 407 401 406 407 406 412 412 406 411 412 411 417 417 411 416 417 416 422 422 416 421 389 390 401 401 390 391 401 391 406 406 391 392 406 392 411 411 392 393 411 393 416 416 393 394 416 394 421 421 394 395 426 390 435 435 390 436 435 436 434 434 436 437 434 437 433 433 437 438 433 438 432 432 438 431 431 438 439 431 439 430 430 439 440 430 440 429 429 440 428 428 440 427 427 440 384 384 440 385 385 440 386 386 440 439 386 439 387 387 439 438 387 438 388 388 438 437 388 437 389 389 437 436 389 436 390 441 426 450 450 426 435 450 435 449 449 435 434 449 434 448 448 434 433 448 433 447 447 433 432 447 432 446 446 432 431 446 431 445 445 431 430 445 430 444 444 430 429 444 429 443 443 429 428 443 428 442 442 428 427 20 39 11 11 39 12 12 39 13 13 39 452 13 452 14 14 452 451 14 451 15 15 451 453 15 453 16 16 453 17 17 453 454 17 454 18 18 454 455 18 455 19 19 455 0 0 455 32 0 32 31 39 38 452 452 38 37 452 37 451 451 37 36 451 36 453 453 36 35 453 35 34 453 34 454 454 34 33 454 33 455 455 33 32 441 450 1 1 450 2 2 450 449 2 449 3 3 449 448 3 448 4 4 448 447 4 447 5 5 447 446 5 446 6 6 446 445 6 445 7 7 445 444 7 444 8 8 444 443 8 443 9 9 443 442 9 442 10 442 427 457 457 427 456 427 384 456 456 384 458 458 384 464 464 384 400 464 400 463 463 400 399 463 399 462 462 399 398 462 398 461 461 398 397 461 397 460 460 397 396 460 396 459 459 396 41 41 40 459 459 40 465 40 370 465 465 370 466 370 115 466 466 115 467 115 114 467 467 114 468 114 140 468 468 140 469 469 140 475 475 140 157 475 157 474 474 157 156 474 156 473 473 156 155 473 155 472 472 155 154 472 154 471 471 154 153 471 153 470 470 153 152 152 188 470 470 188 476 188 227 476 476 227 477 227 251 477 477 251 478 251 236 478 478 236 479 236 235 479 479 235 480 228 250 229 229 250 212 229 212 260 260 212 303 212 250 31 31 250 218 31 218 0 0 218 104 0 104 369 189 146 218 218 146 134 218 134 104 104 134 105 146 162 134 134 162 161 134 161 160 160 159 134 134 159 158 48 47 369 369 47 0 0 47 390 390 47 395 390 395 394 394 393 390 390 393 392 390 392 391 426 441 390 390 441 0 441 1 0 30 73 31 31 73 322 31 322 83 83 322 334 334 322 335 335 322 336 336 322 337 337 322 338 73 72 322 82 133 83 83 133 31 133 212 31 276 275 260 260 275 274 260 274 273 273 272 260 260 272 229 20 11 482 482 11 481 21 20 483 483 20 482 479 576 478 478 576 577 478 577 578 480 598 479 479 598 599 479 599 576 484 594 480 480 594 595 480 595 596 484 485 594 594 485 486 594 486 487 487 488 594 594 488 489 594 489 593 593 489 592 592 489 591 591 489 590 590 489 490 590 490 589 589 490 588 588 490 491 588 491 587 587 491 586 586 491 585 585 491 584 584 491 518 584 518 583 583 518 519 583 519 582 582 519 581 581 519 520 581 520 580 580 520 478 580 478 579 579 478 578 492 516 491 491 516 517 491 517 518 493 528 492 492 528 529 492 529 530 494 550 493 493 550 551 493 551 528 495 547 494 494 547 548 494 548 549 547 495 546 546 495 496 546 496 497 497 498 546 546 498 499 546 499 500 501 542 500 500 542 543 500 543 544 502 540 501 501 540 541 501 541 542 483 482 502 502 482 538 502 538 539 481 510 482 482 510 511 482 511 512 503 457 481 481 457 602 481 602 603 456 600 457 457 600 601 457 601 602 458 622 456 456 622 623 456 623 600 464 618 458 458 618 619 458 619 620 464 463 618 618 463 462 618 462 461 461 460 618 618 460 459 618 459 617 617 459 616 616 459 615 615 459 614 614 459 465 614 465 613 613 465 612 612 465 466 612 466 611 611 466 610 610 466 609 609 466 608 608 466 506 608 506 607 607 506 507 607 507 606 606 507 481 606 481 605 605 481 604 604 481 603 467 504 466 466 504 505 466 505 506 468 552 467 467 552 553 467 553 554 469 574 468 468 574 575 468 575 552 475 570 469 469 570 571 469 571 572 475 474 570 570 474 473 570 473 472 472 471 570 570 471 569 569 471 470 569 470 568 568 470 567 567 470 566 566 470 476 566 476 565 565 476 564 564 476 477 564 477 563 563 477 562 562 477 561 561 477 560 560 477 524 560 524 559 559 524 525 559 525 558 558 525 557 557 525 526 557 526 556 556 526 467 556 467 555 555 467 554 478 522 477 477 522 523 477 523 524 507 508 481 481 508 509 481 509 510 512 513 482 482 513 534 482 534 535 534 513 533 533 513 514 533 514 532 532 514 492 532 492 531 531 492 530 514 515 492 492 515 516 520 521 478 478 521 522 526 527 467 467 527 504 535 536 482 482 536 537 482 537 538 539 540 502 544 545 500 500 545 546 549 550 494 572 573 469 469 573 574 596 597 480 480 597 598 620 621 458 458 621 622 11 10 481 481 10 503 203 124 491 491 124 492 302 203 490 490 203 491 124 90 492 492 90 493 10 442 503 503 442 457 63 62 501 501 62 502 266 302 489 489 302 490 328 63 500 500 63 501 625 601 624 624 601 600 624 600 647 647 600 623 647 623 646 646 623 622 646 622 645 645 622 621 645 621 644 644 621 620 644 620 643 643 620 619 643 619 642 642 619 618 642 618 641 641 618 617 641 617 640 640 617 616 640 616 639 639 616 615 639 615 638 638 615 614 638 614 637 637 614 613 637 613 636 636 613 612 636 612 635 635 612 611 635 611 634 634 611 610 634 610 633 633 610 609 633 609 632 632 609 608 632 608 631 631 608 607 631 607 630 630 607 606 630 606 629 629 606 605 629 605 628 628 605 604 628 604 627 627 604 603 627 603 626 626 603 602 626 602 625 625 602 601 647 643 624 624 643 642 624 642 625 625 642 641 625 641 626 626 641 640 626 640 627 627 640 639 627 639 628 628 639 638 628 638 629 629 638 637 629 637 630 630 637 636 630 636 631 631 636 635 631 635 632 632 635 634 632 634 633 643 647 644 644 647 646 644 646 645 649 577 648 648 577 576 648 576 671 671 576 599 671 599 670 670 599 598 670 598 669 669 598 597 669 597 668 668 597 596 668 596 667 667 596 595 667 595 666 666 595 594 666 594 665 665 594 593 665 593 664 664 593 592 664 592 663 663 592 591 663 591 662 662 591 590 662 590 661 661 590 589 661 589 660 660 589 588 660 588 659 659 588 587 659 587 658 658 587 586 658 586 657 657 586 585 657 585 656 656 585 584 656 584 655 655 584 583 655 583 654 654 583 582 654 582 653 653 582 581 653 581 652 652 581 580 652 580 651 651 580 579 651 579 650 650 579 578 650 578 649 649 578 577 671 667 648 648 667 666 648 666 649 649 666 665 649 665 650 650 665 664 650 664 651 651 664 663 651 663 652 652 663 662 652 662 653 653 662 661 653 661 654 654 661 660 654 660 655 655 660 659 655 659 656 656 659 658 656 658 657 667 671 668 668 671 670 668 670 669 673 529 672 672 529 528 672 528 695 695 528 551 695 551 694 694 551 550 694 550 693 693 550 549 693 549 692 692 549 548 692 548 691 691 548 547 691 547 690 690 547 546 690 546 689 689 546 545 689 545 688 688 545 544 688 544 687 687 544 543 687 543 686 686 543 542 686 542 685 685 542 541 685 541 684 684 541 540 684 540 683 683 540 539 683 539 682 682 539 538 682 538 681 681 538 537 681 537 680 680 537 536 680 536 679 679 536 535 679 535 678 678 535 534 678 534 677 677 534 533 677 533 676 676 533 532 676 532 675 675 532 531 675 531 674 674 531 530 674 530 673 673 530 529 695 679 672 672 679 678 672 678 673 673 678 677 673 677 674 674 677 676 674 676 675 679 695 680 680 695 694 680 694 681 681 694 693 681 693 682 682 693 692 682 692 683 683 692 691 683 691 684 684 691 690 684 690 685 685 690 689 685 689 686 686 689 688 686 688 687 697 553 696 696 553 552 696 552 719 719 552 575 719 575 718 718 575 574 718 574 717 717 574 573 717 573 716 716 573 572 716 572 715 715 572 571 715 571 714 714 571 570 714 570 713 713 570 569 713 569 712 712 569 568 712 568 711 711 568 567 711 567 710 710 567 566 710 566 709 709 566 565 709 565 708 708 565 564 708 564 707 707 564 563 707 563 706 706 563 562 706 562 705 705 562 561 705 561 704 704 561 560 704 560 703 703 560 559 703 559 702 702 559 558 702 558 701 701 558 557 701 557 700 700 557 556 700 556 699 699 556 555 699 555 698 698 555 554 698 554 697 697 554 553 719 703 696 696 703 702 696 702 697 697 702 701 697 701 698 698 701 700 698 700 699 703 719 704 704 719 718 704 718 705 705 718 717 705 717 706 706 717 716 706 716 707 707 716 715 707 715 708 708 715 714 708 714 709 709 714 713 709 713 710 710 713 712 710 712 711 62 21 502 502 21 483 721 505 720 720 505 504 720 504 743 743 504 527 743 527 742 742 527 526 742 526 741 741 526 525 741 525 740 740 525 524 740 524 739 739 524 523 739 523 738 738 523 522 738 522 737 737 522 521 737 521 736 736 521 520 736 520 735 735 520 519 735 519 734 734 519 518 734 518 733 733 518 517 733 517 732 732 517 516 732 516 731 731 516 515 731 515 730 730 515 514 730 514 729 729 514 513 729 513 728 728 513 512 728 512 727 727 512 511 727 511 726 726 511 510 726 510 725 725 510 509 725 509 724 724 509 508 724 508 723 723 508 507 723 507 722 722 507 506 722 506 721 721 506 505 743 733 720 720 733 732 720 732 721 721 732 731 721 731 722 722 731 730 722 730 723 723 730 729 723 729 724 724 729 728 724 728 725 725 728 727 725 727 726 733 743 734 734 743 742 734 742 735 735 742 741 735 741 736 736 741 740 736 740 737 737 740 739 737 739 738 494 89 495 495 89 333 495 333 496 496 333 332 496 332 497 497 332 331 497 331 498 498 331 330 498 330 499 499 330 329 499 329 500 500 329 328 90 89 493 493 89 494 480 235 484 484 235 271 484 271 485 485 271 270 485 270 486 486 270 269 486 269 487 487 269 268 487 268 488 488 268 267 488 267 489 489 267 266</p>
        </triangles>
      </mesh>
    </geometry>
    <geometry id="geometry_03a2ee1c_f9bf_4c28_88e5_c7a6432a33f2">
      <mesh>
        <source id="pos_1">
          <float_array id="pos_1-array" count="36">0 -5 85 40 -5 85 40 -5 120 0 -5 120 40 0 120 0 0 120 40 0 80 0 0 80 40 -40 80 40 -40 85 0 -40 80 0 -40 85</float_array>
          <technique_common>
            <accessor source="#pos_1-array" count="36" stride="3">
              <param name="X" type="float"/>
              <param name="Y" type="float"/>
              <param name="Z" type="float"/>
            </accessor>
          </technique_common>
        </source>
        <vertices id="vert_1">
          <input semantic="POSITION" source="#pos_1"/>
        </vertices>
        <triangles count="20" material="mat_16">
          <input semantic="VERTEX" source="#vert_1" offset="0"/>
          <p>0 1 3 3 1 2 4 5 2 2 5 3 6 7 4 4 7 5 9 8 1 1 8 6 1 6 4 4 2 1 10 8 11 11 8 9 5 7 0 0 7 10 0 10 11 0 3 5 0 11 1 1 11 9 10 7 8 8 7 6</p>
        </triangles>
      </mesh>
    </geometry>
    <geometry id="geometry_01c3be71_72eb_4edf_b8e1_765c49093f43">
      <mesh>
        <source id="pos_2">
          <float_array id="pos_2-array" count="36">0 -5 35 40 -5 35 40 -40 35 0 -40 35 40 -40 40 0 -40 40 40 0 40 0 0 40 40 0 0 40 -5 0 0 0 0 0 -5 0</float_array>
          <technique_common>
            <accessor source="#pos_2-array" count="36" stride="3">
              <param name="X" type="float"/>
              <param name="Y" type="float"/>
              <param name="Z" type="float"/>
            </accessor>
          </technique_common>
        </source>
        <vertices id="vert_2">
          <input semantic="POSITION" source="#pos_2"/>
        </vertices>
        <triangles count="20" material="mat_16">
          <input semantic="VERTEX" source="#vert_2" offset="0"/>
          <p>0 1 3 3 1 2 5 3 4 4 3 2 6 7 4 4 7 5 9 8 1 1 8 6 1 6 4 4 2 1 10 8 11 11 8 9 5 7 0 0 7 10 0 10 11 0 3 5 0 11 1 1 11 9 10 7 8 8 7 6</p>
        </triangles>
      </mesh>
    </geometry>
    <geometry id="geometry_d50ba041_aae8_44ad_8198_56669a5c7620">
      <mesh>
        <source id="pos_3">
          <float_array id="pos_3-array" count="1002">-20.138432 3.099998 63.902584 -20.138432 3.099998 56.228484 -15.838431 3.099998 56.228484 -15.838431 3.099998 63.902584 -20.138432 -0.100001 56.228484 -15.838431 -0.100001 56.228484 -20.138432 -0.100001 63.902584 -15.838431 -0.100001 63.902584 -20.138432 0.999998 39.328484 -20.138432 0.741179 39.36256 -20.138432 0.499998 39.46246 -20.138432 0.292891 39.621376 -20.138432 0.133973 39.828484 -20.138432 0.034072 40.069664 -20.138432 -1E-06 40.328484 -20.138432 -1E-06 54.328484 -20.138432 -1.535847 54.328484 -20.138432 -1.535847 65.80258 -20.138432 -1E-06 65.80258 -20.138432 -1E-06 79.802536 -20.138432 0.034072 80.061352 -20.138432 0.133973 80.302536 -20.138432 0.292891 80.50964 -20.138432 0.499998 80.66856 -20.138432 0.741179 80.768456 -20.138432 0.999998 80.802536 -20.138432 16.999998 80.802536 -20.138432 16.999998 70.802536 -20.138432 8.999999 70.802536 -20.138432 8.999999 49.328484 -20.138432 16.999998 49.328484 -20.138432 16.999998 39.328484 -0.138431 3.099998 56.228484 -0.138431 3.099998 63.902584 -4.438431 3.099998 63.902584 -4.438431 3.099998 56.228484 -0.138431 -0.100001 63.902584 -4.438431 -0.100001 63.902584 -0.138431 -0.100001 56.228484 -4.438431 -0.100001 56.228484 -0.138431 -1E-06 40.328484 -0.138431 0.034072 40.069664 -0.138431 0.133973 39.828484 -0.138431 0.292891 39.621376 -0.138431 0.499998 39.46246 -0.138431 0.741179 39.36256 -0.138431 0.999998 39.328484 -0.138431 16.999998 39.328484 -0.138431 16.999998 49.328484 -0.138431 8.999999 49.328484 -0.138431 8.999999 70.802536 -0.138431 16.999998 70.802536 -0.138431 16.999998 80.802536 -0.138431 0.999998 80.802536 -0.138431 0.741179 80.768456 -0.138431 0.499998 80.66856 -0.138431 0.292891 80.50964 -0.138431 0.133973 80.302536 -0.138431 0.034072 80.061352 -0.138431 -1E-06 79.802536 -0.138431 -1E-06 65.80258 -0.138431 -1.535847 65.80258 -0.138431 -1.535847 54.328484 -0.138431 -1E-06 54.328484 -5.138431 0.741179 39.36256 -10.138432 0.741179 39.36256 -15.138432 0.741179 39.36256 -5.138431 0.499998 39.46246 -10.138432 0.499998 39.46246 -15.138432 0.499998 39.46246 -5.138431 0.292891 39.621376 -10.138432 0.292891 39.621376 -15.138432 0.292891 39.621376 -5.138431 0.133973 39.828484 -10.138432 0.133973 39.828484 -15.138432 0.133973 39.828484 -5.138431 0.034072 40.069664 -10.138432 0.034072 40.069664 -15.138432 0.034072 40.069664 -5.138431 0.034072 80.061352 -10.138432 0.034072 80.061352 -15.138432 0.034072 80.061352 -5.138431 0.133973 80.302536 -10.138432 0.133973 80.302536 -15.138432 0.133973 80.302536 -5.138431 0.292891 80.50964 -10.138432 0.292891 80.50964 -15.138432 0.292891 80.50964 -5.138431 0.499998 80.66856 -10.138432 0.499998 80.66856 -15.138432 0.499998 80.66856 -5.138431 0.741179 80.768456 -10.138432 0.741179 80.768456 -15.138432 0.741179 80.768456 -10.125897 -1E-06 73.077552 -10.83118 -1E-06 73.1704 -11.488398 -1E-06 73.442624 -12.052764 -1E-06 73.875688 -12.485817 -1E-06 74.440048 -12.758045 -1E-06 75.097264 -12.850898 -1E-06 75.802552 -12.758045 -1E-06 76.507824 -12.485817 -1E-06 77.165048 -12.052764 -1E-06 77.729416 -11.488398 -1E-06 78.162464 -10.83118 -1E-06 78.434704 -10.125897 -1E-06 78.527552 -9.420616 -1E-06 78.434704 -8.763397 -1E-06 78.162464 -8.199032 -1E-06 77.729416 -7.765978 -1E-06 77.165048 -7.493749 -1E-06 76.507824 -7.400897 -1E-06 75.802552 -7.493749 -1E-06 75.097264 -7.765978 -1E-06 74.440048 -8.199032 -1E-06 73.875688 -8.763397 -1E-06 73.442624 -9.420616 -1E-06 73.1704 -10.138432 -1E-06 41.603484 -9.433149 -1E-06 41.696336 -8.775931 -1E-06 41.968568 -8.211566 -1E-06 42.40162 -7.778512 -1E-06 42.965984 -7.506284 -1E-06 43.623204 -7.413431 -1E-06 44.328484 -7.506284 -1E-06 45.033768 -7.778512 -1E-06 45.690984 -8.211566 -1E-06 46.255352 -8.775931 -1E-06 46.688404 -9.433149 -1E-06 46.960632 -10.138432 -1E-06 47.053484 -10.843714 -1E-06 46.960632 -11.500932 -1E-06 46.688404 -12.065298 -1E-06 46.255352 -12.498351 -1E-06 45.690984 -12.770579 -1E-06 45.033768 -12.863432 -1E-06 44.328484 -12.770579 -1E-06 43.623204 -12.498351 -1E-06 42.965984 -12.065298 -1E-06 42.40162 -11.500932 -1E-06 41.968568 -10.843714 -1E-06 41.696336 -10.138432 16.999998 41.603484 -10.843714 16.999998 41.696336 -11.500932 16.999998 41.968568 -12.065298 16.999998 42.40162 -12.498351 16.999998 42.965984 -12.770579 16.999998 43.623204 -12.863432 16.999998 44.328484 -12.770579 16.999998 45.033768 -12.498351 16.999998 45.690984 -12.065298 16.999998 46.255352 -11.500932 16.999998 46.688404 -10.843714 16.999998 46.960632 -10.138432 16.999998 47.053484 -9.433149 16.999998 46.960632 -8.775931 16.999998 46.688404 -8.211566 16.999998 46.255352 -7.778512 16.999998 45.690984 -7.506284 16.999998 45.033768 -7.413431 16.999998 44.328484 -7.506284 16.999998 43.623204 -7.778512 16.999998 42.965984 -8.211566 16.999998 42.40162 -8.775931 16.999998 41.968568 -9.433149 16.999998 41.696336 -10.138432 8.499999 41.603484 -9.433149 8.499999 41.696336 -8.775931 8.499999 41.968568 -8.211566 8.499999 42.40162 -7.778512 8.499999 42.965984 -7.506284 8.499999 43.623204 -7.413431 8.499999 44.328484 -7.506284 8.499999 45.033768 -7.778512 8.499999 45.690984 -8.211566 8.499999 46.255352 -8.775931 8.499999 46.688404 -9.433149 8.499999 46.960632 -10.138432 8.499999 47.053484 -10.843714 8.499999 46.960632 -11.500932 8.499999 46.688404 -12.065298 8.499999 46.255352 -12.498351 8.499999 45.690984 -12.770579 8.499999 45.033768 -12.863432 8.499999 44.328484 -12.770579 8.499999 43.623204 -12.498351 8.499999 42.965984 -12.065298 8.499999 42.40162 -11.500932 8.499999 41.968568 -10.843714 8.499999 41.696336 -10.125897 16.999998 73.077552 -9.420616 16.999998 73.1704 -8.763397 16.999998 73.442624 -8.199032 16.999998 73.875688 -7.765978 16.999998 74.440048 -7.493749 16.999998 75.097264 -7.400897 16.999998 75.802552 -7.493749 16.999998 76.507824 -7.765978 16.999998 77.165048 -8.199032 16.999998 77.729416 -8.763397 16.999998 78.162464 -9.420616 16.999998 78.434704 -10.125897 16.999998 78.527552 -10.83118 16.999998 78.434704 -11.488398 16.999998 78.162464 -12.052764 16.999998 77.729416 -12.485817 16.999998 77.165048 -12.758045 16.999998 76.507824 -12.850898 16.999998 75.802552 -12.758045 16.999998 75.097264 -12.485817 16.999998 74.440048 -12.052764 16.999998 73.875688 -11.488398 16.999998 73.442624 -10.83118 16.999998 73.1704 -10.138432 8.999999 66.065504 -11.691346 8.999999 65.86106 -13.138432 8.999999 65.261656 -14.381072 8.999999 64.308152 -15.334584 8.999999 63.065508 -15.933987 8.999999 61.618424 -16.138432 8.999999 60.065508 -15.933987 8.999999 58.512596 -15.334584 8.999999 57.065508 -14.381072 8.999999 55.822868 -13.138432 8.999999 54.86936 -11.691346 8.999999 54.269956 -10.138432 8.999999 54.065508 -8.585517 8.999999 54.269956 -7.138431 8.999999 54.86936 -5.895791 8.999999 55.822868 -4.942279 8.999999 57.065508 -4.342877 8.999999 58.512596 -4.138431 8.999999 60.065508 -4.342877 8.999999 61.618424 -4.942279 8.999999 63.065508 -5.895791 8.999999 64.308152 -7.138431 8.999999 65.261656 -8.585517 8.999999 65.86106 -10.138432 3.999998 57.565508 -9.491385 3.999998 57.650696 -8.888432 3.999998 57.900444 -8.370664 3.999998 58.29774 -7.973368 3.999998 58.815508 -7.723617 3.999998 59.41846 -7.638431 3.999998 60.065508 -7.723617 3.999998 60.712556 -7.973368 3.999998 61.315508 -8.370664 3.999998 61.833276 -8.888432 3.999998 62.230572 -9.491385 3.999998 62.480324 -10.138432 3.999998 62.565508 -10.78548 3.999998 62.480324 -11.388432 3.999998 62.230572 -11.906199 3.999998 61.833276 -12.303495 3.999998 61.315508 -12.553246 3.999998 60.712556 -12.638432 3.999998 60.065508 -12.553246 3.999998 59.41846 -12.303495 3.999998 58.815508 -11.906199 3.999998 58.29774 -11.388432 3.999998 57.900444 -10.78548 3.999998 57.650696 -16.138432 3.999998 60.065508 -15.933987 3.999998 61.618424 -15.334584 3.999998 63.065508 -14.381072 3.999998 64.308152 -13.138432 3.999998 65.261656 -11.691346 3.999998 65.86106 -10.138432 3.999998 66.065504 -8.585517 3.999998 65.86106 -7.138431 3.999998 65.261656 -5.895791 3.999998 64.308152 -4.942279 3.999998 63.065508 -4.342877 3.999998 61.618424 -4.138431 3.999998 60.065508 -4.342877 3.999998 58.512596 -4.942279 3.999998 57.065508 -5.895791 3.999998 55.822868 -7.138431 3.999998 54.86936 -8.585517 3.999998 54.269956 -10.138432 3.999998 54.065508 -11.691346 3.999998 54.269956 -13.138432 3.999998 54.86936 -14.381072 3.999998 55.822868 -15.334584 3.999998 57.065508 -15.933987 3.999998 58.512596 -10.138432 -1.535847 57.565508 -10.78548 -1.535847 57.650696 -11.388432 -1.535847 57.900444 -11.906199 -1.535847 58.29774 -12.303495 -1.535847 58.815508 -12.553246 -1.535847 59.41846 -12.638432 -1.535847 60.065508 -12.553246 -1.535847 60.712556 -12.303495 -1.535847 61.315508 -11.906199 -1.535847 61.833276 -11.388432 -1.535847 62.230572 -10.78548 -1.535847 62.480324 -10.138432 -1.535847 62.565508 -9.491385 -1.535847 62.480324 -8.888432 -1.535847 62.230572 -8.370664 -1.535847 61.833276 -7.973368 -1.535847 61.315508 -7.723617 -1.535847 60.712556 -7.638431 -1.535847 60.065508 -7.723617 -1.535847 59.41846 -7.973368 -1.535847 58.815508 -8.370664 -1.535847 58.29774 -8.888432 -1.535847 57.900444 -9.491385 -1.535847 57.650696 -10.125897 8.499999 73.077552 -9.420616 8.499999 73.1704 -8.763397 8.499999 73.442624 -8.199032 8.499999 73.875688 -7.765978 8.499999 74.440048 -7.493749 8.499999 75.097264 -7.400897 8.499999 75.802552 -7.493749 8.499999 76.507824 -7.765978 8.499999 77.165048 -8.199032 8.499999 77.729416 -8.763397 8.499999 78.162464 -9.420616 8.499999 78.434704 -10.125897 8.499999 78.527552 -10.83118 8.499999 78.434704 -11.488398 8.499999 78.162464 -12.052764 8.499999 77.729416 -12.485817 8.499999 77.165048 -12.758045 8.499999 76.507824 -12.850898 8.499999 75.802552 -12.758045 8.499999 75.097264 -12.485817 8.499999 74.440048 -12.052764 8.499999 73.875688 -11.488398 8.499999 73.442624 -10.83118 8.499999 73.1704</float_array>
          <technique_common>
            <accessor source="#pos_3-array" count="1002" stride="3">
              <param name="X" type="float"/>
              <param name="Y" type="float"/>
              <param name="Z" type="float"/>
            </accessor>
          </technique_common>
        </source>
        <vertices id="vert_3">
          <input semantic="POSITION" source="#pos_3"/>
        </vertices>
        <triangles count="676" material="mat_16">
          <input semantic="VERTEX" source="#vert_3" offset="0"/>
          <p>0 1 3 3 1 2 1 4 2 2 4 5 4 6 5 5 6 7 6 0 7 7 0 3 7 3 5 5 3 2 0 28 1 1 28 29 1 29 8 8 29 31 31 29 30 6 18 0 0 18 25 0 25 28 28 25 26 28 26 27 18 6 17 17 6 4 17 4 16 16 4 15 15 4 1 15 1 8 15 8 14 14 8 9 14 9 10 10 11 14 14 11 12 14 12 13 18 19 25 25 19 24 24 19 23 23 19 22 22 19 21 21 19 20 32 33 35 35 33 34 33 36 34 34 36 37 36 38 37 37 38 39 38 32 39 39 32 35 39 35 37 37 35 34 32 50 33 33 50 53 33 53 60 60 53 59 59 53 54 59 54 55 38 63 32 32 63 46 32 46 49 49 46 47 49 47 48 36 61 38 38 61 62 38 62 63 61 36 60 60 36 33 41 42 40 40 42 43 40 43 44 44 45 40 40 45 46 40 46 63 49 50 32 51 52 50 50 52 53 55 56 59 59 56 57 59 57 58 45 64 46 46 64 65 46 65 8 8 65 66 8 66 9 9 66 10 10 66 69 10 69 11 11 69 72 11 72 12 12 72 75 12 75 13 13 75 78 13 78 14 14 78 77 14 77 40 40 77 76 40 76 41 41 76 42 42 76 73 42 73 43 43 73 70 43 70 44 44 70 67 44 67 45 45 67 64 69 66 65 65 64 68 68 64 67 68 67 71 71 67 70 71 70 74 74 70 73 74 73 77 77 73 76 72 69 68 68 69 65 72 68 71 75 72 71 75 71 74 78 75 74 78 74 77 8 31 46 46 31 47 58 79 59 59 79 80 59 80 19 19 80 81 19 81 20 20 81 21 21 81 84 21 84 22 22 84 87 22 87 23 23 87 90 23 90 24 24 90 93 24 93 25 25 93 92 25 92 53 53 92 91 53 91 54 54 91 55 55 91 88 55 88 56 56 88 85 56 85 57 57 85 82 57 82 58 58 82 79 84 81 80 80 79 83 83 79 82 83 82 86 86 82 85 86 85 89 89 85 88 89 88 92 92 88 91 87 84 83 83 84 80 87 83 86 90 87 86 90 86 89 93 90 89 93 89 92 95 18 94 94 18 60 94 60 117 117 60 116 116 60 115 115 60 114 114 60 113 113 60 59 113 59 112 112 59 111 111 59 110 110 59 109 109 59 108 108 59 107 107 59 106 106 59 19 106 19 105 105 19 104 104 19 103 103 19 102 102 19 101 101 19 100 100 19 99 99 19 18 99 18 98 98 18 97 97 18 96 96 18 95 119 167 118 118 167 166 118 166 141 141 166 189 141 189 140 140 189 188 140 188 139 139 188 187 139 187 138 138 187 186 138 186 137 137 186 185 137 185 136 136 185 184 136 184 135 135 184 183 135 183 134 134 183 182 134 182 133 133 182 181 133 181 132 132 181 180 132 180 131 131 180 179 131 179 130 130 179 178 130 178 129 129 178 177 129 177 128 128 177 176 128 176 127 127 176 175 127 175 126 126 175 174 126 174 125 125 174 173 125 173 124 124 173 172 124 172 123 123 172 171 123 171 122 122 171 170 122 170 121 121 170 169 121 169 120 120 169 168 120 168 119 119 168 167 143 189 142 142 189 166 142 166 165 165 166 167 165 167 164 164 167 168 164 168 163 163 168 169 163 169 162 162 169 170 162 170 161 161 170 171 161 171 160 160 171 172 160 172 159 159 172 173 159 173 158 158 173 174 158 174 157 157 174 175 157 175 156 156 175 176 156 176 155 155 176 177 155 177 154 154 177 178 154 178 153 153 178 179 153 179 152 152 179 180 152 180 151 151 180 181 151 181 150 150 181 182 150 182 149 149 182 183 149 183 148 148 183 184 148 184 147 147 184 185 147 185 146 146 185 186 146 186 145 145 186 187 145 187 144 144 187 188 144 188 143 143 188 189 40 118 14 14 118 141 14 141 140 63 125 40 40 125 124 40 124 123 15 130 63 63 130 129 63 129 128 14 135 15 15 135 134 15 134 133 140 139 14 14 139 138 14 138 137 137 136 14 14 136 135 133 132 15 15 132 131 15 131 130 128 127 63 63 127 126 63 126 125 123 122 40 40 122 121 40 121 120 120 119 40 40 119 118 165 47 142 142 47 31 142 31 143 143 31 144 144 31 145 145 31 146 146 31 147 147 31 148 148 31 30 148 30 149 149 30 150 150 30 151 151 30 152 152 30 153 153 30 154 154 30 48 154 48 155 155 48 156 156 48 157 157 48 158 158 48 159 159 48 160 160 48 47 160 47 161 161 47 162 162 47 163 163 47 164 164 47 165 191 51 190 190 51 27 190 27 213 213 27 212 212 27 211 211 27 210 210 27 209 209 27 208 208 27 26 208 26 207 207 26 206 206 26 205 205 26 204 204 26 203 203 26 202 202 26 52 202 52 201 201 52 200 200 52 199 199 52 198 198 52 197 197 52 196 196 52 51 196 51 195 195 51 194 194 51 193 193 51 192 192 51 191 27 51 28 28 51 50 49 232 50 50 232 233 50 233 234 29 226 49 49 226 227 49 227 228 28 220 29 29 220 221 29 221 222 50 214 28 28 214 215 28 215 216 216 217 28 28 217 218 28 218 219 219 220 28 222 223 29 29 223 224 29 224 225 225 226 29 228 229 49 49 229 230 49 230 231 231 232 49 234 235 50 50 235 236 50 236 237 237 214 50 261 238 280 280 238 239 280 239 279 279 239 240 279 240 278 278 240 241 278 241 277 277 241 242 277 242 276 276 242 243 276 243 275 275 243 244 275 244 274 274 244 273 273 244 245 273 245 272 272 245 246 272 246 271 271 246 247 271 247 270 270 247 248 270 248 269 269 248 249 269 249 268 268 249 250 268 250 267 267 250 251 267 251 252 267 252 266 266 252 253 266 253 265 265 253 254 265 254 264 264 254 255 264 255 263 263 255 256 263 256 262 262 256 285 285 256 257 285 257 284 284 257 258 284 258 283 283 258 259 283 259 282 282 259 260 282 260 281 281 260 261 281 261 280 63 62 15 15 62 16 287 16 286 286 16 62 286 62 309 309 62 308 308 62 307 307 62 306 306 62 305 305 62 304 304 62 61 304 61 303 303 61 302 302 61 301 301 61 300 300 61 299 299 61 298 298 61 17 298 17 297 297 17 296 296 17 295 295 17 294 294 17 293 293 17 292 292 17 16 292 16 291 291 16 290 290 16 289 289 16 288 288 16 287 61 60 17 17 60 18 48 30 49 49 30 29 261 287 238 238 287 286 238 286 239 239 286 309 239 309 240 240 309 308 240 308 241 241 308 307 241 307 242 242 307 306 242 306 243 243 306 305 243 305 244 244 305 304 244 304 245 245 304 303 245 303 246 246 303 302 246 302 247 247 302 301 247 301 248 248 301 300 248 300 249 249 300 299 249 299 250 250 299 298 250 298 251 251 298 297 251 297 252 252 297 296 252 296 253 253 296 295 253 295 254 254 295 294 254 294 255 255 294 293 255 293 256 256 293 292 256 292 257 257 292 291 257 291 258 258 291 290 258 290 259 259 290 289 259 289 260 260 289 288 260 288 261 261 288 287 237 269 214 214 269 268 214 268 215 215 268 267 215 267 216 216 267 266 216 266 217 217 266 265 217 265 218 218 265 264 218 264 219 219 264 263 219 263 220 220 263 262 220 262 221 221 262 285 221 285 222 222 285 284 222 284 223 223 284 283 223 283 224 224 283 282 224 282 225 225 282 281 225 281 226 226 281 280 226 280 227 227 280 279 227 279 228 228 279 278 228 278 229 229 278 277 229 277 230 230 277 276 230 276 231 231 276 275 231 275 232 232 275 274 232 274 233 233 274 273 233 273 234 234 273 272 234 272 235 235 272 271 235 271 236 236 271 270 236 270 237 237 270 269 53 52 25 25 52 26 117 311 94 94 311 310 94 310 95 95 310 333 95 333 96 96 333 332 96 332 97 97 332 331 97 331 98 98 331 330 98 330 99 99 330 329 99 329 100 100 329 328 100 328 101 101 328 327 101 327 102 102 327 326 102 326 103 103 326 325 103 325 104 104 325 324 104 324 105 105 324 323 105 323 106 106 323 322 106 322 107 107 322 321 107 321 108 108 321 320 108 320 109 109 320 319 109 319 110 110 319 318 110 318 111 111 318 317 111 317 112 112 317 316 112 316 113 113 316 315 113 315 114 114 315 314 114 314 115 115 314 313 115 313 116 116 313 312 116 312 117 117 312 311 213 333 190 190 333 310 190 310 191 191 310 311 191 311 192 192 311 312 192 312 193 193 312 313 193 313 194 194 313 314 194 314 195 195 314 315 195 315 196 196 315 316 196 316 197 197 316 317 197 317 198 198 317 318 198 318 199 199 318 319 199 319 200 200 319 320 200 320 201 201 320 321 201 321 202 202 321 322 202 322 203 203 322 323 203 323 204 204 323 324 204 324 205 205 324 325 205 325 206 206 325 326 206 326 207 207 326 327 207 327 208 208 327 328 208 328 209 209 328 329 209 329 210 210 329 330 210 330 211 211 330 331 211 331 212 212 331 332 212 332 213 213 332 333</p>
        </triangles>
      </mesh>
    </geometry>
    <geometry id="geometry_81affb70_e353_4666_981b_e4f89c2896b5">
      <mesh>
        <source id="pos_4">
          <float_array id="pos_4-array" count="603">-120 -33.3 2.227154 -120 -33.385186 2.874201 -120 -33.634936 3.477154 -120 -34.032236 3.994921 -120 -34.55 4.392217 -120 -35.152956 4.641968 -120 -35.8 4.727154 -120 -36.447048 4.641968 -120 -37.05 4.392217 -120 -37.567768 3.994921 -120 -37.965064 3.477154 -120 -38.214812 2.874201 -120 -38.3 2.227154 -120 -38.214812 1.580106 -120 -37.965064 0.977154 -120 -37.567768 0.459387 -120 -37.05 0.06209 -120 -36.447048 -0.18766 -120 -35.8 -0.272845 -120 -35.152956 -0.18766 -120 -34.55 0.06209 -120 -34.032236 0.459387 -120 -33.634936 0.977154 -120 -33.385186 1.580106 -140 -33.3 2.227154 -140 -33.385186 1.580106 -140 -33.634936 0.977154 -140 -34.032236 0.459387 -140 -34.55 0.06209 -140 -35.152956 -0.18766 -140 -35.8 -0.272845 -140 -36.447048 -0.18766 -140 -37.05 0.06209 -140 -37.567768 0.459387 -140 -37.965064 0.977154 -140 -38.214812 1.580106 -140 -38.3 2.227154 -140 -38.214812 2.874201 -140 -37.965064 3.477154 -140 -37.567768 3.994921 -140 -37.05 4.392217 -140 -36.447048 4.641968 -140 -35.8 4.727154 -140 -35.152956 4.641968 -140 -34.55 4.392217 -140 -34.032236 3.994921 -140 -33.634936 3.477154 -140 -33.385186 2.874201 -130 -33.3 2.227154 -130 -33.385186 2.874201 -130 -33.634936 3.477154 -130 -34.032236 3.994921 -130 -34.55 4.392217 -130 -35.152956 4.641968 -130 -35.8 4.727154 -130 -36.447048 4.641968 -130 -37.05 4.392217 -130 -37.567768 3.994921 -130 -37.965064 3.477154 -130 -38.214812 2.874201 -130 -38.3 2.227154 -130 -38.214812 1.580106 -130 -37.965064 0.977154 -130 -37.567768 0.459387 -130 -37.05 0.06209 -130 -36.447048 -0.18766 -130 -35.8 -0.272845 -130 -35.152956 -0.18766 -130 -34.55 0.06209 -130 -34.032236 0.459387 -130 -33.634936 0.977154 -130 -33.385186 1.580106 -120 -38.3 -5.272845 -120 -38.947048 -5.18766 -120 -39.55 -4.937909 -120 -40.067768 -4.540612 -120 -40.465064 -4.022845 -120 -40.714812 -3.419893 -120 -40.8 -2.772845 -140 -40.8 -2.772845 -140 -40.714812 -3.419893 -140 -40.465064 -4.022845 -140 -40.067768 -4.540612 -140 -39.55 -4.937909 -140 -38.947048 -5.18766 -140 -38.3 -5.272845 -130 -38.947048 -5.18766 -130 -39.55 -4.937909 -130 -40.067768 -4.540612 -130 -40.465064 -4.022845 -130 -40.714812 -3.419893 -120 -40.8 38.964152 -140 -40.8 38.964152 -120 -33.3 -5.272845 -120 -32.652954 -5.18766 -120 -32.05 -4.937909 -120 -31.532232 -4.540612 -120 -31.134938 -4.022845 -120 -30.885186 -3.419893 -120 -30.8 -2.772845 -120 -30.8 35.964152 -120 -9.325951 35.964152 -120 -9.325951 39.964152 -120 -14.325902 39.964152 -120 -14.325902 41.5 -120 -25.8 41.5 -120 -25.8 39.964152 -120 -39.8 39.964152 -120 -40.05882 39.93008 -120 -40.3 39.83018 -120 -40.507108 39.67126 -120 -40.666028 39.464152 -120 -40.765928 39.222972 -140 -33.3 -5.272845 -140 -32.652954 -5.18766 -140 -32.05 -4.937909 -140 -31.532232 -4.540612 -140 -31.134938 -4.022845 -140 -30.885186 -3.419893 -140 -30.8 -2.772845 -130 -32.652954 -5.18766 -130 -32.05 -4.937909 -130 -31.532232 -4.540612 -130 -31.134938 -4.022845 -130 -30.885186 -3.419893 -140 -30.8 35.964152 -140 -40.765928 39.222972 -140 -40.666028 39.464152 -140 -40.507108 39.67126 -140 -40.3 39.83018 -140 -40.05882 39.93008 -140 -39.8 39.964152 -140 -25.8 39.964152 -140 -25.8 41.5 -140 -14.325902 41.5 -140 -14.325902 39.964152 -140 -9.325951 39.964152 -140 -9.325951 35.964152 -125 -40.765928 39.222972 -130 -40.765928 39.222972 -135 -40.765928 39.222972 -125 -40.666028 39.464152 -130 -40.666028 39.464152 -135 -40.666028 39.464152 -125 -40.507108 39.67126 -130 -40.507108 39.67126 -135 -40.507108 39.67126 -125 -40.3 39.83018 -130 -40.3 39.83018 -135 -40.3 39.83018 -125 -40.05882 39.93008 -130 -40.05882 39.93008 -135 -40.05882 39.93008 -130 -22.562974 35.964152 -129.352952 -22.47779 35.964152 -128.75 -22.228038 35.964152 -128.23224 -21.830742 35.964152 -127.834936 -21.312974 35.964152 -127.585184 -20.710024 35.964152 -127.5 -20.062974 35.964152 -127.585184 -19.415928 35.964152 -127.834936 -18.812974 35.964152 -128.23224 -18.295208 35.964152 -128.75 -17.897912 35.964152 -129.352952 -17.64816 35.964152 -130 -17.562974 35.964152 -130.647048 -17.64816 35.964152 -131.25 -17.897912 35.964152 -131.76776 -18.295208 35.964152 -132.165072 -18.812974 35.964152 -132.414808 -19.415928 35.964152 -132.5 -20.062974 35.964152 -132.414808 -20.710024 35.964152 -132.165072 -21.312974 35.964152 -131.76776 -21.830742 35.964152 -131.25 -22.228038 35.964152 -130.647048 -22.47779 35.964152 -130 -22.562974 41.5 -130.647048 -22.47779 41.5 -131.25 -22.228038 41.5 -131.76776 -21.830742 41.5 -132.165072 -21.312974 41.5 -132.414808 -20.710024 41.5 -132.5 -20.062974 41.5 -132.414808 -19.415928 41.5 -132.165072 -18.812974 41.5 -131.76776 -18.295208 41.5 -131.25 -17.897912 41.5 -130.647048 -17.64816 41.5 -130 -17.562974 41.5 -129.352952 -17.64816 41.5 -128.75 -17.897912 41.5 -128.23224 -18.295208 41.5 -127.834936 -18.812974 41.5 -127.585184 -19.415928 41.5 -127.5 -20.062974 41.5 -127.585184 -20.710024 41.5 -127.834936 -21.312974 41.5 -128.23224 -21.830742 41.5 -128.75 -22.228038 41.5 -129.352952 -22.47779 41.5</float_array>
          <technique_common>
            <accessor source="#pos_4-array" count="603" stride="3">
              <param name="X" type="float"/>
              <param name="Y" type="float"/>
              <param name="Z" type="float"/>
            </accessor>
          </technique_common>
        </source>
        <vertices id="vert_4">
          <input semantic="POSITION" source="#pos_4"/>
        </vertices>
        <triangles count="406" material="mat_16">
          <input semantic="VERTEX" source="#vert_4" offset="0"/>
          <p>1 49 0 0 49 48 0 48 23 23 48 71 23 71 22 22 71 70 22 70 21 21 70 69 21 69 20 20 69 68 20 68 19 19 68 67 19 67 18 18 67 66 18 66 17 17 66 65 17 65 16 16 65 64 16 64 15 15 64 63 15 63 14 14 63 62 14 62 13 13 62 61 13 61 12 12 61 60 12 60 11 11 60 59 11 59 10 10 59 58 10 58 9 9 58 57 9 57 8 8 57 56 8 56 7 7 56 55 7 55 6 6 55 54 6 54 5 5 54 53 5 53 4 4 53 52 4 52 3 3 52 51 3 51 2 2 51 50 2 50 1 1 50 49 25 71 24 24 71 48 24 48 47 47 48 49 47 49 46 46 49 50 46 50 45 45 50 51 45 51 44 44 51 52 44 52 43 43 52 53 43 53 42 42 53 54 42 54 41 41 54 55 41 55 40 40 55 56 40 56 39 39 56 57 39 57 38 38 57 58 38 58 37 37 58 59 37 59 36 36 59 60 36 60 35 35 60 61 35 61 34 34 61 62 34 62 33 33 62 63 33 63 32 32 63 64 32 64 31 31 64 65 31 65 30 30 65 66 30 66 29 29 66 67 29 67 28 28 67 68 28 68 27 27 68 69 27 69 26 26 69 70 26 70 25 25 70 71 85 72 86 86 72 73 86 73 87 87 73 74 87 74 88 88 74 75 88 75 89 89 75 76 89 76 90 90 76 77 90 77 78 78 79 90 90 79 80 90 80 89 89 80 81 89 81 88 88 81 82 88 82 87 87 82 83 87 83 86 86 83 84 86 84 85 78 91 79 79 91 92 1 0 99 99 0 23 99 23 22 22 21 99 99 21 95 99 95 96 20 93 21 21 93 94 21 94 95 20 19 93 93 19 18 93 18 72 72 18 17 72 17 16 16 15 72 72 15 73 73 15 74 74 15 78 74 78 75 75 78 76 76 78 77 15 14 78 78 14 13 78 13 12 12 11 78 78 11 91 91 11 10 91 10 9 9 8 91 91 8 7 91 7 100 100 7 6 100 6 5 5 4 100 100 4 3 100 3 2 2 1 100 100 1 99 96 97 99 99 97 98 101 106 100 100 106 107 100 107 91 91 107 108 91 108 109 102 103 101 101 103 106 103 104 106 106 104 105 109 110 91 91 110 111 91 111 112 93 113 120 120 113 114 120 114 121 121 114 115 121 115 122 122 115 116 122 116 123 123 116 117 123 117 124 124 117 118 124 118 119 119 99 124 124 99 98 124 98 123 123 98 97 123 97 122 122 97 96 122 96 121 121 96 95 121 95 120 120 95 94 120 94 93 99 119 100 100 119 125 85 113 72 72 113 93 25 24 119 119 24 47 119 47 125 125 47 46 125 46 45 45 44 125 125 44 43 125 43 42 42 41 125 125 41 92 125 92 131 131 92 130 130 92 129 129 92 128 128 92 127 127 92 126 41 40 92 92 40 39 92 39 38 38 37 92 92 37 79 79 37 36 79 36 35 35 34 79 79 34 33 79 33 83 83 33 84 84 33 85 85 33 32 85 32 31 31 30 85 85 30 113 113 30 29 113 29 28 28 27 113 113 27 114 114 27 115 115 27 119 115 119 116 116 119 117 117 119 118 27 26 119 119 26 25 83 82 79 79 82 81 79 81 80 131 132 125 125 132 137 137 132 135 137 135 136 132 133 135 135 133 134 137 136 101 101 136 102 136 135 102 102 135 103 112 138 91 91 138 139 91 139 92 92 139 140 92 140 126 126 140 127 127 140 143 127 143 128 128 143 146 128 146 129 129 146 149 129 149 130 130 149 152 130 152 131 131 152 151 131 151 107 107 151 150 107 150 108 108 150 109 109 150 147 109 147 110 110 147 144 110 144 111 111 144 141 111 141 112 112 141 138 143 140 139 139 138 142 142 138 141 142 141 145 145 141 144 145 144 148 148 144 147 148 147 151 151 147 150 146 143 142 142 143 139 146 142 145 149 146 145 149 145 148 152 149 148 152 148 151 107 106 131 131 106 132 101 165 137 137 165 166 137 166 167 100 159 101 101 159 160 101 160 161 125 153 100 100 153 154 100 154 155 137 171 125 125 171 172 125 172 173 155 156 100 100 156 157 100 157 158 158 159 100 161 162 101 101 162 163 101 163 164 164 165 101 167 168 137 137 168 169 137 169 170 170 171 137 173 174 125 125 174 175 125 175 176 176 153 125 106 105 132 132 105 133 178 133 177 177 133 105 177 105 200 200 105 199 199 105 198 198 105 197 197 105 196 196 105 195 195 105 104 195 104 194 194 104 193 193 104 192 192 104 191 191 104 190 190 104 189 189 104 134 189 134 188 188 134 187 187 134 186 186 134 185 185 134 184 184 134 183 183 134 133 183 133 182 182 133 181 181 133 180 180 133 179 179 133 178 104 103 134 134 103 135 176 178 153 153 178 177 153 177 154 154 177 200 154 200 155 155 200 199 155 199 156 156 199 198 156 198 157 157 198 197 157 197 158 158 197 196 158 196 159 159 196 195 159 195 160 160 195 194 160 194 161 161 194 193 161 193 162 162 193 192 162 192 163 163 192 191 163 191 164 164 191 190 164 190 165 165 190 189 165 189 166 166 189 188 166 188 167 167 188 187 167 187 168 168 187 186 168 186 169 169 186 185 169 185 170 170 185 184 170 184 171 171 184 183 171 183 172 172 183 182 172 182 173 173 182 181 173 181 174 174 181 180 174 180 175 175 180 179 175 179 176 176 179 178</p>
        </triangles>
      </mesh>
    </geometry>
    <geometry id="geometry_01b0d4d9_8c22_48bc_b1f9_2a0e74ea27a6">
      <mesh>
        <source id="pos_5">
          <float_array id="pos_5-array" count="1506">-439.8 -38.300156 7.964252 -439.8 -39.835844 7.964252 -140.2 -39.835844 7.964252 -140.2 -38.300156 7.964252 -439.8 -39.835844 -3.509845 -439.8 -38.3 -3.509845 -140.2 -38.3 -3.509845 -140.2 -39.835844 -3.509845 -439.8 -38.3 -3.509894 -140.2 -38.3 -3.509894 -141.913808 -35.2037 1.621234 -141.918864 -35.1966 2.649229 -141.871712 -35.191552 3.122477 -141.70992 -35.185816 3.564854 -141.441552 -35.180016 3.951024 -141.083872 -35.174884 4.25732 -140.660544 -35.171156 4.463934 -140.199584 -35.169388 4.558104 -140.056896 -35.169284 4.563518 -140.040176 -34.807028 4.429048 -140.027264 -34.469504 4.232152 -140.01768 -34.164148 3.981216 -140.010944 -33.898392 3.684626 -140.006528 -33.679676 3.350767 -140.003984 -33.515438 2.988026 -140.0028 -33.413112 2.604789 -140.00248 -33.380138 2.209496 -140.002752 -33.420898 1.81538 -140.00392 -33.529942 1.433958 -140.00648 -33.699864 1.073619 -140.010912 -33.923268 0.742751 -140.01768 -34.192752 0.449744 -140.02728 -34.50092 0.202986 -140.040192 -34.840364 0.010866 -140.056896 -35.203684 -0.118226 -140.199584 -35.203708 -0.112812 -140.527392 -35.203936 -0.058405 -140.840672 -35.20436 0.053205 -141.129024 -35.204872 0.218613 -141.382912 -35.205328 0.432425 -141.594496 -35.205576 0.688131 -141.756848 -35.205456 0.977805 -141.864336 -35.20486 1.291694 -141.865728 -35.08576 1.494841 -141.867968 -34.90572 1.930485 -141.871072 -34.876576 2.278973 -141.863376 -34.982132 2.786232 -141.872336 -35.149044 1.428867 -141.774672 -35.096812 1.147102 -141.633072 -35.059544 0.88115 -141.452816 -35.037452 0.636251 -141.161232 -35.031988 0.351235 -140.822896 -35.05446 0.125537 -140.450464 -35.105376 -0.028375 -140.420656 -34.388188 4.092795 -140.794192 -34.418808 3.958727 -141.134736 -34.498912 3.76832 -141.429888 -34.62262 3.531488 -141.613824 -34.74034 3.329603 -141.760112 -34.876772 3.111396 -141.863536 -35.029436 2.881036 -141.866256 -35.081848 2.95853 -141.764656 -34.975888 3.21728 -141.62 -34.885548 3.462123 -141.437536 -34.81228 3.688323 -141.14408 -34.743556 3.953014 -140.804992 -34.711224 4.16479 -140.432704 -34.718704 4.312392 -140.450624 -35.074484 4.474016 -140.823056 -35.02564 4.319366 -141.161392 -35.006196 4.093239 -141.452992 -35.01548 3.808112 -141.633216 -35.040864 3.563345 -141.774784 -35.081712 3.297712 -141.872384 -35.137748 3.016459 -140.413344 -34.092068 3.82238 -140.789056 -34.156576 3.707157 -141.131504 -34.279232 3.54409 -141.428176 -34.45204 3.341606 -141.612944 -34.60956 3.16915 -141.75976 -34.787376 2.982844 -141.86728 -34.909368 2.553704 -140.40968 -33.839484 3.508307 -140.788048 -33.932712 3.416063 -141.132528 -34.091492 3.285256 -141.43048 -34.306064 3.122671 -141.615616 -34.49752 2.984126 -141.762192 -34.71072 2.834408 -141.864912 -34.941568 2.67637 -140.408544 -33.639576 3.157734 -140.789536 -33.755408 3.091428 -141.135952 -33.942656 2.99675 -141.434928 -34.190224 2.878681 -141.62008 -34.408544 2.777895 -141.766 -34.649812 2.668872 -141.869824 -34.88772 2.041925 -140.408816 -33.50148 2.777819 -140.791984 -33.632848 2.739233 -141.139904 -33.839708 2.683504 -141.439568 -34.110048 2.613632 -141.624624 -34.346944 2.553822 -141.769792 -34.607668 2.48902 -141.869616 -34.88716 2.420487 -140.409408 -33.43433 2.375719 -140.793776 -33.573216 2.36546 -141.142528 -33.789612 2.350449 -141.442544 -34.071056 2.331519 -141.627472 -34.31704 2.31527 -141.77216 -34.587292 2.297638 -141.863728 -34.9743 1.696495 -140.40936 -33.43858 2.034885 -140.793696 -33.576992 2.047947 -141.142432 -33.792848 2.067106 -141.442432 -34.073692 2.09131 -141.627376 -34.319192 2.112113 -141.77208 -34.588936 2.134713 -141.871024 -34.8777 2.158666 -140.408848 -33.496628 1.70345 -140.792208 -33.628592 1.739976 -141.140256 -33.83634 1.792737 -141.44 -34.107768 1.858905 -141.62504 -34.345576 1.915561 -141.770144 -34.607256 1.976964 -140.408448 -33.603428 1.386544 -140.790144 -33.723496 1.446106 -141.137056 -33.916228 1.531282 -141.436272 -34.170228 1.637591 -141.621424 -34.393804 1.728388 -141.767136 -34.640564 1.826647 -140.4088 -33.753824 1.088259 -140.788416 -33.857064 1.169781 -141.13384 -34.028568 1.285596 -141.43232 -34.257932 1.429689 -141.617504 -34.461416 1.552554 -141.763824 -34.687152 1.685386 -141.86592 -34.930772 1.825657 -140.411568 -34.017964 0.721084 -140.788176 -34.091488 0.829489 -141.131328 -34.225516 0.982939 -141.428496 -34.411448 1.173524 -141.613472 -34.579584 1.335881 -141.760288 -34.768404 1.511313 -140.418416 -34.339828 0.405798 -140.792368 -34.37688 0.536305 -141.133328 -34.46496 0.721589 -141.42888 -34.597748 0.95204 -141.613088 -34.722732 1.148505 -141.759616 -34.866612 1.360884 -141.863248 -35.026736 1.585137 -140.430864 -34.70658 0.152584 -140.8032 -34.701712 0.298798 -141.142432 -34.737056 0.508652 -141.436112 -34.809016 0.771021 -141.6188 -34.884756 0.995302 -141.76376 -34.977504 1.238134 -140.2 -35.169284 4.563518 -140.2 -35.203684 -0.118226 -140.2 -34.98426 -8.639199 -140.2 -34.401936 -17.083648 -140.2 -33.46096 -25.39002 -140.2 -32.16819 -33.497768 -439.8 -32.16819 -33.497768 -439.8 -33.46096 -25.39002 -439.8 -34.401936 -17.083648 -439.8 -34.98426 -8.639199 -439.8 -35.203684 -0.118226 -439.943104 -35.203684 -0.118226 -439.800416 -35.203712 -0.112812 -439.339488 -35.204096 -0.018625 -438.916096 -35.204788 0.18802 -438.558432 -35.205416 0.494358 -438.290112 -35.205544 0.880572 -438.128288 -35.204772 1.322986 -438.08112 -35.202864 1.796256 -438.086176 -35.194864 2.824245 -438.135648 -35.191176 3.153766 -438.243136 -35.18716 3.46763 -438.405472 -35.18302 3.757275 -438.617056 -35.179016 4.01295 -438.870976 -35.17542 4.226732 -439.159328 -35.172476 4.392114 -439.472608 -35.170412 4.503707 -439.800416 -35.169388 4.558104 -439.943104 -35.169284 4.563518 -439.8 -35.169284 4.563518 -439.8 -34.814848 13.237636 -439.8 -34.085224 21.825704 -439.8 -32.98594 30.262784 -439.8 -31.5253 38.485076 -140.2 -31.5253 38.485076 -140.2 -32.98594 30.262784 -140.2 -34.085224 21.825704 -140.2 -34.814848 13.237636 -339.981056 -33.246308 28.512092 -240.01896 -33.246308 28.512092 -339.981056 -35.081508 7.795574 -240.01896 -35.081508 7.795574 -339.981056 -35.175416 -2.71891 -240.01896 -35.175416 -2.71891 -339.981056 -33.71066 -23.480354 -240.01896 -33.71066 -23.480354 -240.01896 -35.197608 2.539273 -339.981056 -35.197608 2.539273 -240.01896 -34.716772 -13.182784 -339.981056 -34.716772 -13.182784 -339.981056 -35.014992 -7.964432 -240.01896 -35.014992 -7.964432 -240.01896 -34.281596 -18.359532 -339.981056 -34.281596 -18.359532 -240.01896 -33.005538 -28.53109 -339.981056 -33.005538 -28.53109 -339.981056 -34.436096 18.244418 -240.01896 -34.436096 18.244418 -240.01896 -34.82744 13.035454 -339.981056 -34.82744 13.035454 -339.981056 -33.908564 23.408058 -240.01896 -33.908564 23.408058 -339.981056 -32.451152 33.542404 -240.01896 -32.451152 33.542404 -140.2 -35.793576 4.647145 -140.2 -36.418304 4.566833 -140.2 -37.001148 4.328022 -140.2 -37.50262 3.946889 -140.2 -37.888748 3.449255 -140.2 -38.133376 2.86883 -140.2 -38.219936 2.244936 -140.2 -38.142556 1.619837 -140.2 -37.906484 1.035881 -140.2 -37.527708 0.532626 -140.2 -37.031892 0.144165 -140.2 -36.45262 -0.103185 -140.2 -35.82914 -0.19267 -135 -38.22 2.227154 -135 -38.13754 2.853496 -135 -37.895784 3.437154 -135 -37.5112 3.938352 -135 -37.01 4.322935 -135 -36.426344 4.564695 -135 -35.8 4.647154 -135 -35.173656 4.564695 -135 -34.59 4.322935 -135 -34.088804 3.938352 -135 -33.70422 3.437154 -135 -33.46246 2.853496 -135 -33.380002 2.227154 -135 -33.46246 1.600812 -135 -33.70422 1.017154 -135 -34.088804 0.515955 -135 -34.59 0.131372 -135 -35.173656 -0.110386 -135 -35.8 -0.192845 -135 -36.426344 -0.110386 -135 -37.01 0.131372 -135 -37.5112 0.515955 -135 -37.895784 1.017154 -135 -38.13754 1.600812 -140.2 -32.652404 37.280616 -140.2 -33.661092 35.975384 -140.2 -34.542404 34.580976 -140.2 -36.0174 31.983752 -140.2 -37.003512 29.952368 -140.2 -37.719844 27.810916 -140.2 -38.154468 25.595056 -140.2 -38.300156 23.341678 -140.2 -38.300156 -3.509894 -140.2 -38.300156 -18.887486 -140.2 -38.154476 -21.14081 -140.2 -37.719872 -23.35662 -140.2 -37.003576 -25.498024 -140.2 -36.017504 -27.529372 -140.2 -34.35282 -30.460688 -140.2 -33.697572 -31.524224 -140.2 -32.96812 -32.538304 -439.95984 -34.839496 0.010905 -439.972736 -34.499116 0.202819 -439.982336 -34.1901 0.449241 -439.989088 -33.920012 0.741893 -439.993472 -33.696416 1.072502 -439.996032 -33.526864 1.43279 -439.997184 -33.418918 1.814482 -439.997504 -33.380138 2.209248 -439.997248 -33.415104 2.60392 -439.996064 -33.518528 2.986904 -439.993536 -33.68314 3.349701 -439.98912 -33.901656 3.683816 -439.982336 -34.166804 3.980751 -439.972704 -34.471308 4.232012 -439.959808 -34.807896 4.429099 -438.134272 -35.075072 2.948891 -438.132032 -34.90146 2.510648 -438.128928 -34.877432 2.161769 -438.13664 -34.990436 1.656117 -438.12768 -35.137384 3.015787 -438.225312 -35.081016 3.296755 -438.366944 -35.039844 3.562131 -438.547168 -35.014156 3.806679 -438.838784 -35.0045 4.091584 -439.17712 -35.023656 4.317587 -439.549536 -35.072304 4.472232 -439.57936 -34.415756 0.340967 -439.205824 -34.444404 0.47547 -438.86528 -34.5217 0.667034 -438.570112 -34.64192 0.905657 -438.386176 -34.756656 1.109251 -438.239904 -34.889864 1.329439 -438.136448 -35.039128 1.562018 -438.133728 -35.092676 1.485303 -438.23536 -34.990524 1.225023 -438.38 -34.903796 0.978879 -438.562464 -34.83386 0.751627 -438.855936 -34.769032 0.485955 -439.195008 -34.73982 0.273726 -439.567296 -34.749464 0.12625 -439.549376 -35.107584 -0.030127 -439.176928 -35.056472 0.123788 -438.838624 -35.033704 0.349604 -438.54704 -35.0388 0.634837 -438.366784 -35.06058 0.879951 -438.225216 -35.09752 1.146155 -438.127584 -35.149416 1.428202 -439.586624 -34.115696 0.607 -439.210944 -34.1785 0.723159 -438.868512 -34.298748 0.888011 -438.57184 -34.468564 1.093013 -438.38704 -34.623532 1.267765 -438.240224 -34.798592 1.456664 -438.132736 -34.914264 1.88755 -439.590336 -33.858524 0.917327 -439.211968 -33.950388 1.010931 -438.867456 -34.107224 1.144058 -438.569504 -34.319388 1.309778 -438.384384 -34.508784 1.451122 -438.237792 -34.719764 1.603958 -438.135104 -34.94826 1.765371 -439.591456 -33.653484 1.264925 -439.210464 -33.768328 1.332926 -438.864032 -33.954172 1.430345 -438.565088 -34.199976 1.55204 -438.379904 -34.416788 1.656023 -438.233984 -34.656428 1.768581 -438.130144 -34.885096 2.398956 -439.5912 -33.50982 1.64277 -439.208 -33.640604 1.683282 -438.860096 -33.846628 1.742045 -438.560416 -34.115908 1.815882 -438.37536 -34.3519 1.879167 -438.230208 -34.61164 1.947793 -438.130368 -34.890104 2.020426 -439.590592 -33.436772 2.043839 -439.20624 -33.575488 2.056138 -438.85744 -33.79164 2.074328 -438.557472 -34.072776 2.097391 -438.372544 -34.318492 2.117254 -438.22784 -34.588456 2.138856 -438.136288 -34.966592 2.745621 -439.590624 -33.436008 2.384699 -439.206304 -33.574596 2.373673 -438.857568 -33.790712 2.357687 -438.557568 -34.07188 2.337614 -438.372608 -34.317656 2.32042 -438.227936 -34.587712 2.301787 -438.12896 -34.876792 2.28208 -439.591168 -33.489178 2.716951 -439.207808 -33.621664 2.682369 -438.859744 -33.830164 2.632666 -438.56 -34.10254 2.570494 -438.374976 -34.341152 2.517339 -438.229856 -34.603708 2.459788 -439.591552 -33.591312 3.035392 -439.209856 -33.712244 2.977601 -438.862944 -33.906204 2.895267 -438.563712 -34.16174 2.792702 -438.37856 -34.386624 2.705201 -438.232864 -34.634804 2.610578 -439.5912 -33.737308 3.335855 -439.211584 -33.841736 3.255859 -438.866144 -34.014924 3.142577 -438.56768 -34.246376 3.00187 -438.382496 -34.451644 2.882009 -438.23616 -34.679308 2.752509 -438.134048 -34.924964 2.615834 -439.588416 -33.996024 3.706872 -439.211808 -34.071132 3.599559 -438.86864 -34.2074 3.448095 -438.571488 -34.396116 3.260264 -438.386528 -34.566616 3.100395 -438.239712 -34.757996 2.927757 -439.581568 -34.31322 4.026854 -439.207616 -34.352188 3.896906 -438.866656 -34.442976 3.712936 -438.571104 -34.57914 3.484461 -438.386912 -34.706996 3.289855 -438.240384 -34.85398 3.079613 -438.136736 -35.017384 2.857738 -439.56912 -34.676212 4.285431 -439.196768 -34.673492 4.139161 -438.857568 -34.711916 3.929849 -438.563904 -34.787728 3.668566 -438.381184 -34.866748 3.445422 -438.236224 -34.96306 3.203979 -439.8 -35.82914 -0.19267 -439.8 -36.45262 -0.103185 -439.8 -37.031892 0.144165 -439.8 -37.527708 0.532626 -439.8 -37.906484 1.035881 -439.8 -38.142556 1.619837 -439.8 -38.219936 2.244936 -439.8 -38.133376 2.86883 -439.8 -37.888748 3.449255 -439.8 -37.50262 3.946889 -439.8 -37.001148 4.328022 -439.8 -36.418304 4.566833 -439.8 -35.793576 4.647145 -445 -33.380002 2.227154 -445 -33.46246 2.853496 -445 -33.70422 3.437154 -445 -34.088804 3.938352 -445 -34.59 4.322935 -445 -35.173656 4.564695 -445 -35.8 4.647154 -445 -36.426344 4.564695 -445 -37.01 4.322935 -445 -37.5112 3.938352 -445 -37.895784 3.437154 -445 -38.13754 2.853496 -445 -38.22 2.227154 -445 -38.13754 1.600812 -445 -37.895784 1.017154 -445 -37.5112 0.515955 -445 -37.01 0.131372 -445 -36.426344 -0.110386 -445 -35.8 -0.192845 -445 -35.173656 -0.110386 -445 -34.59 0.131372 -445 -34.088804 0.515955 -445 -33.70422 1.017154 -445 -33.46246 1.600812 -439.8 -32.96812 -32.538304 -439.8 -33.697572 -31.524224 -439.8 -34.35282 -30.460688 -439.8 -36.017504 -27.529372 -439.8 -37.003576 -25.498024 -439.8 -37.719872 -23.35662 -439.8 -38.154476 -21.14081 -439.8 -38.300156 -18.887486 -439.8 -38.300156 -3.509894 -439.8 -38.300156 23.341678 -439.8 -38.154468 25.595056 -439.8 -37.719844 27.810916 -439.8 -37.003512 29.952368 -439.8 -36.0174 31.983752 -439.8 -34.542404 34.580976 -439.8 -33.661092 35.975384 -439.8 -32.652404 37.280616 -183 -38.154468 25.595056 -225.8 -38.154468 25.595056 -268.6 -38.154468 25.595056 -311.4 -38.154468 25.595056 -354.2 -38.154468 25.595056 -397 -38.154468 25.595056 -183 -37.719844 27.810916 -225.8 -37.719844 27.810916 -268.6 -37.719844 27.810916 -311.4 -37.719844 27.810916 -354.2 -37.719844 27.810916 -397 -37.719844 27.810916 -183 -37.003512 29.952368 -225.8 -37.003512 29.952368 -268.6 -37.003512 29.952368 -311.4 -37.003512 29.952368 -354.2 -37.003512 29.952368 -397 -37.003512 29.952368 -389.866656 -33.172134 36.639892 -339.933312 -33.172134 36.639892 -290 -33.172134 36.639892 -240.066672 -33.172134 36.639892 -190.133328 -33.172134 36.639892 -183 -37.003576 -25.498024 -225.8 -37.003576 -25.498024 -268.6 -37.003576 -25.498024 -311.4 -37.003576 -25.498024 -354.2 -37.003576 -25.498024 -397 -37.003576 -25.498024 -183 -37.719872 -23.35662 -225.8 -37.719872 -23.35662 -268.6 -37.719872 -23.35662 -311.4 -37.719872 -23.35662 -354.2 -37.719872 -23.35662 -397 -37.719872 -23.35662 -183 -38.154476 -21.14081 -225.8 -38.154476 -21.14081 -268.6 -38.154476 -21.14081 -311.4 -38.154476 -21.14081 -354.2 -38.154476 -21.14081 -397 -38.154476 -21.14081 -177.65 -33.341896 -32.037774 -215.1 -33.341896 -32.037774 -252.55 -33.341896 -32.037774 -290 -33.341896 -32.037774 -327.450016 -33.341896 -32.037774 -364.9 -33.341896 -32.037774 -402.350016 -33.341896 -32.037774</float_array>
          <technique_common>
            <accessor source="#pos_5-array" count="1506" stride="3">
              <param name="X" type="float"/>
              <param name="Y" type="float"/>
              <param name="Z" type="float"/>
            </accessor>
          </technique_common>
        </source>
        <vertices id="vert_5">
          <input semantic="POSITION" source="#pos_5"/>
        </vertices>
        <triangles count="1000" material="mat_16">
          <input semantic="VERTEX" source="#vert_5" offset="0"/>
          <p>0 1 3 3 1 2 4 5 7 7 5 6 1 4 2 2 4 7 6 5 9 9 5 8 11 44 10 10 44 135 10 135 109 109 135 134 109 134 141 141 134 133 141 133 140 140 133 132 140 132 139 139 132 131 139 131 138 138 131 130 138 130 137 137 130 129 137 129 136 136 129 30 136 30 31 12 74 11 11 74 61 11 61 60 60 61 62 60 62 59 59 62 63 59 63 58 58 63 64 58 64 57 57 64 65 57 65 56 56 65 66 56 66 55 55 66 67 55 67 54 54 67 20 54 20 21 74 12 73 73 12 13 73 13 72 72 13 71 72 71 63 63 71 64 13 14 71 71 14 70 71 70 64 64 70 65 14 15 70 70 15 69 70 69 65 65 69 66 15 16 69 69 16 68 69 68 66 66 68 67 16 17 68 68 17 67 18 19 17 17 19 67 19 20 67 54 21 75 75 21 22 75 22 82 82 22 23 82 23 89 89 23 24 89 24 96 96 24 25 96 25 103 103 25 26 103 26 110 110 26 27 110 27 117 117 27 28 117 28 123 123 28 29 123 29 129 129 29 30 136 31 142 142 31 32 142 32 149 149 32 33 149 33 53 53 33 35 53 35 36 33 34 35 53 36 52 52 36 37 52 37 38 52 38 51 51 38 39 51 39 50 50 39 40 50 40 49 49 40 41 49 41 48 48 41 42 48 42 47 47 42 10 47 10 43 43 10 148 43 148 147 147 148 141 147 141 140 141 148 109 109 148 10 11 95 44 44 95 122 44 122 128 128 122 121 128 121 127 127 121 120 127 120 126 126 120 119 126 119 125 125 119 118 125 118 124 124 118 117 124 117 123 45 11 102 102 11 81 102 81 94 94 81 87 94 87 86 86 87 79 86 79 78 78 79 57 78 57 56 11 60 46 46 60 59 46 59 80 80 59 58 80 58 79 79 58 57 48 47 154 154 47 43 154 43 147 49 48 153 153 48 154 153 154 146 146 154 147 146 147 140 50 49 152 152 49 153 152 153 145 145 153 146 145 146 139 139 146 140 51 50 151 151 50 152 151 152 144 144 152 145 144 145 138 138 145 139 149 53 52 52 51 150 150 51 151 150 151 143 143 151 144 143 144 137 137 144 138 55 54 76 76 54 75 76 75 83 83 75 82 83 82 90 90 82 89 90 89 97 97 89 96 97 96 104 104 96 103 104 103 111 111 103 110 111 110 118 118 110 117 56 55 77 77 55 76 77 76 84 84 76 83 84 83 91 91 83 90 91 90 98 98 90 97 98 97 105 105 97 104 105 104 112 112 104 111 112 111 119 119 111 118 11 46 88 88 46 80 88 80 87 87 80 79 72 63 62 74 73 61 61 73 62 73 72 62 56 77 78 78 77 85 78 85 86 86 85 93 86 93 94 94 93 101 94 101 102 102 101 45 85 77 84 87 81 88 88 81 11 85 84 92 92 84 91 92 91 99 99 91 98 99 98 106 106 98 105 106 105 113 113 105 112 113 112 120 120 112 119 11 45 116 116 45 108 116 108 115 115 108 107 115 107 114 114 107 106 114 106 113 85 92 93 93 92 100 93 100 101 101 100 108 101 108 45 100 92 99 11 116 95 95 116 115 95 115 122 122 115 114 122 114 121 121 114 113 121 113 120 106 107 99 99 107 100 107 108 100 129 130 123 123 130 124 130 131 124 124 131 125 131 132 125 125 132 126 132 133 126 126 133 127 135 44 128 133 134 127 127 134 128 134 135 128 143 137 136 150 143 142 142 143 136 52 150 149 149 150 142 18 17 155 155 17 16 155 16 196 196 16 201 196 201 202 202 201 197 202 197 167 167 197 165 167 165 166 16 15 201 201 15 14 201 14 13 13 12 201 201 12 11 201 11 10 10 42 201 201 42 41 201 41 40 40 39 201 201 39 38 201 38 37 37 36 201 201 36 35 201 35 198 198 35 156 198 156 157 35 34 156 158 203 157 157 203 206 157 206 198 198 206 205 198 205 197 197 205 164 197 164 165 159 200 158 158 200 207 158 207 203 203 207 208 203 208 204 204 208 163 204 163 164 200 159 209 209 159 160 209 160 161 209 161 210 210 161 162 210 162 199 199 162 163 199 163 208 167 168 202 202 168 169 202 169 170 170 171 202 202 171 172 202 172 173 173 174 202 202 174 175 202 175 176 176 177 202 202 177 178 202 178 179 179 180 202 202 180 181 202 181 195 195 181 184 195 184 185 181 182 184 184 182 183 186 211 185 185 211 214 185 214 195 195 214 213 195 213 196 196 213 192 196 192 155 187 193 186 186 193 215 186 215 211 211 215 216 211 216 212 212 216 191 212 191 192 193 187 217 217 187 188 217 188 189 217 189 218 218 189 190 218 190 194 194 190 191 194 191 216 195 196 202 198 197 201 212 192 213 204 164 205 205 206 204 204 206 203 199 208 207 209 210 200 200 210 199 200 199 207 213 214 212 212 214 211 194 216 215 217 218 193 193 218 194 193 194 215 33 249 34 34 249 250 34 250 156 156 250 231 231 250 251 231 251 230 230 251 252 230 252 229 229 252 253 229 253 228 228 253 254 228 254 227 227 254 255 227 255 226 226 255 232 226 232 225 225 232 233 225 233 224 224 233 234 224 234 223 223 234 235 223 235 222 222 235 236 222 236 221 221 236 237 221 237 220 220 237 238 220 238 219 219 238 239 219 239 155 155 239 18 18 239 19 19 239 240 19 240 20 20 240 241 20 241 21 21 241 22 22 241 242 22 242 23 23 242 24 24 242 243 24 243 25 25 243 244 25 244 26 26 244 27 27 244 245 27 245 28 28 245 246 28 246 29 29 246 30 30 246 247 30 247 31 31 247 248 31 248 32 32 248 33 33 248 249 255 245 232 232 245 244 232 244 233 233 244 243 233 243 234 234 243 242 234 242 235 235 242 241 235 241 236 236 241 240 236 240 237 237 240 239 237 239 238 245 255 246 246 255 254 246 254 247 247 254 253 247 253 248 248 253 252 248 252 249 249 252 251 249 251 250 156 231 157 157 231 230 157 230 268 268 230 229 268 229 267 267 229 265 267 265 266 265 229 9 9 229 228 9 228 6 6 228 227 6 227 226 226 225 6 6 225 7 7 225 2 2 225 3 3 225 224 3 224 223 223 222 3 3 222 263 263 222 221 263 221 261 261 221 260 260 221 220 260 220 192 192 220 219 192 219 155 260 192 259 259 192 191 259 191 258 258 191 257 257 191 190 257 190 256 256 190 189 261 262 263 9 264 265 268 269 157 157 269 158 158 269 270 158 270 159 159 270 271 159 271 272 272 160 159 173 289 174 174 289 380 174 380 354 354 380 379 354 379 386 386 379 378 386 378 385 385 378 377 385 377 384 384 377 376 384 376 383 383 376 375 383 375 382 382 375 374 382 374 381 381 374 284 381 284 285 172 319 173 173 319 306 173 306 305 305 306 307 305 307 304 304 307 308 304 308 303 303 308 309 303 309 302 302 309 310 302 310 301 301 310 311 301 311 300 300 311 312 300 312 299 299 312 274 299 274 275 319 172 318 318 172 171 318 171 317 317 171 316 317 316 308 308 316 309 171 170 316 316 170 315 316 315 309 309 315 310 170 169 315 315 169 314 315 314 310 310 314 311 169 168 314 314 168 313 314 313 311 311 313 312 168 167 313 313 167 312 166 273 167 167 273 312 273 274 312 299 275 320 320 275 276 320 276 327 327 276 277 327 277 334 334 277 278 334 278 341 341 278 279 341 279 348 348 279 280 348 280 355 355 280 281 355 281 362 362 281 282 362 282 368 368 282 283 368 283 374 374 283 284 381 285 387 387 285 286 387 286 394 394 286 287 394 287 298 298 287 182 298 182 181 287 183 182 298 181 297 297 181 180 297 180 179 297 179 296 296 179 178 296 178 295 295 178 177 295 177 294 294 177 176 294 176 293 293 176 175 293 175 292 292 175 174 292 174 288 288 174 393 288 393 392 392 393 386 392 386 385 386 393 354 354 393 174 173 340 289 289 340 367 289 367 373 373 367 366 373 366 372 372 366 365 372 365 371 371 365 364 371 364 370 370 364 363 370 363 369 369 363 362 369 362 368 290 173 347 347 173 326 347 326 339 339 326 332 339 332 331 331 332 324 331 324 323 323 324 302 323 302 301 173 305 291 291 305 304 291 304 325 325 304 303 325 303 324 324 303 302 293 292 399 399 292 288 399 288 392 294 293 398 398 293 399 398 399 391 391 399 392 391 392 385 295 294 397 397 294 398 397 398 390 390 398 391 390 391 384 384 391 385 296 295 396 396 295 397 396 397 389 389 397 390 389 390 383 383 390 384 394 298 297 297 296 395 395 296 396 395 396 388 388 396 389 388 389 382 382 389 383 300 299 321 321 299 320 321 320 328 328 320 327 328 327 335 335 327 334 335 334 342 342 334 341 342 341 349 349 341 348 349 348 356 356 348 355 356 355 363 363 355 362 301 300 322 322 300 321 322 321 329 329 321 328 329 328 336 336 328 335 336 335 343 343 335 342 343 342 350 350 342 349 350 349 357 357 349 356 357 356 364 364 356 363 173 291 333 333 291 325 333 325 332 332 325 324 317 308 307 319 318 306 306 318 307 318 317 307 301 322 323 323 322 330 323 330 331 331 330 338 331 338 339 339 338 346 339 346 347 347 346 290 330 322 329 332 326 333 333 326 173 330 329 337 337 329 336 337 336 344 344 336 343 344 343 351 351 343 350 351 350 358 358 350 357 358 357 365 365 357 364 173 290 361 361 290 353 361 353 360 360 353 352 360 352 359 359 352 351 359 351 358 330 337 338 338 337 345 338 345 346 346 345 353 346 353 290 345 337 344 173 361 340 340 361 360 340 360 367 367 360 359 367 359 366 366 359 358 366 358 365 351 352 344 344 352 345 352 353 345 374 375 368 368 375 369 375 376 369 369 376 370 376 377 370 370 377 371 377 378 371 371 378 372 380 289 373 378 379 372 372 379 373 379 380 373 388 382 381 395 388 387 387 388 381 297 395 394 394 395 387 287 418 183 183 418 412 183 412 184 418 287 417 417 287 286 417 286 416 416 286 285 416 285 284 416 284 415 415 284 283 415 283 282 415 282 414 414 282 281 414 281 413 413 281 280 413 280 279 413 279 436 436 279 278 436 278 435 435 278 277 435 277 276 435 276 434 434 276 275 434 275 274 434 274 433 433 274 273 433 273 432 432 273 166 432 166 431 431 166 165 431 165 400 431 400 430 430 400 401 430 401 429 429 401 402 429 402 428 428 402 403 428 403 427 427 403 404 427 404 426 426 404 405 426 405 425 425 405 406 425 406 424 424 406 407 424 407 423 423 407 408 423 408 422 422 408 409 422 409 421 421 409 410 421 410 420 420 410 411 420 411 419 419 411 412 419 412 418 436 426 413 413 426 425 413 425 414 414 425 424 414 424 415 415 424 423 415 423 416 416 423 422 416 422 417 417 422 421 417 421 418 418 421 420 418 420 419 426 436 427 427 436 435 427 435 428 428 435 434 428 434 429 429 434 433 429 433 430 430 433 432 430 432 431 184 412 185 185 412 411 185 411 449 449 411 410 449 410 448 448 410 446 448 446 447 410 409 446 446 409 0 0 409 408 0 408 407 407 406 0 0 406 1 1 406 4 4 406 5 5 406 405 5 405 404 404 403 5 5 403 8 8 403 402 8 402 444 444 402 442 444 442 443 442 402 441 441 402 401 441 401 164 164 401 400 164 400 165 441 164 440 440 164 163 440 163 439 439 163 162 439 162 438 438 162 437 437 162 161 444 445 8 449 450 185 185 450 186 186 450 451 186 451 452 186 452 187 187 452 453 187 453 188 445 264 8 8 264 9 262 454 263 263 454 455 263 455 456 456 455 462 456 462 463 463 462 469 463 469 470 470 469 450 470 450 471 471 450 449 471 449 465 465 449 448 465 448 459 459 448 447 459 447 446 454 262 460 460 262 261 460 261 466 466 261 260 466 260 259 450 468 259 259 468 467 259 467 466 466 467 460 263 457 446 446 457 458 446 458 459 459 458 465 457 263 456 455 454 461 461 454 460 461 460 467 456 463 457 457 463 464 457 464 458 458 464 465 455 461 462 462 461 468 462 468 469 469 468 450 468 461 467 471 465 464 471 464 470 470 464 463 259 258 450 450 258 451 453 472 188 188 472 473 188 473 474 474 473 258 474 258 475 475 258 476 475 476 256 256 476 257 257 476 258 453 452 472 472 452 473 451 258 452 452 258 473 189 188 256 256 188 475 475 188 474 268 477 269 269 477 478 269 478 479 479 478 485 479 485 486 486 485 492 486 492 493 493 492 444 493 444 494 494 444 443 494 443 488 488 443 442 488 442 482 482 442 441 482 441 440 477 268 483 483 268 267 483 267 489 489 267 266 489 266 265 444 491 265 265 491 490 265 490 489 489 490 483 269 480 440 440 480 481 440 481 482 482 481 488 480 269 479 478 477 484 484 477 483 484 483 490 479 486 480 480 486 487 480 487 481 481 487 488 478 484 485 485 484 491 485 491 492 492 491 444 491 484 490 494 488 487 494 487 493 493 487 486 440 439 269 269 439 270 272 495 160 160 495 496 160 496 497 497 496 271 497 271 439 439 271 270 272 271 495 495 271 496 438 501 439 439 501 500 439 500 499 499 500 437 499 437 160 160 437 161 438 437 501 501 437 500 499 160 498 498 160 497 498 497 439 439 499 498 3 263 0 0 263 446 265 264 444 444 264 445</p>
        </triangles>
      </mesh>
    </geometry>
    <geometry id="geometry_13d8ed7a_d3a1_4e68_864e_6968a7cfe54b">
      <mesh>
        <source id="pos_6">
          <float_array id="pos_6-array" count="618">-460.000992 -14.325951 -5.272845 -460.000992 -12.648621 -4.193991 -460.000992 -11.250066 -2.772228 -460.000992 -10.198959 -1.077371 -460.000992 -9.546916 0.807357 -460.000992 -9.325951 2.789412 -440.000992 -9.325951 2.789412 -440.000992 -9.325981 2.766178 -440.000992 -9.326071 2.742945 -440.000992 -9.326221 2.719712 -140 -9.326221 2.719712 -140 -9.326071 2.742945 -140 -9.325981 2.766178 -140 -9.325951 2.789412 -120 -9.325951 2.789412 -120 -9.546916 0.807357 -120 -10.198959 -1.077371 -120 -11.250066 -2.772228 -120 -12.648621 -4.193991 -120 -14.325951 -5.272845 -417.500896 -12.648621 -4.193991 -375.000768 -12.648621 -4.193991 -332.500608 -12.648621 -4.193991 -290.00048 -12.648621 -4.193991 -247.500384 -12.648621 -4.193991 -205.00024 -12.648621 -4.193991 -162.500128 -12.648621 -4.193991 -417.500896 -11.250066 -2.772228 -375.000768 -11.250066 -2.772228 -332.500608 -11.250066 -2.772228 -290.00048 -11.250066 -2.772228 -247.500384 -11.250066 -2.772228 -205.00024 -11.250066 -2.772228 -162.500128 -11.250066 -2.772228 -417.500896 -10.198959 -1.077371 -375.000768 -10.198959 -1.077371 -332.500608 -10.198959 -1.077371 -290.00048 -10.198959 -1.077371 -247.500384 -10.198959 -1.077371 -205.00024 -10.198959 -1.077371 -162.500128 -10.198959 -1.077371 -417.500896 -9.546916 0.807357 -375.000768 -9.546916 0.807357 -332.500608 -9.546916 0.807357 -290.00048 -9.546916 0.807357 -247.500384 -9.546916 0.807357 -205.00024 -9.546916 0.807357 -162.500128 -9.546916 0.807357 -460.000992 -14.325951 30.964154 -460.000992 -30.799952 30.964154 -460.000992 -30.799952 35.964152 -460.000992 -9.325951 35.964152 -120 -9.325951 35.964152 -120 -30.799952 35.964152 -120 -30.799952 30.964154 -120 -14.325951 30.964154 -140 -9.325951 35.964152 -440.000992 -9.327136 2.78939 -440.000992 -9.433334 3.920688 -440.000992 -9.709216 5.022959 -440.000992 -10.148449 6.070903 -440.000992 -10.740952 7.040466 -440.000992 -11.473124 7.909394 -440.000992 -12.328159 8.657743 -440.000992 -13.286434 9.268334 -440.000992 -14.325951 9.727154 -140 -14.325951 9.727154 -140 -13.286434 9.268334 -140 -12.328159 8.657743 -140 -11.473124 7.909394 -140 -10.740952 7.040466 -140 -10.148449 6.070903 -140 -9.709216 5.022959 -140 -9.433334 3.920688 -140 -9.327136 2.78939 -402.500896 -9.564667 4.533254 -365.000768 -9.564667 4.533254 -327.500608 -9.564667 4.533254 -290.00048 -9.564667 4.533254 -252.500384 -9.564667 4.533254 -215.00024 -9.564667 4.533254 -177.500128 -9.564667 4.533254 -402.500896 -10.23502 6.23514 -365.000768 -10.23502 6.23514 -327.500608 -10.23502 6.23514 -290.00048 -10.23502 6.23514 -252.500384 -10.23502 6.23514 -215.00024 -10.23502 6.23514 -177.500128 -10.23502 6.23514 -402.500896 -11.297405 7.724141 -365.000768 -11.297405 7.724141 -327.500608 -11.297405 7.724141 -290.00048 -11.297405 7.724141 -252.500384 -11.297405 7.724141 -215.00024 -11.297405 7.724141 -177.500128 -11.297405 7.724141 -402.500896 -12.688633 8.911692 -365.000768 -12.688633 8.911692 -327.500608 -12.688633 8.911692 -290.00048 -12.688633 8.911692 -252.500384 -12.688633 8.911692 -215.00024 -12.688633 8.911692 -177.500128 -12.688633 8.911692 -130 -17.562974 30.964154 -129.352952 -17.64816 30.964154 -128.75 -17.897912 30.964154 -128.23224 -18.295208 30.964154 -127.834936 -18.812974 30.964154 -127.585184 -19.415928 30.964154 -127.5 -20.062974 30.964154 -127.585184 -20.710024 30.964154 -127.834936 -21.312974 30.964154 -128.23224 -21.830742 30.964154 -128.75 -22.228038 30.964154 -129.352952 -22.47779 30.964154 -130 -22.562974 30.964154 -130.647048 -22.47779 30.964154 -131.25 -22.228038 30.964154 -131.76776 -21.830742 30.964154 -132.165072 -21.312974 30.964154 -132.414808 -20.710024 30.964154 -132.5 -20.062974 30.964154 -132.414808 -19.415928 30.964154 -132.165072 -18.812974 30.964154 -131.76776 -18.295208 30.964154 -131.25 -17.897912 30.964154 -130.647048 -17.64816 30.964154 -130 -17.562974 35.964152 -130.647048 -17.64816 35.964152 -131.25 -17.897912 35.964152 -131.76776 -18.295208 35.964152 -132.165072 -18.812974 35.964152 -132.414808 -19.415928 35.964152 -132.5 -20.062974 35.964152 -132.414808 -20.710024 35.964152 -132.165072 -21.312974 35.964152 -131.76776 -21.830742 35.964152 -131.25 -22.228038 35.964152 -130.647048 -22.47779 35.964152 -130 -22.562974 35.964152 -129.352952 -22.47779 35.964152 -128.75 -22.228038 35.964152 -128.23224 -21.830742 35.964152 -127.834936 -21.312974 35.964152 -127.585184 -20.710024 35.964152 -127.5 -20.062974 35.964152 -127.585184 -19.415928 35.964152 -127.834936 -18.812974 35.964152 -128.23224 -18.295208 35.964152 -128.75 -17.897912 35.964152 -129.352952 -17.64816 35.964152 -140 -14.325951 30.964154 -140 -30.799952 30.964154 -140 -30.799952 35.964152 -440.000992 -14.325951 30.964154 -450 -17.562974 30.964154 -449.35296 -17.64816 30.964154 -448.750016 -17.897912 30.964154 -448.232224 -18.295208 30.964154 -447.834944 -18.812974 30.964154 -447.585184 -19.415928 30.964154 -447.5 -20.062974 30.964154 -447.585184 -20.710024 30.964154 -447.834944 -21.312974 30.964154 -448.232224 -21.830742 30.964154 -448.750016 -22.228038 30.964154 -449.35296 -22.47779 30.964154 -450 -22.562974 30.964154 -450.64704 -22.47779 30.964154 -451.249984 -22.228038 30.964154 -451.767776 -21.830742 30.964154 -452.165056 -21.312974 30.964154 -452.414816 -20.710024 30.964154 -452.5 -20.062974 30.964154 -452.414816 -19.415928 30.964154 -452.165056 -18.812974 30.964154 -451.767776 -18.295208 30.964154 -451.249984 -17.897912 30.964154 -450.64704 -17.64816 30.964154 -450 -17.562974 35.964152 -450.64704 -17.64816 35.964152 -451.249984 -17.897912 35.964152 -451.767776 -18.295208 35.964152 -452.165056 -18.812974 35.964152 -452.414816 -19.415928 35.964152 -452.5 -20.062974 35.964152 -452.414816 -20.710024 35.964152 -452.165056 -21.312974 35.964152 -451.767776 -21.830742 35.964152 -451.249984 -22.228038 35.964152 -450.64704 -22.47779 35.964152 -450 -22.562974 35.964152 -449.35296 -22.47779 35.964152 -448.750016 -22.228038 35.964152 -448.232224 -21.830742 35.964152 -447.834944 -21.312974 35.964152 -447.585184 -20.710024 35.964152 -447.5 -20.062974 35.964152 -447.585184 -19.415928 35.964152 -447.834944 -18.812974 35.964152 -448.232224 -18.295208 35.964152 -448.750016 -17.897912 35.964152 -449.35296 -17.64816 35.964152 -440.000992 -30.799952 30.964154 -440.000992 -30.799952 35.964152 -440.000992 -9.325951 35.964152</float_array>
          <technique_common>
            <accessor source="#pos_6-array" count="618" stride="3">
              <param name="X" type="float"/>
              <param name="Y" type="float"/>
              <param name="Z" type="float"/>
            </accessor>
          </technique_common>
        </source>
        <vertices id="vert_6">
          <input semantic="POSITION" source="#pos_6"/>
        </vertices>
        <triangles count="416" material="mat_16">
          <input semantic="VERTEX" source="#vert_6" offset="0"/>
          <p>1 20 0 0 20 21 0 21 22 22 21 29 22 29 30 30 29 37 30 37 38 38 37 45 38 45 46 46 45 10 46 10 47 47 10 15 47 15 40 40 15 16 40 16 33 33 16 17 33 17 26 26 17 18 26 18 19 20 1 27 27 1 2 27 2 34 34 2 3 34 3 41 41 3 4 41 4 9 9 4 5 9 5 8 8 5 7 7 5 6 10 44 9 9 44 43 9 43 42 42 43 35 42 35 34 34 35 27 15 10 14 14 10 11 14 11 12 12 13 14 0 23 19 19 23 24 19 24 25 25 24 32 25 32 33 33 32 40 23 0 22 21 20 28 28 20 27 28 27 35 22 30 23 23 30 31 23 31 24 24 31 32 26 19 25 33 26 25 21 28 29 29 28 36 29 36 37 37 36 44 37 44 45 45 44 10 36 28 35 30 38 31 31 38 39 31 39 32 32 39 40 42 34 41 44 36 43 43 36 35 47 40 39 47 39 46 46 39 38 9 42 41 4 3 5 5 3 2 5 2 1 1 0 5 5 0 48 5 48 51 51 48 50 50 48 49 55 19 14 14 19 18 14 18 17 17 16 14 14 16 15 14 52 55 55 52 53 55 53 54 13 56 14 14 56 52 10 9 74 74 9 78 74 78 79 79 78 86 79 86 87 87 86 94 87 94 95 95 94 102 95 102 68 68 102 67 67 102 66 66 102 101 66 101 100 100 101 93 100 93 92 92 93 85 92 85 84 84 85 77 84 77 76 76 77 9 76 9 75 75 9 57 75 57 58 58 59 75 75 59 82 75 82 83 83 82 90 83 90 91 91 90 98 91 98 99 99 98 66 99 66 100 59 60 82 82 60 61 82 61 89 89 61 62 89 62 63 89 63 96 96 63 64 96 64 97 97 64 98 97 98 90 65 66 64 64 66 98 68 69 95 95 69 70 95 70 88 88 70 71 88 71 72 88 72 81 81 72 73 81 73 74 78 9 77 84 76 83 83 76 75 86 78 85 85 78 77 81 74 80 80 74 79 80 79 87 88 81 80 88 80 87 92 84 91 91 84 83 94 86 93 93 86 85 95 88 87 97 90 89 89 90 82 96 97 89 100 92 99 99 92 91 102 94 101 101 94 93 104 150 103 103 150 127 103 127 126 126 127 128 126 128 125 125 128 129 125 129 124 124 129 130 124 130 123 123 130 131 123 131 122 122 131 132 122 132 121 121 132 133 121 133 120 120 133 134 120 134 119 119 134 135 119 135 118 118 135 136 118 136 117 117 136 137 117 137 116 116 137 138 116 138 115 115 138 139 115 139 114 114 139 140 114 140 113 113 140 141 113 141 112 112 141 142 112 142 111 111 142 143 111 143 110 110 143 144 110 144 109 109 144 145 109 145 108 108 145 146 108 146 107 107 146 147 107 147 106 106 147 148 106 148 105 105 148 149 105 149 104 104 149 150 126 151 103 103 151 55 103 55 104 104 55 105 105 55 106 106 55 107 107 55 108 108 55 109 109 55 110 110 55 54 110 54 111 111 54 112 112 54 113 113 54 114 114 54 115 115 54 152 115 152 116 116 152 117 117 152 118 118 152 119 119 152 120 120 152 151 120 151 121 121 151 122 122 151 123 123 151 124 124 151 125 125 151 126 54 53 152 152 53 153 151 66 55 55 66 19 19 66 0 0 66 65 0 65 48 48 65 154 150 52 127 127 52 56 127 56 128 128 56 129 129 56 130 130 56 131 131 56 132 132 56 133 133 56 153 133 153 134 134 153 135 135 153 136 136 153 137 137 153 138 138 153 139 139 153 53 139 53 140 140 53 141 141 53 142 142 53 143 143 53 144 144 53 145 145 53 52 145 52 146 146 52 147 147 52 148 148 52 149 149 52 150 156 202 155 155 202 179 155 179 178 178 179 180 178 180 177 177 180 181 177 181 176 176 181 182 176 182 175 175 182 183 175 183 174 174 183 184 174 184 173 173 184 185 173 185 172 172 185 186 172 186 171 171 186 187 171 187 170 170 187 188 170 188 169 169 188 189 169 189 168 168 189 190 168 190 167 167 190 191 167 191 166 166 191 192 166 192 165 165 192 193 165 193 164 164 193 194 164 194 163 163 194 195 163 195 162 162 195 196 162 196 161 161 196 197 161 197 160 160 197 198 160 198 159 159 198 199 159 199 158 158 199 200 158 200 157 157 200 201 157 201 156 156 201 202 178 48 155 155 48 154 155 154 156 156 154 157 157 154 158 158 154 159 159 154 160 160 154 161 161 154 162 162 154 203 162 203 163 163 203 164 164 203 165 165 203 166 166 203 167 167 203 49 167 49 168 168 49 169 169 49 170 170 49 171 171 49 172 172 49 48 172 48 173 173 48 174 174 48 175 175 48 176 176 48 177 177 48 178 203 204 49 49 204 50 202 205 179 179 205 51 179 51 180 180 51 181 181 51 182 182 51 183 183 51 184 184 51 185 185 51 50 185 50 186 186 50 187 187 50 188 188 50 189 189 50 190 190 50 191 191 50 204 191 204 192 192 204 193 193 204 194 194 204 195 195 204 196 196 204 197 197 204 205 197 205 198 198 205 199 199 205 200 200 205 201 201 205 202 5 51 6 6 51 205 9 8 57 57 8 7 57 7 6 57 6 58 58 6 205 58 205 59 59 205 60 60 205 61 61 205 62 62 205 154 62 154 63 63 154 64 64 154 65 205 204 154 154 204 203 12 74 13 13 74 73 13 73 56 56 73 72 56 72 71 12 11 74 74 11 10 71 70 56 56 70 69 56 69 151 151 69 68 151 68 67 67 66 151 152 153 151 151 153 56</p>
        </triangles>
      </mesh>
    </geometry>
    <geometry id="geometry_8df0d1ee_07ab_47ee_a70c_599207faa423">
      <mesh>
        <source id="pos_7">
          <float_array id="pos_7-array" count="456">-20.138432 2.999998 56.328484 -20.138432 2.999998 63.80258 -16.138432 2.999998 63.80258 -16.138432 2.999998 56.328484 -20.138432 -1E-06 63.80258 -16.138432 -1E-06 63.80258 -20.138432 -1E-06 56.328484 -16.138432 -1E-06 56.328484 -320.138432 2.999998 63.80258 -320.138432 2.999998 56.328484 -324.138432 2.999998 56.328484 -324.138432 2.999998 63.80258 -320.138432 -1E-06 63.80258 -324.138432 -1E-06 63.80258 -320.138432 -1E-06 56.328484 -324.138432 -1E-06 56.328484 -20.138432 6.774853 96.323456 -20.138432 5.957634 92.003696 -20.138432 5.240256 87.615512 -20.138432 4.110882 78.671184 -20.138432 3.396294 69.566192 -20.138432 3.102543 60.377652 -20.138432 3.232114 51.183344 -20.138432 3.783912 42.061124 -20.138432 4.753264 33.088222 -20.138432 5.392094 28.681574 -20.138432 6.131963 24.340612 -320.138432 6.131963 24.340612 -320.138432 5.392094 28.681574 -320.138432 4.753264 33.088222 -320.138432 3.783912 42.061124 -320.138432 3.232114 51.183344 -320.138432 3.102543 60.377652 -320.138432 3.396294 69.566192 -320.138432 4.110882 78.671184 -320.138432 5.240256 87.615512 -320.138432 5.957634 92.003696 -320.138432 6.774853 96.323456 -220.138432 4.391588 81.24644 -120.138432 4.391588 81.24644 -220.138432 3.864058 76.082792 -120.138432 3.864058 76.082792 -220.138432 3.583377 44.655592 -120.138432 3.583377 44.655592 -220.138432 4.018555 39.478848 -120.138432 4.018555 39.478848 -120.138432 5.849001 91.380784 -220.138432 5.849001 91.380784 -120.138432 5.053847 86.350472 -220.138432 5.053847 86.350472 -120.138432 3.218643 65.633956 -220.138432 3.218643 65.633956 -220.138432 3.472715 70.873832 -120.138432 3.472715 70.873832 -120.138432 3.124736 55.119468 -220.138432 3.124736 55.119468 -220.138432 3.102543 60.377652 -120.138432 3.102543 60.377652 -120.138432 3.285162 49.873948 -220.138432 3.285162 49.873948 -120.138432 5.294613 29.30729 -220.138432 5.294613 29.30729 -220.138432 4.589494 34.358024 -120.138432 4.589494 34.358024 -20.138432 -1E-06 81.180056 -20.138432 0.145682 83.433432 -20.138432 0.580308 85.649296 -20.138432 1.296641 87.790752 -20.138432 2.282753 89.822128 -320.138432 2.282753 89.822128 -320.138432 1.296641 87.790752 -320.138432 0.580308 85.649296 -320.138432 0.145682 83.433432 -320.138432 -1E-06 81.180056 -62.995576 0.145682 83.433432 -105.852712 0.145682 83.433432 -148.709856 0.145682 83.433432 -191.567008 0.145682 83.433432 -234.424144 0.145682 83.433432 -277.28128 0.145682 83.433432 -62.995576 0.580308 85.649296 -105.852712 0.580308 85.649296 -148.709856 0.580308 85.649296 -191.567008 0.580308 85.649296 -234.424144 0.580308 85.649296 -277.28128 0.580308 85.649296 -62.995576 1.296641 87.790752 -105.852712 1.296641 87.790752 -148.709856 1.296641 87.790752 -191.567008 1.296641 87.790752 -234.424144 1.296641 87.790752 -277.28128 1.296641 87.790752 -320.138432 3.75775 92.41936 -320.138432 4.639061 93.813768 -320.138432 5.647749 95.118992 -320.138432 5.332031 25.300076 -320.138432 4.602581 26.314156 -320.138432 3.947331 27.377692 -320.138432 2.282645 30.309008 -320.138432 1.296579 32.340354 -320.138432 0.580281 34.48176 -320.138432 0.145675 36.697568 -320.138432 -1E-06 38.950892 -320.138432 -1E-06 54.328484 -320.138432 -1.535847 54.328484 -320.138432 -1.535847 65.80258 -320.138432 -1E-06 65.80258 -20.138432 3.75775 92.41936 -20.138432 4.639061 93.813768 -20.138432 5.647749 95.118992 -270.138432 5.128018 94.478272 -220.138432 5.128018 94.478272 -170.138432 5.128018 94.478272 -120.138432 5.128018 94.478272 -70.138432 5.128018 94.478272 -20.138432 2.282645 30.309008 -20.138432 1.296579 32.340354 -20.138432 0.580281 34.48176 -20.138432 0.145675 36.697568 -20.138432 -1E-06 38.950892 -62.995576 1.296579 32.340354 -105.852712 1.296579 32.340354 -148.709856 1.296579 32.340354 -191.567008 1.296579 32.340354 -234.424144 1.296579 32.340354 -277.28128 1.296579 32.340354 -62.995576 0.580281 34.48176 -105.852712 0.580281 34.48176 -148.709856 0.580281 34.48176 -191.567008 0.580281 34.48176 -234.424144 0.580281 34.48176 -277.28128 0.580281 34.48176 -62.995576 0.145675 36.697568 -105.852712 0.145675 36.697568 -148.709856 0.145675 36.697568 -191.567008 0.145675 36.697568 -234.424144 0.145675 36.697568 -277.28128 0.145675 36.697568 -20.138432 3.947331 27.377692 -20.138432 5.332031 25.300076 -20.138432 4.602581 26.314156 -57.638432 4.958255 25.800604 -95.138432 4.958255 25.800604 -132.638424 4.958255 25.800604 -170.138432 4.958255 25.800604 -207.638432 4.958255 25.800604 -245.138432 4.958255 25.800604 -282.638432 4.958255 25.800604 -20.138432 -1E-06 65.80258 -20.138432 -1E-06 54.328484 -20.138432 -1.535847 54.328484 -20.138432 -1.535847 65.80258</float_array>
          <technique_common>
            <accessor source="#pos_7-array" count="456" stride="3">
              <param name="X" type="float"/>
              <param name="Y" type="float"/>
              <param name="Z" type="float"/>
            </accessor>
          </technique_common>
        </source>
        <vertices id="vert_7">
          <input semantic="POSITION" source="#pos_7"/>
        </vertices>
        <triangles count="300" material="mat_16">
          <input semantic="VERTEX" source="#vert_7" offset="0"/>
          <p>0 1 3 3 1 2 1 4 2 2 4 5 4 6 5 5 6 7 6 0 7 7 0 3 7 3 5 5 3 2 8 9 11 11 9 10 12 8 13 13 8 11 14 12 15 15 12 13 9 14 10 10 14 15 10 15 11 11 15 13 17 46 16 16 46 47 16 47 36 36 47 35 35 47 49 35 49 38 38 49 48 38 48 39 39 48 18 39 18 19 17 18 46 46 18 48 46 48 49 39 19 41 41 19 20 41 20 53 53 20 50 53 50 51 51 50 56 51 56 32 32 56 55 32 55 31 31 55 59 31 59 42 42 59 58 42 58 43 43 58 22 43 22 23 20 21 50 50 21 57 50 57 56 56 57 55 57 21 54 54 21 22 54 22 58 43 23 45 45 23 24 45 24 63 63 24 60 63 60 61 61 60 27 61 27 28 24 25 60 60 25 27 25 26 27 28 29 61 61 29 62 61 62 63 63 62 45 62 29 44 44 29 30 44 30 42 42 30 31 32 33 51 51 33 52 51 52 53 53 52 41 52 33 40 40 33 34 40 34 38 38 34 35 36 37 16 49 47 46 38 39 40 40 39 41 40 41 52 59 55 54 54 55 57 58 59 54 42 43 44 44 43 45 44 45 62 65 74 64 64 74 75 64 75 76 76 75 82 76 82 83 83 82 89 83 89 90 90 89 69 90 69 91 91 69 70 91 70 85 85 70 71 85 71 79 79 71 72 79 72 73 74 65 80 80 65 66 80 66 86 86 66 67 86 67 68 69 88 68 68 88 87 68 87 86 86 87 80 64 77 73 73 77 78 73 78 79 79 78 85 77 64 76 75 74 81 81 74 80 81 80 87 76 83 77 77 83 84 77 84 78 78 84 85 75 81 82 82 81 88 82 88 89 89 88 69 88 81 87 91 85 84 91 84 90 90 84 83 8 32 9 9 32 31 9 31 103 103 31 99 103 99 100 12 106 8 8 106 70 8 70 33 33 70 69 33 69 34 34 69 92 34 92 93 106 12 105 105 12 14 105 14 104 104 14 103 103 14 9 34 93 35 35 93 94 35 94 36 36 94 37 33 32 8 99 31 98 98 31 30 98 30 97 97 30 29 97 29 96 96 29 28 96 28 95 95 28 27 101 102 100 100 102 103 70 106 71 71 106 73 71 73 72 68 107 69 69 107 92 94 110 37 37 110 111 37 111 112 112 111 107 112 107 113 113 107 114 113 114 109 109 114 108 108 114 107 94 93 110 110 93 111 92 107 93 93 107 111 16 37 109 109 37 113 113 37 112 116 120 115 115 120 121 115 121 122 122 121 128 122 128 129 129 128 135 129 135 136 136 135 102 136 102 137 137 102 101 137 101 131 131 101 100 131 100 125 125 100 99 125 99 98 120 116 126 126 116 117 126 117 132 132 117 118 132 118 119 102 134 119 119 134 133 119 133 132 132 133 126 115 123 98 98 123 124 98 124 125 125 124 131 123 115 122 121 120 127 127 120 126 127 126 133 122 129 123 123 129 130 123 130 124 124 130 131 121 127 128 128 127 134 128 134 135 135 134 102 134 127 133 137 131 130 137 130 136 136 130 129 98 97 115 115 97 138 139 141 26 26 141 142 26 142 143 143 142 140 143 140 97 97 140 138 139 140 141 141 140 142 96 147 97 97 147 146 97 146 145 145 146 95 145 95 26 26 95 27 96 95 147 147 95 146 145 26 144 144 26 143 144 143 97 97 145 144 73 106 64 64 106 148 119 149 102 102 149 103 104 103 150 150 103 149 105 104 151 151 104 150 106 105 148 148 105 151 0 21 1 1 21 20 1 20 67 67 20 68 68 20 19 68 19 107 107 19 108 108 19 18 108 18 109 109 18 17 109 17 16 6 149 0 0 149 22 0 22 21 149 6 150 150 6 4 150 4 151 151 4 148 148 4 1 148 1 67 26 25 139 139 25 140 140 25 24 140 24 138 138 24 23 138 23 115 115 23 22 115 22 116 116 22 149 116 149 117 117 149 119 117 119 118 67 66 148 148 66 64 64 66 65</p>
        </triangles>
      </mesh>
    </geometry>
    <geometry id="geometry_2bba31ff_0367_40d8_8ebf_6fd16b69379b">
      <mesh>
        <source id="pos_8">
          <float_array id="pos_8-array" count="522">-540.137472 17.000022 46.528508 -540.70688 17.000022 46.453544 -541.23744 17.000022 46.233764 -541.693056 17.000022 45.884144 -542.042688 17.000022 45.428508 -542.262464 17.000022 44.897912 -542.337408 17.000022 44.328512 -542.262464 17.000022 43.759104 -542.042688 17.000024 43.228508 -541.693056 17.000024 42.772872 -541.23744 17.000024 42.423252 -540.70688 17.000024 42.203472 -540.137472 17.000024 42.128508 -539.568064 17.000026 42.203472 -539.03744 17.000026 42.423252 -538.58176 17.000026 42.772872 -538.232192 17.000026 43.228508 -538.012416 17.000026 43.759104 -537.937408 17.000024 44.328512 -538.012416 17.000024 44.897912 -538.232192 17.000024 45.428508 -538.58176 17.000024 45.884144 -539.03744 17.000024 46.233764 -539.568064 17.000022 46.453544 -540.137472 22.000022 46.528512 -539.568064 22.000022 46.453548 -539.03744 22.000024 46.233768 -538.58176 22.000024 45.884148 -538.232192 22.000024 45.428512 -538.012416 22.000024 44.897916 -537.937408 22.000024 44.328512 -538.012416 22.000026 43.759108 -538.232192 22.000026 43.228512 -538.58176 22.000026 42.772876 -539.03744 22.000026 42.423256 -539.568064 22.000026 42.203476 -540.137472 22.000024 42.128512 -540.70688 22.000024 42.203476 -541.23744 22.000024 42.423256 -541.693056 22.000024 42.772876 -542.042688 22.000024 43.228512 -542.262464 22.000022 43.759108 -542.337472 22.000022 44.328512 -542.262464 22.000022 44.897916 -542.042688 22.000022 45.428512 -541.693056 22.000022 45.884148 -541.23744 22.000022 46.233768 -540.70688 22.000022 46.453548 -540.137472 17.000006 78.002568 -540.70688 17.000006 77.927608 -541.23744 17.000006 77.707824 -541.693056 17.000006 77.3582 -542.042752 17.000006 76.902576 -542.262528 17.000006 76.371968 -542.337472 17.000006 75.802568 -542.262528 17.000006 75.233168 -542.042752 17.000006 74.702568 -541.693056 17.000008 74.246936 -541.23744 17.000008 73.897312 -540.70688 17.000008 73.677528 -540.137472 17.000008 73.602568 -539.568064 17.000008 73.677528 -539.037504 17.00001 73.897312 -538.58176 17.00001 74.246936 -538.232192 17.00001 74.702568 -538.012416 17.000008 75.233168 -537.937408 17.000008 75.802568 -538.012416 17.000008 76.371968 -538.232192 17.000008 76.902576 -538.58176 17.000008 77.3582 -539.037504 17.000006 77.707824 -539.568064 17.000006 77.927608 -540.137472 22.000006 78.002568 -539.568064 22.000006 77.927616 -539.037504 22.000006 77.707824 -538.58176 22.000008 77.358208 -538.232192 22.000008 76.902576 -538.012416 22.000008 76.371968 -537.937408 22.000008 75.802576 -538.012416 22.000008 75.233168 -538.232192 22.00001 74.702568 -538.58176 22.00001 74.246944 -539.037504 22.00001 73.897312 -539.568064 22.000008 73.677536 -540.137472 22.000008 73.602568 -540.70688 22.000008 73.677536 -541.23744 22.000008 73.897312 -541.69312 22.000008 74.246944 -542.042752 22.000006 74.702568 -542.262528 22.000006 75.233168 -542.337472 22.000006 75.802576 -542.262528 22.000006 76.371968 -542.042752 22.000006 76.902576 -541.69312 22.000006 77.358208 -541.23744 22.000006 77.707824 -540.70688 22.000006 77.927616 -330.138464 22.000126 73.602616 -330.667168 22.000124 73.663992 -331.165664 22.000124 73.850552 -331.6048 22.000124 74.151384 -331.958816 22.000124 74.548864 -332.207008 22.000124 75.019744 -332.334848 22.000122 75.53644 -332.334848 22.000122 76.06872 -332.207008 22.000122 76.585408 -331.958816 22.000122 77.05628 -331.6048 22.000122 77.453768 -331.165664 22.000122 77.7546 -330.667168 22.000122 77.94116 -330.138464 22.000122 78.002544 -330.138464 17.000122 78.002544 -330.667168 17.000122 77.94116 -331.165664 17.000122 77.754592 -331.6048 17.000122 77.453768 -331.958816 17.000122 77.05628 -332.207008 17.000122 76.585408 -332.334848 17.000122 76.068712 -332.334848 17.000122 75.53644 -332.207008 17.000124 75.019736 -331.958816 17.000124 74.548864 -331.6048 17.000124 74.151384 -331.165664 17.000124 73.850552 -330.667168 17.000124 73.663984 -330.138464 17.000126 73.602608 -330.138464 22.00014 46.528512 -330.138464 17.00014 46.528508 -330.138464 22.000144 42.128512 -330.70784 22.000144 42.203476 -331.238464 22.000142 42.423256 -331.69408 22.000142 42.772876 -332.043712 22.000142 43.228512 -332.263488 22.000142 43.759108 -332.338464 22.00014 44.328512 -332.263488 22.00014 44.897916 -332.043712 22.00014 45.428512 -331.69408 22.00014 45.884148 -331.238464 22.00014 46.233768 -330.70784 22.00014 46.453548 -330.70784 17.00014 46.453544 -331.238464 17.00014 46.233764 -331.69408 17.00014 45.884144 -332.043712 17.00014 45.428508 -332.263488 17.00014 44.897912 -332.338432 17.00014 44.328512 -332.263488 17.000142 43.759104 -332.043712 17.000142 43.228508 -331.69408 17.000142 42.772872 -331.238464 17.000142 42.423252 -330.70784 17.000144 42.203472 -330.138464 17.000144 42.128508 -330.138464 22.000144 39.328336 -330.138464 17.000144 39.328332 -340.138464 22.00014 39.328336 -340.138464 17.00014 39.328332 -340.138464 22.000132 52.565536 -340.138464 17.000132 52.565532 -530.138432 22.000024 52.565536 -530.138432 17.000024 52.565532 -530.138432 22.000032 39.328536 -530.138432 17.000032 39.328532 -550.138432 22.00002 39.328536 -550.138432 17.00002 39.328532 -550.138432 21.999998 80.802536 -550.138432 16.999998 80.802536 -530.138432 22.00001 80.802536 -530.138432 17.00001 80.802536 -530.138432 22.000018 67.565536 -530.138432 17.000018 67.565536 -340.138464 22.000122 67.565536 -340.138464 17.000122 67.565536 -340.138464 22.000116 80.802536 -340.138464 17.000116 80.802536 -330.138464 22.00012 80.802536 -330.138464 17.00012 80.802536</float_array>
          <technique_common>
            <accessor source="#pos_8-array" count="522" stride="3">
              <param name="X" type="float"/>
              <param name="Y" type="float"/>
              <param name="Z" type="float"/>
            </accessor>
          </technique_common>
        </source>
        <vertices id="vert_8">
          <input semantic="POSITION" source="#pos_8"/>
        </vertices>
        <triangles count="352" material="mat_16">
          <input semantic="VERTEX" source="#vert_8" offset="0"/>
          <p>1 47 0 0 47 24 0 24 23 23 24 25 23 25 22 22 25 26 22 26 21 21 26 27 21 27 20 20 27 28 20 28 19 19 28 29 19 29 18 18 29 30 18 30 17 17 30 31 17 31 16 16 31 32 16 32 15 15 32 33 15 33 14 14 33 34 14 34 13 13 34 35 13 35 12 12 35 36 12 36 11 11 36 37 11 37 10 10 37 38 10 38 9 9 38 39 9 39 8 8 39 40 8 40 7 7 40 41 7 41 6 6 41 42 6 42 5 5 42 43 5 43 4 4 43 44 4 44 3 3 44 45 3 45 2 2 45 46 2 46 1 1 46 47 49 95 48 48 95 72 48 72 71 71 72 73 71 73 70 70 73 74 70 74 69 69 74 75 69 75 68 68 75 76 68 76 67 67 76 77 67 77 66 66 77 78 66 78 65 65 78 79 65 79 64 64 79 80 64 80 63 63 80 81 63 81 62 62 81 82 62 82 61 61 82 83 61 83 60 60 83 84 60 84 59 59 84 85 59 85 58 58 85 86 58 86 57 57 86 87 57 87 56 56 87 88 56 88 55 55 88 89 55 89 54 54 89 90 54 90 53 53 90 91 53 91 52 52 91 92 52 92 51 51 92 93 51 93 50 50 93 94 50 94 49 49 94 95 123 96 122 122 96 97 122 97 98 122 98 121 121 98 99 121 99 120 120 99 100 120 100 119 119 100 101 119 101 118 118 101 102 118 102 117 117 102 103 117 103 116 116 103 104 116 104 115 115 104 105 115 105 114 114 105 106 114 106 113 113 106 107 113 107 112 112 107 108 112 108 111 111 108 110 110 108 109 124 96 125 125 96 123 149 126 148 148 126 127 148 127 147 147 127 128 147 128 146 146 128 129 146 129 145 145 129 130 145 130 144 144 130 131 144 131 143 143 131 132 143 132 142 142 132 133 142 133 141 141 133 134 141 134 140 140 134 135 140 135 139 139 135 136 139 136 138 138 136 137 138 137 125 125 137 124 150 126 151 151 126 149 152 150 153 153 150 151 154 152 155 155 152 153 156 154 157 157 154 155 158 156 159 159 156 157 160 158 161 161 158 159 162 160 163 163 160 161 164 162 165 165 162 163 166 164 167 167 164 165 168 166 169 169 166 167 170 168 171 171 168 169 172 170 173 173 170 171 109 172 110 110 172 173 71 165 48 48 165 163 48 163 49 49 163 50 50 163 51 51 163 52 52 163 53 53 163 54 54 163 55 55 163 56 56 163 57 57 163 3 57 3 58 58 3 2 58 2 157 157 2 1 157 1 0 71 70 165 165 70 69 165 69 68 68 67 165 165 67 66 165 66 65 165 65 167 167 65 64 167 64 63 63 62 167 167 62 61 167 61 60 60 59 167 167 59 58 167 58 157 0 23 157 157 23 22 157 22 21 21 20 157 157 20 19 157 19 159 159 19 18 159 18 17 17 16 159 159 16 15 159 15 14 14 13 159 159 13 12 159 12 161 161 12 11 161 11 10 10 9 161 161 9 8 161 8 7 7 6 161 161 6 5 161 5 4 4 3 161 161 3 163 110 173 111 111 173 171 111 171 112 112 171 113 113 171 114 114 171 115 115 171 116 116 171 117 117 171 118 118 171 169 118 169 119 119 169 120 120 169 121 121 169 122 122 169 123 123 169 125 125 169 155 125 155 138 138 155 139 139 155 140 140 155 141 141 155 142 142 155 153 142 153 143 143 153 144 144 153 145 145 153 146 146 153 147 147 153 148 148 153 149 149 153 151 155 169 157 157 169 167 95 162 72 72 162 164 72 164 73 73 164 74 74 164 75 75 164 76 76 164 77 77 164 78 78 164 79 79 164 166 79 166 80 80 166 81 81 166 82 82 166 83 83 166 84 84 166 85 85 166 86 86 166 156 86 156 46 46 156 47 47 156 24 24 156 25 25 156 26 26 156 27 27 156 28 28 156 29 29 156 158 29 158 30 30 158 31 31 158 32 32 158 33 33 158 34 34 158 35 35 158 36 36 158 160 36 160 37 37 160 38 38 160 39 39 160 40 40 160 41 41 160 42 42 160 43 43 160 44 44 160 45 45 160 162 45 162 87 87 162 88 88 162 89 89 162 90 90 162 91 91 162 92 92 162 93 93 162 94 94 162 95 87 86 45 45 86 46 109 108 172 172 108 170 170 108 107 170 107 106 106 105 170 170 105 104 170 104 103 103 102 170 170 102 101 170 101 168 168 101 100 168 100 99 99 98 168 168 98 97 168 97 96 96 124 168 168 124 154 168 154 166 166 154 156 124 137 154 154 137 136 154 136 135 135 134 154 154 134 133 154 133 152 152 133 132 152 132 131 131 130 152 152 130 129 152 129 128 128 127 152 152 127 126 152 126 150</p>
        </triangles>
      </mesh>
    </geometry>
    <geometry id="geometry_e9dc3759_f99e_43fd_9df3_41154ab19514">
      <mesh>
        <source id="pos_9">
          <float_array id="pos_9-array" count="8760">40 -30.05 48.535784 40 -26.085786 52.5 40 -13.914213 52.5 40 -9.95 48.535784 40 -9.95 46 40 -15 46 40 -15 41.5 40 -14.2 41.5 40 -14.2 40 40 -3 40 40 -2.223543 40.102224 40 -1.5 40.401924 40 -0.878679 40.87868 40 -0.401923 41.5 40 -0.102222 42.22354 40 0 43 40 0 54.2 40 -1.5 54.2 40 -1.5 55 40 -6 55 40 -6 49.95 40 -8.535787 49.95 40 -12.5 53.914216 40 -12.5 66.085784 40 -8.535787 70.05 40 -6 70.05 40 -6 65 40 -1.5 65 40 -1.5 65.800004 40 0 65.800004 40 0 77 40 -0.102222 77.776456 40 -0.401923 78.5 40 -0.878679 79.12132 40 -1.5 79.598072 40 -2.223543 79.897776 40 -3 80 40 -14.2 80 40 -14.2 78.5 40 -15 78.5 40 -15 74 40 -9.95 74 40 -9.95 71.464208 40 -13.914213 67.5 40 -26.085786 67.5 40 -30.05 71.464208 40 -30.05 74 40 -25 74 40 -25 78.5 40 -25.8 78.5 40 -25.8 80 40 -37 80 40 -37.77646 79.897776 40 -38.5 79.598072 40 -39.12132 79.12132 40 -39.598076 78.5 40 -39.897776 77.776456 40 -40 77 40 -40 65.800004 40 -38.5 65.800004 40 -38.5 65 40 -34 65 40 -34 70.05 40 -31.464214 70.05 40 -27.5 66.085784 40 -27.5 53.914216 40 -31.464214 49.95 40 -34 49.95 40 -34 55 40 -38.5 55 40 -38.5 54.2 40 -40 54.2 40 -40 43 40 -39.897776 42.22354 40 -39.598076 41.5 40 -39.12132 40.87868 40 -38.5 40.401924 40 -37.77646 40.102224 40 -37 40 40 -25.8 40 40 -25.8 41.5 40 -25 41.5 40 -25 46 40 -30.05 46 40 -28 44.5 40 -28 41.5 40 -34.5 41.5 40 -34.5 42.75 40 -35.211752 42.843704 40 -35.875 43.118432 40 -36.44454 43.55546 40 -36.881568 44.125 40 -37.156296 44.788248 40 -37.25 45.5 40 -38.5 45.5 40 -38.5 52 40 -35.5 52 40 -35.5 48.25 40 -34.5 48.25 40 -33.788248 48.156296 40 -33.125 47.881568 40 -32.555458 47.44454 40 -32.118432 46.875 40 -31.843704 46.211752 40 -31.75 45.5 40 -31.75 44.5 40 -4.5 52 40 -1.5 52 40 -1.5 45.5 40 -2.75 45.5 40 -2.843704 44.788248 40 -3.11843 44.125 40 -3.555456 43.55546 40 -4.125 43.118432 40 -4.788247 42.843704 40 -5.5 42.75 40 -5.5 41.5 40 -12 41.5 40 -12 44.5 40 -8.25 44.5 40 -8.25 45.5 40 -8.156296 46.211752 40 -7.88157 46.875 40 -7.444544 47.44454 40 -6.875 47.881568 40 -6.211752 48.156296 40 -5.5 48.25 40 -4.5 48.25 40 -12 75.5 40 -12 78.5 40 -5.5 78.5 40 -5.5 77.25 40 -4.788247 77.156296 40 -4.125 76.881568 40 -3.555456 76.444544 40 -3.11843 75.875 40 -2.843704 75.211752 40 -2.75 74.5 40 -1.5 74.5 40 -1.5 68 40 -4.5 68 40 -4.5 71.75 40 -5.5 71.75 40 -6.211752 71.843704 40 -6.875 72.118432 40 -7.444544 72.555456 40 -7.88157 73.125 40 -8.156296 73.788248 40 -8.25 74.5 40 -8.25 75.5 40 -35.5 68 40 -38.5 68 40 -38.5 74.5 40 -37.25 74.5 40 -37.156296 75.211752 40 -36.881568 75.875 40 -36.44454 76.444544 40 -35.875 76.881568 40 -35.211752 77.156296 40 -34.5 77.25 40 -34.5 78.5 40 -28 78.5 40 -28 75.5 40 -31.75 75.5 40 -31.75 74.5 40 -31.843704 73.788248 40 -32.118432 73.125 40 -32.555458 72.555456 40 -33.125 72.118432 40 -33.788248 71.843704 40 -34.5 71.75 40 -35.5 71.75 40 -24.5853 61.993744 40 -25.2 62.261024 40 -25.2 65.199996 40 -22.261024 65.199996 40 -21.993746 64.585296 40 -21.01821 64.895224 40 -20 65 40 -18.98179 64.895224 40 -18.006254 64.585296 40 -17.738976 65.199996 40 -14.8 65.199996 40 -14.8 62.261024 40 -15.4147 61.993744 40 -15.104773 61.018208 40 -15 60 40 -15.104773 58.981792 40 -15.4147 58.006256 40 -14.8 57.738976 40 -14.8 54.8 40 -17.738976 54.8 40 -18.006254 55.4147 40 -18.98179 55.104776 40 -20 55 40 -21.01821 55.104776 40 -21.993746 55.4147 40 -22.261024 54.8 40 -25.2 54.8 40 -25.2 57.738976 40 -24.5853 58.006256 40 -24.895228 58.981792 40 -25 60 40 -24.895228 61.018208 -550 -15.4147 61.993744 -550 -15.104773 61.018208 -550 -15 60 -550 -15.104773 58.981792 -550 -15.4147 58.006256 18.148148 -15.104773 58.981792 -3.703703 -15.104773 58.981792 -25.555556 -15.104773 58.981792 -47.407404 -15.104773 58.981792 -69.259264 -15.104773 58.981792 -91.111112 -15.104773 58.981792 -112.96296 -15.104773 58.981792 -134.814816 -15.104773 58.981792 -156.666672 -15.104773 58.981792 -178.518528 -15.104773 58.981792 -200.370384 -15.104773 58.981792 -222.222224 -15.104773 58.981792 -244.07408 -15.104773 58.981792 -265.925936 -15.104773 58.981792 -287.77776 -15.104773 58.981792 -309.629632 -15.104773 58.981792 -331.481472 -15.104773 58.981792 -353.333344 -15.104773 58.981792 -375.185184 -15.104773 58.981792 -397.037056 -15.104773 58.981792 -418.888896 -15.104773 58.981792 -440.740768 -15.104773 58.981792 -462.592576 -15.104773 58.981792 -484.444448 -15.104773 58.981792 -506.296288 -15.104773 58.981792 -528.148128 -15.104773 58.981792 18.148148 -15 60 -3.703703 -15 60 -25.555556 -15 60 -47.407404 -15 60 -69.259264 -15 60 -91.111112 -15 60 -112.96296 -15 60 -134.814816 -15 60 -156.666672 -15 60 -178.518528 -15 60 -200.370384 -15 60 -222.222224 -15 60 -244.07408 -15 60 -265.925936 -15 60 -287.77776 -15 60 -309.629632 -15 60 -331.481472 -15 60 -353.333344 -15 60 -375.185184 -15 60 -397.037056 -15 60 -418.888896 -15 60 -440.740768 -15 60 -462.592576 -15 60 -484.444448 -15 60 -506.296288 -15 60 -528.148128 -15 60 18.148148 -15.104773 61.018208 -3.703703 -15.104773 61.018208 -25.555556 -15.104773 61.018208 -47.407404 -15.104773 61.018208 -69.259264 -15.104773 61.018208 -91.111112 -15.104773 61.018208 -112.96296 -15.104773 61.018208 -134.814816 -15.104773 61.018208 -156.666672 -15.104773 61.018208 -178.518528 -15.104773 61.018208 -200.370384 -15.104773 61.018208 -222.222224 -15.104773 61.018208 -244.07408 -15.104773 61.018208 -265.925936 -15.104773 61.018208 -287.77776 -15.104773 61.018208 -309.629632 -15.104773 61.018208 -331.481472 -15.104773 61.018208 -353.333344 -15.104773 61.018208 -375.185184 -15.104773 61.018208 -397.037056 -15.104773 61.018208 -418.888896 -15.104773 61.018208 -440.740768 -15.104773 61.018208 -462.592576 -15.104773 61.018208 -484.444448 -15.104773 61.018208 -506.296288 -15.104773 61.018208 -528.148128 -15.104773 61.018208 -550 -14.8 62.261024 -550 -14.8 65.199996 -550 -17.738976 65.199996 -550 -18.006254 64.585296 -550 -21.993746 64.585296 -550 -21.01821 64.895224 -550 -20 65 -550 -18.98179 64.895224 18.148148 -18.98179 64.895224 -3.703703 -18.98179 64.895224 -25.555556 -18.98179 64.895224 -47.407404 -18.98179 64.895224 -69.259264 -18.98179 64.895224 -91.111112 -18.98179 64.895224 -112.96296 -18.98179 64.895224 -134.814816 -18.98179 64.895224 -156.666672 -18.98179 64.895224 -178.518528 -18.98179 64.895224 -200.370384 -18.98179 64.895224 -222.222224 -18.98179 64.895224 -244.07408 -18.98179 64.895224 -265.925936 -18.98179 64.895224 -287.77776 -18.98179 64.895224 -309.629632 -18.98179 64.895224 -331.481472 -18.98179 64.895224 -353.333344 -18.98179 64.895224 -375.185184 -18.98179 64.895224 -397.037056 -18.98179 64.895224 -418.888896 -18.98179 64.895224 -440.740768 -18.98179 64.895224 -462.592576 -18.98179 64.895224 -484.444448 -18.98179 64.895224 -506.296288 -18.98179 64.895224 -528.148128 -18.98179 64.895224 18.148148 -20 65 -3.703703 -20 65 -25.555556 -20 65 -47.407404 -20 65 -69.259264 -20 65 -91.111112 -20 65 -112.96296 -20 65 -134.814816 -20 65 -156.666672 -20 65 -178.518528 -20 65 -200.370384 -20 65 -222.222224 -20 65 -244.07408 -20 65 -265.925936 -20 65 -287.77776 -20 65 -309.629632 -20 65 -331.481472 -20 65 -353.333344 -20 65 -375.185184 -20 65 -397.037056 -20 65 -418.888896 -20 65 -440.740768 -20 65 -462.592576 -20 65 -484.444448 -20 65 -506.296288 -20 65 -528.148128 -20 65 18.148148 -21.01821 64.895224 -3.703703 -21.01821 64.895224 -25.555556 -21.01821 64.895224 -47.407404 -21.01821 64.895224 -69.259264 -21.01821 64.895224 -91.111112 -21.01821 64.895224 -112.96296 -21.01821 64.895224 -134.814816 -21.01821 64.895224 -156.666672 -21.01821 64.895224 -178.518528 -21.01821 64.895224 -200.370384 -21.01821 64.895224 -222.222224 -21.01821 64.895224 -244.07408 -21.01821 64.895224 -265.925936 -21.01821 64.895224 -287.77776 -21.01821 64.895224 -309.629632 -21.01821 64.895224 -331.481472 -21.01821 64.895224 -353.333344 -21.01821 64.895224 -375.185184 -21.01821 64.895224 -397.037056 -21.01821 64.895224 -418.888896 -21.01821 64.895224 -440.740768 -21.01821 64.895224 -462.592576 -21.01821 64.895224 -484.444448 -21.01821 64.895224 -506.296288 -21.01821 64.895224 -528.148128 -21.01821 64.895224 -550 -22.261024 65.199996 -550 -25.2 65.199996 -550 -25.2 62.261024 -550 -24.5853 61.993744 -550 -34.5 78.5 -550 -28 78.5 -550 -34.5 77.25 -550 -37.25 74.5 -550 -37.156296 75.211752 -550 -36.881568 75.875 -550 -36.44454 76.444544 -550 -35.875 76.881568 -550 -35.211752 77.156296 24.871796 -35.211752 77.156296 9.743589 -35.211752 77.156296 -5.384615 -35.211752 77.156296 -20.512822 -35.211752 77.156296 -35.641024 -35.211752 77.156296 -50.769228 -35.211752 77.156296 -65.89744 -35.211752 77.156296 -81.02564 -35.211752 77.156296 -96.153848 -35.211752 77.156296 -111.282048 -35.211752 77.156296 -126.410256 -35.211752 77.156296 -141.538464 -35.211752 77.156296 -156.666672 -35.211752 77.156296 -171.79488 -35.211752 77.156296 -186.923088 -35.211752 77.156296 -202.05128 -35.211752 77.156296 -217.179488 -35.211752 77.156296 -232.307696 -35.211752 77.156296 -247.435904 -35.211752 77.156296 -262.564112 -35.211752 77.156296 -277.69232 -35.211752 77.156296 -292.820512 -35.211752 77.156296 -307.948736 -35.211752 77.156296 -323.076928 -35.211752 77.156296 -338.205152 -35.211752 77.156296 -353.333344 -35.211752 77.156296 -368.461536 -35.211752 77.156296 -383.58976 -35.211752 77.156296 -398.717952 -35.211752 77.156296 -413.846176 -35.211752 77.156296 -428.974368 -35.211752 77.156296 -444.10256 -35.211752 77.156296 -459.230784 -35.211752 77.156296 -474.358976 -35.211752 77.156296 -489.487168 -35.211752 77.156296 -504.615392 -35.211752 77.156296 -519.743584 -35.211752 77.156296 -534.871776 -35.211752 77.156296 24.871796 -35.875 76.881568 9.743589 -35.875 76.881568 -5.384615 -35.875 76.881568 -20.512822 -35.875 76.881568 -35.641024 -35.875 76.881568 -50.769228 -35.875 76.881568 -65.89744 -35.875 76.881568 -81.02564 -35.875 76.881568 -96.153848 -35.875 76.881568 -111.282048 -35.875 76.881568 -126.410256 -35.875 76.881568 -141.538464 -35.875 76.881568 -156.666672 -35.875 76.881568 -171.79488 -35.875 76.881568 -186.923088 -35.875 76.881568 -202.05128 -35.875 76.881568 -217.179488 -35.875 76.881568 -232.307696 -35.875 76.881568 -247.435904 -35.875 76.881568 -262.564112 -35.875 76.881568 -277.69232 -35.875 76.881568 -292.820512 -35.875 76.881568 -307.948736 -35.875 76.881568 -323.076928 -35.875 76.881568 -338.205152 -35.875 76.881568 -353.333344 -35.875 76.881568 -368.461536 -35.875 76.881568 -383.58976 -35.875 76.881568 -398.717952 -35.875 76.881568 -413.846176 -35.875 76.881568 -428.974368 -35.875 76.881568 -444.10256 -35.875 76.881568 -459.230784 -35.875 76.881568 -474.358976 -35.875 76.881568 -489.487168 -35.875 76.881568 -504.615392 -35.875 76.881568 -519.743584 -35.875 76.881568 -534.871776 -35.875 76.881568 24.871796 -36.44454 76.444544 9.743589 -36.44454 76.444544 -5.384615 -36.44454 76.444544 -20.512822 -36.44454 76.444544 -35.641024 -36.44454 76.444544 -50.769228 -36.44454 76.444544 -65.89744 -36.44454 76.444544 -81.02564 -36.44454 76.444544 -96.153848 -36.44454 76.444544 -111.282048 -36.44454 76.444544 -126.410256 -36.44454 76.444544 -141.538464 -36.44454 76.444544 -156.666672 -36.44454 76.444544 -171.79488 -36.44454 76.444544 -186.923088 -36.44454 76.444544 -202.05128 -36.44454 76.444544 -217.179488 -36.44454 76.444544 -232.307696 -36.44454 76.444544 -247.435904 -36.44454 76.444544 -262.564112 -36.44454 76.444544 -277.69232 -36.44454 76.444544 -292.820512 -36.44454 76.444544 -307.948736 -36.44454 76.444544 -323.076928 -36.44454 76.444544 -338.205152 -36.44454 76.444544 -353.333344 -36.44454 76.444544 -368.461536 -36.44454 76.444544 -383.58976 -36.44454 76.444544 -398.717952 -36.44454 76.444544 -413.846176 -36.44454 76.444544 -428.974368 -36.44454 76.444544 -444.10256 -36.44454 76.444544 -459.230784 -36.44454 76.444544 -474.358976 -36.44454 76.444544 -489.487168 -36.44454 76.444544 -504.615392 -36.44454 76.444544 -519.743584 -36.44454 76.444544 -534.871776 -36.44454 76.444544 24.871796 -36.881568 75.875 9.743589 -36.881568 75.875 -5.384615 -36.881568 75.875 -20.512822 -36.881568 75.875 -35.641024 -36.881568 75.875 -50.769228 -36.881568 75.875 -65.89744 -36.881568 75.875 -81.02564 -36.881568 75.875 -96.153848 -36.881568 75.875 -111.282048 -36.881568 75.875 -126.410256 -36.881568 75.875 -141.538464 -36.881568 75.875 -156.666672 -36.881568 75.875 -171.79488 -36.881568 75.875 -186.923088 -36.881568 75.875 -202.05128 -36.881568 75.875 -217.179488 -36.881568 75.875 -232.307696 -36.881568 75.875 -247.435904 -36.881568 75.875 -262.564112 -36.881568 75.875 -277.69232 -36.881568 75.875 -292.820512 -36.881568 75.875 -307.948736 -36.881568 75.875 -323.076928 -36.881568 75.875 -338.205152 -36.881568 75.875 -353.333344 -36.881568 75.875 -368.461536 -36.881568 75.875 -383.58976 -36.881568 75.875 -398.717952 -36.881568 75.875 -413.846176 -36.881568 75.875 -428.974368 -36.881568 75.875 -444.10256 -36.881568 75.875 -459.230784 -36.881568 75.875 -474.358976 -36.881568 75.875 -489.487168 -36.881568 75.875 -504.615392 -36.881568 75.875 -519.743584 -36.881568 75.875 -534.871776 -36.881568 75.875 24.871796 -37.156296 75.211752 9.743589 -37.156296 75.211752 -5.384615 -37.156296 75.211752 -20.512822 -37.156296 75.211752 -35.641024 -37.156296 75.211752 -50.769228 -37.156296 75.211752 -65.89744 -37.156296 75.211752 -81.02564 -37.156296 75.211752 -96.153848 -37.156296 75.211752 -111.282048 -37.156296 75.211752 -126.410256 -37.156296 75.211752 -141.538464 -37.156296 75.211752 -156.666672 -37.156296 75.211752 -171.79488 -37.156296 75.211752 -186.923088 -37.156296 75.211752 -202.05128 -37.156296 75.211752 -217.179488 -37.156296 75.211752 -232.307696 -37.156296 75.211752 -247.435904 -37.156296 75.211752 -262.564112 -37.156296 75.211752 -277.69232 -37.156296 75.211752 -292.820512 -37.156296 75.211752 -307.948736 -37.156296 75.211752 -323.076928 -37.156296 75.211752 -338.205152 -37.156296 75.211752 -353.333344 -37.156296 75.211752 -368.461536 -37.156296 75.211752 -383.58976 -37.156296 75.211752 -398.717952 -37.156296 75.211752 -413.846176 -37.156296 75.211752 -428.974368 -37.156296 75.211752 -444.10256 -37.156296 75.211752 -459.230784 -37.156296 75.211752 -474.358976 -37.156296 75.211752 -489.487168 -37.156296 75.211752 -504.615392 -37.156296 75.211752 -519.743584 -37.156296 75.211752 -534.871776 -37.156296 75.211752 -550 -38.5 74.5 -550 -38.5 68 -550 -35.5 68 -550 -1.5 74.5 -550 -1.5 68 -550 -2.75 74.5 -550 -5.5 77.25 -550 -4.788247 77.156296 -550 -4.125 76.881568 -550 -3.555456 76.444544 -550 -3.11843 75.875 -550 -2.843704 75.211752 24.871796 -2.843704 75.211752 9.743589 -2.843704 75.211752 -5.384615 -2.843704 75.211752 -20.512822 -2.843704 75.211752 -35.641024 -2.843704 75.211752 -50.769228 -2.843704 75.211752 -65.89744 -2.843704 75.211752 -81.02564 -2.843704 75.211752 -96.153848 -2.843704 75.211752 -111.282048 -2.843704 75.211752 -126.410256 -2.843704 75.211752 -141.538464 -2.843704 75.211752 -156.666672 -2.843704 75.211752 -171.79488 -2.843704 75.211752 -186.923088 -2.843704 75.211752 -202.05128 -2.843704 75.211752 -217.179488 -2.843704 75.211752 -232.307696 -2.843704 75.211752 -247.435904 -2.843704 75.211752 -262.564112 -2.843704 75.211752 -277.69232 -2.843704 75.211752 -292.820512 -2.843704 75.211752 -307.948736 -2.843704 75.211752 -323.076928 -2.843704 75.211752 -338.205152 -2.843704 75.211752 -353.333344 -2.843704 75.211752 -368.461536 -2.843704 75.211752 -383.58976 -2.843704 75.211752 -398.717952 -2.843704 75.211752 -413.846176 -2.843704 75.211752 -428.974368 -2.843704 75.211752 -444.10256 -2.843704 75.211752 -459.230784 -2.843704 75.211752 -474.358976 -2.843704 75.211752 -489.487168 -2.843704 75.211752 -504.615392 -2.843704 75.211752 -519.743584 -2.843704 75.211752 -534.871776 -2.843704 75.211752 24.871796 -3.11843 75.875 9.743589 -3.11843 75.875 -5.384615 -3.11843 75.875 -20.512822 -3.11843 75.875 -35.641024 -3.11843 75.875 -50.769228 -3.11843 75.875 -65.89744 -3.11843 75.875 -81.02564 -3.11843 75.875 -96.153848 -3.11843 75.875 -111.282048 -3.11843 75.875 -126.410256 -3.11843 75.875 -141.538464 -3.11843 75.875 -156.666672 -3.11843 75.875 -171.79488 -3.11843 75.875 -186.923088 -3.11843 75.875 -202.05128 -3.11843 75.875 -217.179488 -3.11843 75.875 -232.307696 -3.11843 75.875 -247.435904 -3.11843 75.875 -262.564112 -3.11843 75.875 -277.69232 -3.11843 75.875 -292.820512 -3.11843 75.875 -307.948736 -3.11843 75.875 -323.076928 -3.11843 75.875 -338.205152 -3.11843 75.875 -353.333344 -3.11843 75.875 -368.461536 -3.11843 75.875 -383.58976 -3.11843 75.875 -398.717952 -3.11843 75.875 -413.846176 -3.11843 75.875 -428.974368 -3.11843 75.875 -444.10256 -3.11843 75.875 -459.230784 -3.11843 75.875 -474.358976 -3.11843 75.875 -489.487168 -3.11843 75.875 -504.615392 -3.11843 75.875 -519.743584 -3.11843 75.875 -534.871776 -3.11843 75.875 24.871796 -3.555456 76.444544 9.743589 -3.555456 76.444544 -5.384615 -3.555456 76.444544 -20.512822 -3.555456 76.444544 -35.641024 -3.555456 76.444544 -50.769228 -3.555456 76.444544 -65.89744 -3.555456 76.444544 -81.02564 -3.555456 76.444544 -96.153848 -3.555456 76.444544 -111.282048 -3.555456 76.444544 -126.410256 -3.555456 76.444544 -141.538464 -3.555456 76.444544 -156.666672 -3.555456 76.444544 -171.79488 -3.555456 76.444544 -186.923088 -3.555456 76.444544 -202.05128 -3.555456 76.444544 -217.179488 -3.555456 76.444544 -232.307696 -3.555456 76.444544 -247.435904 -3.555456 76.444544 -262.564112 -3.555456 76.444544 -277.69232 -3.555456 76.444544 -292.820512 -3.555456 76.444544 -307.948736 -3.555456 76.444544 -323.076928 -3.555456 76.444544 -338.205152 -3.555456 76.444544 -353.333344 -3.555456 76.444544 -368.461536 -3.555456 76.444544 -383.58976 -3.555456 76.444544 -398.717952 -3.555456 76.444544 -413.846176 -3.555456 76.444544 -428.974368 -3.555456 76.444544 -444.10256 -3.555456 76.444544 -459.230784 -3.555456 76.444544 -474.358976 -3.555456 76.444544 -489.487168 -3.555456 76.444544 -504.615392 -3.555456 76.444544 -519.743584 -3.555456 76.444544 -534.871776 -3.555456 76.444544 24.871796 -4.125 76.881568 9.743589 -4.125 76.881568 -5.384615 -4.125 76.881568 -20.512822 -4.125 76.881568 -35.641024 -4.125 76.881568 -50.769228 -4.125 76.881568 -65.89744 -4.125 76.881568 -81.02564 -4.125 76.881568 -96.153848 -4.125 76.881568 -111.282048 -4.125 76.881568 -126.410256 -4.125 76.881568 -141.538464 -4.125 76.881568 -156.666672 -4.125 76.881568 -171.79488 -4.125 76.881568 -186.923088 -4.125 76.881568 -202.05128 -4.125 76.881568 -217.179488 -4.125 76.881568 -232.307696 -4.125 76.881568 -247.435904 -4.125 76.881568 -262.564112 -4.125 76.881568 -277.69232 -4.125 76.881568 -292.820512 -4.125 76.881568 -307.948736 -4.125 76.881568 -323.076928 -4.125 76.881568 -338.205152 -4.125 76.881568 -353.333344 -4.125 76.881568 -368.461536 -4.125 76.881568 -383.58976 -4.125 76.881568 -398.717952 -4.125 76.881568 -413.846176 -4.125 76.881568 -428.974368 -4.125 76.881568 -444.10256 -4.125 76.881568 -459.230784 -4.125 76.881568 -474.358976 -4.125 76.881568 -489.487168 -4.125 76.881568 -504.615392 -4.125 76.881568 -519.743584 -4.125 76.881568 -534.871776 -4.125 76.881568 24.871796 -4.788247 77.156296 9.743589 -4.788247 77.156296 -5.384615 -4.788247 77.156296 -20.512822 -4.788247 77.156296 -35.641024 -4.788247 77.156296 -50.769228 -4.788247 77.156296 -65.89744 -4.788247 77.156296 -81.02564 -4.788247 77.156296 -96.153848 -4.788247 77.156296 -111.282048 -4.788247 77.156296 -126.410256 -4.788247 77.156296 -141.538464 -4.788247 77.156296 -156.666672 -4.788247 77.156296 -171.79488 -4.788247 77.156296 -186.923088 -4.788247 77.156296 -202.05128 -4.788247 77.156296 -217.179488 -4.788247 77.156296 -232.307696 -4.788247 77.156296 -247.435904 -4.788247 77.156296 -262.564112 -4.788247 77.156296 -277.69232 -4.788247 77.156296 -292.820512 -4.788247 77.156296 -307.948736 -4.788247 77.156296 -323.076928 -4.788247 77.156296 -338.205152 -4.788247 77.156296 -353.333344 -4.788247 77.156296 -368.461536 -4.788247 77.156296 -383.58976 -4.788247 77.156296 -398.717952 -4.788247 77.156296 -413.846176 -4.788247 77.156296 -428.974368 -4.788247 77.156296 -444.10256 -4.788247 77.156296 -459.230784 -4.788247 77.156296 -474.358976 -4.788247 77.156296 -489.487168 -4.788247 77.156296 -504.615392 -4.788247 77.156296 -519.743584 -4.788247 77.156296 -534.871776 -4.788247 77.156296 -550 -5.5 78.5 -550 -12 78.5 -550 -12 75.5 -550 -5.5 41.5 -550 -12 41.5 -550 -5.5 42.75 -550 -2.75 45.5 -550 -2.843704 44.788248 -550 -3.11843 44.125 -550 -3.555456 43.55546 -550 -4.125 43.118432 -550 -4.788247 42.843704 24.871796 -4.788247 42.843704 9.743589 -4.788247 42.843704 -5.384615 -4.788247 42.843704 -20.512822 -4.788247 42.843704 -35.641024 -4.788247 42.843704 -50.769228 -4.788247 42.843704 -65.89744 -4.788247 42.843704 -81.02564 -4.788247 42.843704 -96.153848 -4.788247 42.843704 -111.282048 -4.788247 42.843704 -126.410256 -4.788247 42.843704 -141.538464 -4.788247 42.843704 -156.666672 -4.788247 42.843704 -171.79488 -4.788247 42.843704 -186.923088 -4.788247 42.843704 -202.05128 -4.788247 42.843704 -217.179488 -4.788247 42.843704 -232.307696 -4.788247 42.843704 -247.435904 -4.788247 42.843704 -262.564112 -4.788247 42.843704 -277.69232 -4.788247 42.843704 -292.820512 -4.788247 42.843704 -307.948736 -4.788247 42.843704 -323.076928 -4.788247 42.843704 -338.205152 -4.788247 42.843704 -353.333344 -4.788247 42.843704 -368.461536 -4.788247 42.843704 -383.58976 -4.788247 42.843704 -398.717952 -4.788247 42.843704 -413.846176 -4.788247 42.843704 -428.974368 -4.788247 42.843704 -444.10256 -4.788247 42.843704 -459.230784 -4.788247 42.843704 -474.358976 -4.788247 42.843704 -489.487168 -4.788247 42.843704 -504.615392 -4.788247 42.843704 -519.743584 -4.788247 42.843704 -534.871776 -4.788247 42.843704 24.871796 -4.125 43.118432 9.743589 -4.125 43.118432 -5.384615 -4.125 43.118432 -20.512822 -4.125 43.118432 -35.641024 -4.125 43.118432 -50.769228 -4.125 43.118432 -65.89744 -4.125 43.118432 -81.02564 -4.125 43.118432 -96.153848 -4.125 43.118432 -111.282048 -4.125 43.118432 -126.410256 -4.125 43.118432 -141.538464 -4.125 43.118432 -156.666672 -4.125 43.118432 -171.79488 -4.125 43.118432 -186.923088 -4.125 43.118432 -202.05128 -4.125 43.118432 -217.179488 -4.125 43.118432 -232.307696 -4.125 43.118432 -247.435904 -4.125 43.118432 -262.564112 -4.125 43.118432 -277.69232 -4.125 43.118432 -292.820512 -4.125 43.118432 -307.948736 -4.125 43.118432 -323.076928 -4.125 43.118432 -338.205152 -4.125 43.118432 -353.333344 -4.125 43.118432 -368.461536 -4.125 43.118432 -383.58976 -4.125 43.118432 -398.717952 -4.125 43.118432 -413.846176 -4.125 43.118432 -428.974368 -4.125 43.118432 -444.10256 -4.125 43.118432 -459.230784 -4.125 43.118432 -474.358976 -4.125 43.118432 -489.487168 -4.125 43.118432 -504.615392 -4.125 43.118432 -519.743584 -4.125 43.118432 -534.871776 -4.125 43.118432 24.871796 -3.555456 43.55546 9.743589 -3.555456 43.55546 -5.384615 -3.555456 43.55546 -20.512822 -3.555456 43.55546 -35.641024 -3.555456 43.55546 -50.769228 -3.555456 43.55546 -65.89744 -3.555456 43.55546 -81.02564 -3.555456 43.55546 -96.153848 -3.555456 43.55546 -111.282048 -3.555456 43.55546 -126.410256 -3.555456 43.55546 -141.538464 -3.555456 43.55546 -156.666672 -3.555456 43.55546 -171.79488 -3.555456 43.55546 -186.923088 -3.555456 43.55546 -202.05128 -3.555456 43.55546 -217.179488 -3.555456 43.55546 -232.307696 -3.555456 43.55546 -247.435904 -3.555456 43.55546 -262.564112 -3.555456 43.55546 -277.69232 -3.555456 43.55546 -292.820512 -3.555456 43.55546 -307.948736 -3.555456 43.55546 -323.076928 -3.555456 43.55546 -338.205152 -3.555456 43.55546 -353.333344 -3.555456 43.55546 -368.461536 -3.555456 43.55546 -383.58976 -3.555456 43.55546 -398.717952 -3.555456 43.55546 -413.846176 -3.555456 43.55546 -428.974368 -3.555456 43.55546 -444.10256 -3.555456 43.55546 -459.230784 -3.555456 43.55546 -474.358976 -3.555456 43.55546 -489.487168 -3.555456 43.55546 -504.615392 -3.555456 43.55546 -519.743584 -3.555456 43.55546 -534.871776 -3.555456 43.55546 24.871796 -3.11843 44.125 9.743589 -3.11843 44.125 -5.384615 -3.11843 44.125 -20.512822 -3.11843 44.125 -35.641024 -3.11843 44.125 -50.769228 -3.11843 44.125 -65.89744 -3.11843 44.125 -81.02564 -3.11843 44.125 -96.153848 -3.11843 44.125 -111.282048 -3.11843 44.125 -126.410256 -3.11843 44.125 -141.538464 -3.11843 44.125 -156.666672 -3.11843 44.125 -171.79488 -3.11843 44.125 -186.923088 -3.11843 44.125 -202.05128 -3.11843 44.125 -217.179488 -3.11843 44.125 -232.307696 -3.11843 44.125 -247.435904 -3.11843 44.125 -262.564112 -3.11843 44.125 -277.69232 -3.11843 44.125 -292.820512 -3.11843 44.125 -307.948736 -3.11843 44.125 -323.076928 -3.11843 44.125 -338.205152 -3.11843 44.125 -353.333344 -3.11843 44.125 -368.461536 -3.11843 44.125 -383.58976 -3.11843 44.125 -398.717952 -3.11843 44.125 -413.846176 -3.11843 44.125 -428.974368 -3.11843 44.125 -444.10256 -3.11843 44.125 -459.230784 -3.11843 44.125 -474.358976 -3.11843 44.125 -489.487168 -3.11843 44.125 -504.615392 -3.11843 44.125 -519.743584 -3.11843 44.125 -534.871776 -3.11843 44.125 24.871796 -2.843704 44.788248 9.743589 -2.843704 44.788248 -5.384615 -2.843704 44.788248 -20.512822 -2.843704 44.788248 -35.641024 -2.843704 44.788248 -50.769228 -2.843704 44.788248 -65.89744 -2.843704 44.788248 -81.02564 -2.843704 44.788248 -96.153848 -2.843704 44.788248 -111.282048 -2.843704 44.788248 -126.410256 -2.843704 44.788248 -141.538464 -2.843704 44.788248 -156.666672 -2.843704 44.788248 -171.79488 -2.843704 44.788248 -186.923088 -2.843704 44.788248 -202.05128 -2.843704 44.788248 -217.179488 -2.843704 44.788248 -232.307696 -2.843704 44.788248 -247.435904 -2.843704 44.788248 -262.564112 -2.843704 44.788248 -277.69232 -2.843704 44.788248 -292.820512 -2.843704 44.788248 -307.948736 -2.843704 44.788248 -323.076928 -2.843704 44.788248 -338.205152 -2.843704 44.788248 -353.333344 -2.843704 44.788248 -368.461536 -2.843704 44.788248 -383.58976 -2.843704 44.788248 -398.717952 -2.843704 44.788248 -413.846176 -2.843704 44.788248 -428.974368 -2.843704 44.788248 -444.10256 -2.843704 44.788248 -459.230784 -2.843704 44.788248 -474.358976 -2.843704 44.788248 -489.487168 -2.843704 44.788248 -504.615392 -2.843704 44.788248 -519.743584 -2.843704 44.788248 -534.871776 -2.843704 44.788248 -550 -1.5 45.5 -550 -1.5 52 -550 -4.5 52 -550 -38.5 45.5 -550 -38.5 52 -550 -37.25 45.5 -550 -34.5 42.75 -550 -35.211752 42.843704 -550 -35.875 43.118432 -550 -36.44454 43.55546 -550 -36.881568 44.125 -550 -37.156296 44.788248 24.871796 -37.156296 44.788248 9.743589 -37.156296 44.788248 -5.384615 -37.156296 44.788248 -20.512822 -37.156296 44.788248 -35.641024 -37.156296 44.788248 -50.769228 -37.156296 44.788248 -65.89744 -37.156296 44.788248 -81.02564 -37.156296 44.788248 -96.153848 -37.156296 44.788248 -111.282048 -37.156296 44.788248 -126.410256 -37.156296 44.788248 -141.538464 -37.156296 44.788248 -156.666672 -37.156296 44.788248 -171.79488 -37.156296 44.788248 -186.923088 -37.156296 44.788248 -202.05128 -37.156296 44.788248 -217.179488 -37.156296 44.788248 -232.307696 -37.156296 44.788248 -247.435904 -37.156296 44.788248 -262.564112 -37.156296 44.788248 -277.69232 -37.156296 44.788248 -292.820512 -37.156296 44.788248 -307.948736 -37.156296 44.788248 -323.076928 -37.156296 44.788248 -338.205152 -37.156296 44.788248 -353.333344 -37.156296 44.788248 -368.461536 -37.156296 44.788248 -383.58976 -37.156296 44.788248 -398.717952 -37.156296 44.788248 -413.846176 -37.156296 44.788248 -428.974368 -37.156296 44.788248 -444.10256 -37.156296 44.788248 -459.230784 -37.156296 44.788248 -474.358976 -37.156296 44.788248 -489.487168 -37.156296 44.788248 -504.615392 -37.156296 44.788248 -519.743584 -37.156296 44.788248 -534.871776 -37.156296 44.788248 24.871796 -36.881568 44.125 9.743589 -36.881568 44.125 -5.384615 -36.881568 44.125 -20.512822 -36.881568 44.125 -35.641024 -36.881568 44.125 -50.769228 -36.881568 44.125 -65.89744 -36.881568 44.125 -81.02564 -36.881568 44.125 -96.153848 -36.881568 44.125 -111.282048 -36.881568 44.125 -126.410256 -36.881568 44.125 -141.538464 -36.881568 44.125 -156.666672 -36.881568 44.125 -171.79488 -36.881568 44.125 -186.923088 -36.881568 44.125 -202.05128 -36.881568 44.125 -217.179488 -36.881568 44.125 -232.307696 -36.881568 44.125 -247.435904 -36.881568 44.125 -262.564112 -36.881568 44.125 -277.69232 -36.881568 44.125 -292.820512 -36.881568 44.125 -307.948736 -36.881568 44.125 -323.076928 -36.881568 44.125 -338.205152 -36.881568 44.125 -353.333344 -36.881568 44.125 -368.461536 -36.881568 44.125 -383.58976 -36.881568 44.125 -398.717952 -36.881568 44.125 -413.846176 -36.881568 44.125 -428.974368 -36.881568 44.125 -444.10256 -36.881568 44.125 -459.230784 -36.881568 44.125 -474.358976 -36.881568 44.125 -489.487168 -36.881568 44.125 -504.615392 -36.881568 44.125 -519.743584 -36.881568 44.125 -534.871776 -36.881568 44.125 24.871796 -36.44454 43.55546 9.743589 -36.44454 43.55546 -5.384615 -36.44454 43.55546 -20.512822 -36.44454 43.55546 -35.641024 -36.44454 43.55546 -50.769228 -36.44454 43.55546 -65.89744 -36.44454 43.55546 -81.02564 -36.44454 43.55546 -96.153848 -36.44454 43.55546 -111.282048 -36.44454 43.55546 -126.410256 -36.44454 43.55546 -141.538464 -36.44454 43.55546 -156.666672 -36.44454 43.55546 -171.79488 -36.44454 43.55546 -186.923088 -36.44454 43.55546 -202.05128 -36.44454 43.55546 -217.179488 -36.44454 43.55546 -232.307696 -36.44454 43.55546 -247.435904 -36.44454 43.55546 -262.564112 -36.44454 43.55546 -277.69232 -36.44454 43.55546 -292.820512 -36.44454 43.55546 -307.948736 -36.44454 43.55546 -323.076928 -36.44454 43.55546 -338.205152 -36.44454 43.55546 -353.333344 -36.44454 43.55546 -368.461536 -36.44454 43.55546 -383.58976 -36.44454 43.55546 -398.717952 -36.44454 43.55546 -413.846176 -36.44454 43.55546 -428.974368 -36.44454 43.55546 -444.10256 -36.44454 43.55546 -459.230784 -36.44454 43.55546 -474.358976 -36.44454 43.55546 -489.487168 -36.44454 43.55546 -504.615392 -36.44454 43.55546 -519.743584 -36.44454 43.55546 -534.871776 -36.44454 43.55546 24.871796 -35.875 43.118432 9.743589 -35.875 43.118432 -5.384615 -35.875 43.118432 -20.512822 -35.875 43.118432 -35.641024 -35.875 43.118432 -50.769228 -35.875 43.118432 -65.89744 -35.875 43.118432 -81.02564 -35.875 43.118432 -96.153848 -35.875 43.118432 -111.282048 -35.875 43.118432 -126.410256 -35.875 43.118432 -141.538464 -35.875 43.118432 -156.666672 -35.875 43.118432 -171.79488 -35.875 43.118432 -186.923088 -35.875 43.118432 -202.05128 -35.875 43.118432 -217.179488 -35.875 43.118432 -232.307696 -35.875 43.118432 -247.435904 -35.875 43.118432 -262.564112 -35.875 43.118432 -277.69232 -35.875 43.118432 -292.820512 -35.875 43.118432 -307.948736 -35.875 43.118432 -323.076928 -35.875 43.118432 -338.205152 -35.875 43.118432 -353.333344 -35.875 43.118432 -368.461536 -35.875 43.118432 -383.58976 -35.875 43.118432 -398.717952 -35.875 43.118432 -413.846176 -35.875 43.118432 -428.974368 -35.875 43.118432 -444.10256 -35.875 43.118432 -459.230784 -35.875 43.118432 -474.358976 -35.875 43.118432 -489.487168 -35.875 43.118432 -504.615392 -35.875 43.118432 -519.743584 -35.875 43.118432 -534.871776 -35.875 43.118432 24.871796 -35.211752 42.843704 9.743589 -35.211752 42.843704 -5.384615 -35.211752 42.843704 -20.512822 -35.211752 42.843704 -35.641024 -35.211752 42.843704 -50.769228 -35.211752 42.843704 -65.89744 -35.211752 42.843704 -81.02564 -35.211752 42.843704 -96.153848 -35.211752 42.843704 -111.282048 -35.211752 42.843704 -126.410256 -35.211752 42.843704 -141.538464 -35.211752 42.843704 -156.666672 -35.211752 42.843704 -171.79488 -35.211752 42.843704 -186.923088 -35.211752 42.843704 -202.05128 -35.211752 42.843704 -217.179488 -35.211752 42.843704 -232.307696 -35.211752 42.843704 -247.435904 -35.211752 42.843704 -262.564112 -35.211752 42.843704 -277.69232 -35.211752 42.843704 -292.820512 -35.211752 42.843704 -307.948736 -35.211752 42.843704 -323.076928 -35.211752 42.843704 -338.205152 -35.211752 42.843704 -353.333344 -35.211752 42.843704 -368.461536 -35.211752 42.843704 -383.58976 -35.211752 42.843704 -398.717952 -35.211752 42.843704 -413.846176 -35.211752 42.843704 -428.974368 -35.211752 42.843704 -444.10256 -35.211752 42.843704 -459.230784 -35.211752 42.843704 -474.358976 -35.211752 42.843704 -489.487168 -35.211752 42.843704 -504.615392 -35.211752 42.843704 -519.743584 -35.211752 42.843704 -534.871776 -35.211752 42.843704 -550 -34.5 41.5 -550 -28 41.5 -550 -28 44.5 -550 -9.95 74 -550 -9.95 71.464208 -550 -15 74 -550 -15 78.5 -550 -14.2 78.5 -550 -14.2 80 -550 -3 80 -550 0 77 -550 -0.102222 77.776456 -550 -0.401923 78.5 -550 -0.878679 79.12132 -550 -1.5 79.598072 -550 -2.223543 79.897776 23.142856 -2.223543 79.897776 6.285714 -2.223543 79.897776 -10.571428 -2.223543 79.897776 -27.428572 -2.223543 79.897776 -44.285712 -2.223543 79.897776 -61.142856 -2.223543 79.897776 -78 -2.223543 79.897776 -94.857136 -2.223543 79.897776 -111.714288 -2.223543 79.897776 -128.571424 -2.223543 79.897776 -145.428576 -2.223543 79.897776 -162.285728 -2.223543 79.897776 -179.142848 -2.223543 79.897776 -196 -2.223543 79.897776 -212.857152 -2.223543 79.897776 -229.714272 -2.223543 79.897776 -246.571424 -2.223543 79.897776 -263.42856 -2.223543 79.897776 -280.285696 -2.223543 79.897776 -297.142848 -2.223543 79.897776 -314 -2.223543 79.897776 -330.857152 -2.223543 79.897776 -347.714304 -2.223543 79.897776 -364.571456 -2.223543 79.897776 -381.428544 -2.223543 79.897776 -398.285696 -2.223543 79.897776 -415.142848 -2.223543 79.897776 -432 -2.223543 79.897776 -448.857152 -2.223543 79.897776 -465.714304 -2.223543 79.897776 -482.571456 -2.223543 79.897776 -499.428544 -2.223543 79.897776 -516.285696 -2.223543 79.897776 -533.14288 -2.223543 79.897776 23.142856 -1.5 79.598072 6.285714 -1.5 79.598072 -10.571428 -1.5 79.598072 -27.428572 -1.5 79.598072 -44.285712 -1.5 79.598072 -61.142856 -1.5 79.598072 -78 -1.5 79.598072 -94.857136 -1.5 79.598072 -111.714288 -1.5 79.598072 -128.571424 -1.5 79.598072 -145.428576 -1.5 79.598072 -162.285728 -1.5 79.598072 -179.142848 -1.5 79.598072 -196 -1.5 79.598072 -212.857152 -1.5 79.598072 -229.714272 -1.5 79.598072 -246.571424 -1.5 79.598072 -263.42856 -1.5 79.598072 -280.285696 -1.5 79.598072 -297.142848 -1.5 79.598072 -314 -1.5 79.598072 -330.857152 -1.5 79.598072 -347.714304 -1.5 79.598072 -364.571456 -1.5 79.598072 -381.428544 -1.5 79.598072 -398.285696 -1.5 79.598072 -415.142848 -1.5 79.598072 -432 -1.5 79.598072 -448.857152 -1.5 79.598072 -465.714304 -1.5 79.598072 -482.571456 -1.5 79.598072 -499.428544 -1.5 79.598072 -516.285696 -1.5 79.598072 -533.14288 -1.5 79.598072 23.142856 -0.878679 79.12132 6.285714 -0.878679 79.12132 -10.571428 -0.878679 79.12132 -27.428572 -0.878679 79.12132 -44.285712 -0.878679 79.12132 -61.142856 -0.878679 79.12132 -78 -0.878679 79.12132 -94.857136 -0.878679 79.12132 -111.714288 -0.878679 79.12132 -128.571424 -0.878679 79.12132 -145.428576 -0.878679 79.12132 -162.285728 -0.878679 79.12132 -179.142848 -0.878679 79.12132 -196 -0.878679 79.12132 -212.857152 -0.878679 79.12132 -229.714272 -0.878679 79.12132 -246.571424 -0.878679 79.12132 -263.42856 -0.878679 79.12132 -280.285696 -0.878679 79.12132 -297.142848 -0.878679 79.12132 -314 -0.878679 79.12132 -330.857152 -0.878679 79.12132 -347.714304 -0.878679 79.12132 -364.571456 -0.878679 79.12132 -381.428544 -0.878679 79.12132 -398.285696 -0.878679 79.12132 -415.142848 -0.878679 79.12132 -432 -0.878679 79.12132 -448.857152 -0.878679 79.12132 -465.714304 -0.878679 79.12132 -482.571456 -0.878679 79.12132 -499.428544 -0.878679 79.12132 -516.285696 -0.878679 79.12132 -533.14288 -0.878679 79.12132 23.142856 -0.401923 78.5 6.285714 -0.401923 78.5 -10.571428 -0.401923 78.5 -27.428572 -0.401923 78.5 -44.285712 -0.401923 78.5 -61.142856 -0.401923 78.5 -78 -0.401923 78.5 -94.857136 -0.401923 78.5 -111.714288 -0.401923 78.5 -128.571424 -0.401923 78.5 -145.428576 -0.401923 78.5 -162.285728 -0.401923 78.5 -179.142848 -0.401923 78.5 -196 -0.401923 78.5 -212.857152 -0.401923 78.5 -229.714272 -0.401923 78.5 -246.571424 -0.401923 78.5 -263.42856 -0.401923 78.5 -280.285696 -0.401923 78.5 -297.142848 -0.401923 78.5 -314 -0.401923 78.5 -330.857152 -0.401923 78.5 -347.714304 -0.401923 78.5 -364.571456 -0.401923 78.5 -381.428544 -0.401923 78.5 -398.285696 -0.401923 78.5 -415.142848 -0.401923 78.5 -432 -0.401923 78.5 -448.857152 -0.401923 78.5 -465.714304 -0.401923 78.5 -482.571456 -0.401923 78.5 -499.428544 -0.401923 78.5 -516.285696 -0.401923 78.5 -533.14288 -0.401923 78.5 23.142856 -0.102222 77.776456 6.285714 -0.102222 77.776456 -10.571428 -0.102222 77.776456 -27.428572 -0.102222 77.776456 -44.285712 -0.102222 77.776456 -61.142856 -0.102222 77.776456 -78 -0.102222 77.776456 -94.857136 -0.102222 77.776456 -111.714288 -0.102222 77.776456 -128.571424 -0.102222 77.776456 -145.428576 -0.102222 77.776456 -162.285728 -0.102222 77.776456 -179.142848 -0.102222 77.776456 -196 -0.102222 77.776456 -212.857152 -0.102222 77.776456 -229.714272 -0.102222 77.776456 -246.571424 -0.102222 77.776456 -263.42856 -0.102222 77.776456 -280.285696 -0.102222 77.776456 -297.142848 -0.102222 77.776456 -314 -0.102222 77.776456 -330.857152 -0.102222 77.776456 -347.714304 -0.102222 77.776456 -364.571456 -0.102222 77.776456 -381.428544 -0.102222 77.776456 -398.285696 -0.102222 77.776456 -415.142848 -0.102222 77.776456 -432 -0.102222 77.776456 -448.857152 -0.102222 77.776456 -465.714304 -0.102222 77.776456 -482.571456 -0.102222 77.776456 -499.428544 -0.102222 77.776456 -516.285696 -0.102222 77.776456 -533.14288 -0.102222 77.776456 -550 0 65.800004 -550 -1.5 65.800004 -550 -1.5 65 -550 -6 65 -550 -6 70.05 -550 -8.535787 70.05 -550 -12.5 66.085784 -550 -12.5 53.914216 -550 -8.535787 49.95 -550 -6 49.95 -550 -6 55 -550 -1.5 55 -550 -1.5 54.2 -550 0 54.2 -550 0 43 -550 -3 40 -550 -2.223543 40.102224 -550 -1.5 40.401924 -550 -0.878679 40.87868 -550 -0.401923 41.5 -550 -0.102222 42.22354 23.142856 -0.102222 42.22354 6.285714 -0.102222 42.22354 -10.571428 -0.102222 42.22354 -27.428572 -0.102222 42.22354 -44.285712 -0.102222 42.22354 -61.142856 -0.102222 42.22354 -78 -0.102222 42.22354 -94.857136 -0.102222 42.22354 -111.714288 -0.102222 42.22354 -128.571424 -0.102222 42.22354 -145.428576 -0.102222 42.22354 -162.285728 -0.102222 42.22354 -179.142848 -0.102222 42.22354 -196 -0.102222 42.22354 -212.857152 -0.102222 42.22354 -229.714272 -0.102222 42.22354 -246.571424 -0.102222 42.22354 -263.42856 -0.102222 42.22354 -280.285696 -0.102222 42.22354 -297.142848 -0.102222 42.22354 -314 -0.102222 42.22354 -330.857152 -0.102222 42.22354 -347.714304 -0.102222 42.22354 -364.571456 -0.102222 42.22354 -381.428544 -0.102222 42.22354 -398.285696 -0.102222 42.22354 -415.142848 -0.102222 42.22354 -432 -0.102222 42.22354 -448.857152 -0.102222 42.22354 -465.714304 -0.102222 42.22354 -482.571456 -0.102222 42.22354 -499.428544 -0.102222 42.22354 -516.285696 -0.102222 42.22354 -533.14288 -0.102222 42.22354 23.142856 -0.401923 41.5 6.285714 -0.401923 41.5 -10.571428 -0.401923 41.5 -27.428572 -0.401923 41.5 -44.285712 -0.401923 41.5 -61.142856 -0.401923 41.5 -78 -0.401923 41.5 -94.857136 -0.401923 41.5 -111.714288 -0.401923 41.5 -128.571424 -0.401923 41.5 -145.428576 -0.401923 41.5 -162.285728 -0.401923 41.5 -179.142848 -0.401923 41.5 -196 -0.401923 41.5 -212.857152 -0.401923 41.5 -229.714272 -0.401923 41.5 -246.571424 -0.401923 41.5 -263.42856 -0.401923 41.5 -280.285696 -0.401923 41.5 -297.142848 -0.401923 41.5 -314 -0.401923 41.5 -330.857152 -0.401923 41.5 -347.714304 -0.401923 41.5 -364.571456 -0.401923 41.5 -381.428544 -0.401923 41.5 -398.285696 -0.401923 41.5 -415.142848 -0.401923 41.5 -432 -0.401923 41.5 -448.857152 -0.401923 41.5 -465.714304 -0.401923 41.5 -482.571456 -0.401923 41.5 -499.428544 -0.401923 41.5 -516.285696 -0.401923 41.5 -533.14288 -0.401923 41.5 23.142856 -0.878679 40.87868 6.285714 -0.878679 40.87868 -10.571428 -0.878679 40.87868 -27.428572 -0.878679 40.87868 -44.285712 -0.878679 40.87868 -61.142856 -0.878679 40.87868 -78 -0.878679 40.87868 -94.857136 -0.878679 40.87868 -111.714288 -0.878679 40.87868 -128.571424 -0.878679 40.87868 -145.428576 -0.878679 40.87868 -162.285728 -0.878679 40.87868 -179.142848 -0.878679 40.87868 -196 -0.878679 40.87868 -212.857152 -0.878679 40.87868 -229.714272 -0.878679 40.87868 -246.571424 -0.878679 40.87868 -263.42856 -0.878679 40.87868 -280.285696 -0.878679 40.87868 -297.142848 -0.878679 40.87868 -314 -0.878679 40.87868 -330.857152 -0.878679 40.87868 -347.714304 -0.878679 40.87868 -364.571456 -0.878679 40.87868 -381.428544 -0.878679 40.87868 -398.285696 -0.878679 40.87868 -415.142848 -0.878679 40.87868 -432 -0.878679 40.87868 -448.857152 -0.878679 40.87868 -465.714304 -0.878679 40.87868 -482.571456 -0.878679 40.87868 -499.428544 -0.878679 40.87868 -516.285696 -0.878679 40.87868 -533.14288 -0.878679 40.87868 23.142856 -1.5 40.401924 6.285714 -1.5 40.401924 -10.571428 -1.5 40.401924 -27.428572 -1.5 40.401924 -44.285712 -1.5 40.401924 -61.142856 -1.5 40.401924 -78 -1.5 40.401924 -94.857136 -1.5 40.401924 -111.714288 -1.5 40.401924 -128.571424 -1.5 40.401924 -145.428576 -1.5 40.401924 -162.285728 -1.5 40.401924 -179.142848 -1.5 40.401924 -196 -1.5 40.401924 -212.857152 -1.5 40.401924 -229.714272 -1.5 40.401924 -246.571424 -1.5 40.401924 -263.42856 -1.5 40.401924 -280.285696 -1.5 40.401924 -297.142848 -1.5 40.401924 -314 -1.5 40.401924 -330.857152 -1.5 40.401924 -347.714304 -1.5 40.401924 -364.571456 -1.5 40.401924 -381.428544 -1.5 40.401924 -398.285696 -1.5 40.401924 -415.142848 -1.5 40.401924 -432 -1.5 40.401924 -448.857152 -1.5 40.401924 -465.714304 -1.5 40.401924 -482.571456 -1.5 40.401924 -499.428544 -1.5 40.401924 -516.285696 -1.5 40.401924 -533.14288 -1.5 40.401924 23.142856 -2.223543 40.102224 6.285714 -2.223543 40.102224 -10.571428 -2.223543 40.102224 -27.428572 -2.223543 40.102224 -44.285712 -2.223543 40.102224 -61.142856 -2.223543 40.102224 -78 -2.223543 40.102224 -94.857136 -2.223543 40.102224 -111.714288 -2.223543 40.102224 -128.571424 -2.223543 40.102224 -145.428576 -2.223543 40.102224 -162.285728 -2.223543 40.102224 -179.142848 -2.223543 40.102224 -196 -2.223543 40.102224 -212.857152 -2.223543 40.102224 -229.714272 -2.223543 40.102224 -246.571424 -2.223543 40.102224 -263.42856 -2.223543 40.102224 -280.285696 -2.223543 40.102224 -297.142848 -2.223543 40.102224 -314 -2.223543 40.102224 -330.857152 -2.223543 40.102224 -347.714304 -2.223543 40.102224 -364.571456 -2.223543 40.102224 -381.428544 -2.223543 40.102224 -398.285696 -2.223543 40.102224 -415.142848 -2.223543 40.102224 -432 -2.223543 40.102224 -448.857152 -2.223543 40.102224 -465.714304 -2.223543 40.102224 -482.571456 -2.223543 40.102224 -499.428544 -2.223543 40.102224 -516.285696 -2.223543 40.102224 -533.14288 -2.223543 40.102224 -550 -14.2 40 -550 -14.2 41.5 -550 -15 41.5 -550 -15 46 -550 -9.95 46 -550 -9.95 48.535784 -550 -13.914213 52.5 -550 -26.085786 52.5 -550 -30.05 48.535784 -550 -14.8 57.738976 -550 -14.8 54.8 -550 -22.261024 54.8 -550 -25.2 54.8 -550 -24.5853 58.006256 -550 -24.895228 58.981792 -550 -25 60 -550 -24.895228 61.018208 18.148148 -24.895228 61.018208 -3.703703 -24.895228 61.018208 -25.555556 -24.895228 61.018208 -47.407404 -24.895228 61.018208 -69.259264 -24.895228 61.018208 -91.111112 -24.895228 61.018208 -112.96296 -24.895228 61.018208 -134.814816 -24.895228 61.018208 -156.666672 -24.895228 61.018208 -178.518528 -24.895228 61.018208 -200.370384 -24.895228 61.018208 -222.222224 -24.895228 61.018208 -244.07408 -24.895228 61.018208 -265.925936 -24.895228 61.018208 -287.77776 -24.895228 61.018208 -309.629632 -24.895228 61.018208 -331.481472 -24.895228 61.018208 -353.333344 -24.895228 61.018208 -375.185184 -24.895228 61.018208 -397.037056 -24.895228 61.018208 -418.888896 -24.895228 61.018208 -440.740768 -24.895228 61.018208 -462.592576 -24.895228 61.018208 -484.444448 -24.895228 61.018208 -506.296288 -24.895228 61.018208 -528.148128 -24.895228 61.018208 18.148148 -25 60 -3.703703 -25 60 -25.555556 -25 60 -47.407404 -25 60 -69.259264 -25 60 -91.111112 -25 60 -112.96296 -25 60 -134.814816 -25 60 -156.666672 -25 60 -178.518528 -25 60 -200.370384 -25 60 -222.222224 -25 60 -244.07408 -25 60 -265.925936 -25 60 -287.77776 -25 60 -309.629632 -25 60 -331.481472 -25 60 -353.333344 -25 60 -375.185184 -25 60 -397.037056 -25 60 -418.888896 -25 60 -440.740768 -25 60 -462.592576 -25 60 -484.444448 -25 60 -506.296288 -25 60 -528.148128 -25 60 18.148148 -24.895228 58.981792 -3.703703 -24.895228 58.981792 -25.555556 -24.895228 58.981792 -47.407404 -24.895228 58.981792 -69.259264 -24.895228 58.981792 -91.111112 -24.895228 58.981792 -112.96296 -24.895228 58.981792 -134.814816 -24.895228 58.981792 -156.666672 -24.895228 58.981792 -178.518528 -24.895228 58.981792 -200.370384 -24.895228 58.981792 -222.222224 -24.895228 58.981792 -244.07408 -24.895228 58.981792 -265.925936 -24.895228 58.981792 -287.77776 -24.895228 58.981792 -309.629632 -24.895228 58.981792 -331.481472 -24.895228 58.981792 -353.333344 -24.895228 58.981792 -375.185184 -24.895228 58.981792 -397.037056 -24.895228 58.981792 -418.888896 -24.895228 58.981792 -440.740768 -24.895228 58.981792 -462.592576 -24.895228 58.981792 -484.444448 -24.895228 58.981792 -506.296288 -24.895228 58.981792 -528.148128 -24.895228 58.981792 -550 -21.993746 55.4147 -550 -18.006254 55.4147 -550 -18.98179 55.104776 -550 -20 55 -550 -21.01821 55.104776 18.148148 -21.01821 55.104776 -3.703703 -21.01821 55.104776 -25.555556 -21.01821 55.104776 -47.407404 -21.01821 55.104776 -69.259264 -21.01821 55.104776 -91.111112 -21.01821 55.104776 -112.96296 -21.01821 55.104776 -134.814816 -21.01821 55.104776 -156.666672 -21.01821 55.104776 -178.518528 -21.01821 55.104776 -200.370384 -21.01821 55.104776 -222.222224 -21.01821 55.104776 -244.07408 -21.01821 55.104776 -265.925936 -21.01821 55.104776 -287.77776 -21.01821 55.104776 -309.629632 -21.01821 55.104776 -331.481472 -21.01821 55.104776 -353.333344 -21.01821 55.104776 -375.185184 -21.01821 55.104776 -397.037056 -21.01821 55.104776 -418.888896 -21.01821 55.104776 -440.740768 -21.01821 55.104776 -462.592576 -21.01821 55.104776 -484.444448 -21.01821 55.104776 -506.296288 -21.01821 55.104776 -528.148128 -21.01821 55.104776 18.148148 -20 55 -3.703703 -20 55 -25.555556 -20 55 -47.407404 -20 55 -69.259264 -20 55 -91.111112 -20 55 -112.96296 -20 55 -134.814816 -20 55 -156.666672 -20 55 -178.518528 -20 55 -200.370384 -20 55 -222.222224 -20 55 -244.07408 -20 55 -265.925936 -20 55 -287.77776 -20 55 -309.629632 -20 55 -331.481472 -20 55 -353.333344 -20 55 -375.185184 -20 55 -397.037056 -20 55 -418.888896 -20 55 -440.740768 -20 55 -462.592576 -20 55 -484.444448 -20 55 -506.296288 -20 55 -528.148128 -20 55 18.148148 -18.98179 55.104776 -3.703703 -18.98179 55.104776 -25.555556 -18.98179 55.104776 -47.407404 -18.98179 55.104776 -69.259264 -18.98179 55.104776 -91.111112 -18.98179 55.104776 -112.96296 -18.98179 55.104776 -134.814816 -18.98179 55.104776 -156.666672 -18.98179 55.104776 -178.518528 -18.98179 55.104776 -200.370384 -18.98179 55.104776 -222.222224 -18.98179 55.104776 -244.07408 -18.98179 55.104776 -265.925936 -18.98179 55.104776 -287.77776 -18.98179 55.104776 -309.629632 -18.98179 55.104776 -331.481472 -18.98179 55.104776 -353.333344 -18.98179 55.104776 -375.185184 -18.98179 55.104776 -397.037056 -18.98179 55.104776 -418.888896 -18.98179 55.104776 -440.740768 -18.98179 55.104776 -462.592576 -18.98179 55.104776 -484.444448 -18.98179 55.104776 -506.296288 -18.98179 55.104776 -528.148128 -18.98179 55.104776 -550 -35.5 52 -550 -35.5 48.25 -550 -34.5 48.25 -550 -33.788248 48.156296 -550 -33.125 47.881568 -550 -32.555458 47.44454 -550 -32.118432 46.875 -550 -31.843704 46.211752 -550 -31.75 45.5 24.871796 -31.843704 46.211752 9.743589 -31.843704 46.211752 -5.384615 -31.843704 46.211752 -20.512822 -31.843704 46.211752 -35.641024 -31.843704 46.211752 -50.769228 -31.843704 46.211752 -65.89744 -31.843704 46.211752 -81.02564 -31.843704 46.211752 -96.153848 -31.843704 46.211752 -111.282048 -31.843704 46.211752 -126.410256 -31.843704 46.211752 -141.538464 -31.843704 46.211752 -156.666672 -31.843704 46.211752 -171.79488 -31.843704 46.211752 -186.923088 -31.843704 46.211752 -202.05128 -31.843704 46.211752 -217.179488 -31.843704 46.211752 -232.307696 -31.843704 46.211752 -247.435904 -31.843704 46.211752 -262.564112 -31.843704 46.211752 -277.69232 -31.843704 46.211752 -292.820512 -31.843704 46.211752 -307.948736 -31.843704 46.211752 -323.076928 -31.843704 46.211752 -338.205152 -31.843704 46.211752 -353.333344 -31.843704 46.211752 -368.461536 -31.843704 46.211752 -383.58976 -31.843704 46.211752 -398.717952 -31.843704 46.211752 -413.846176 -31.843704 46.211752 -428.974368 -31.843704 46.211752 -444.10256 -31.843704 46.211752 -459.230784 -31.843704 46.211752 -474.358976 -31.843704 46.211752 -489.487168 -31.843704 46.211752 -504.615392 -31.843704 46.211752 -519.743584 -31.843704 46.211752 -534.871776 -31.843704 46.211752 24.871796 -32.118432 46.875 9.743589 -32.118432 46.875 -5.384615 -32.118432 46.875 -20.512822 -32.118432 46.875 -35.641024 -32.118432 46.875 -50.769228 -32.118432 46.875 -65.89744 -32.118432 46.875 -81.02564 -32.118432 46.875 -96.153848 -32.118432 46.875 -111.282048 -32.118432 46.875 -126.410256 -32.118432 46.875 -141.538464 -32.118432 46.875 -156.666672 -32.118432 46.875 -171.79488 -32.118432 46.875 -186.923088 -32.118432 46.875 -202.05128 -32.118432 46.875 -217.179488 -32.118432 46.875 -232.307696 -32.118432 46.875 -247.435904 -32.118432 46.875 -262.564112 -32.118432 46.875 -277.69232 -32.118432 46.875 -292.820512 -32.118432 46.875 -307.948736 -32.118432 46.875 -323.076928 -32.118432 46.875 -338.205152 -32.118432 46.875 -353.333344 -32.118432 46.875 -368.461536 -32.118432 46.875 -383.58976 -32.118432 46.875 -398.717952 -32.118432 46.875 -413.846176 -32.118432 46.875 -428.974368 -32.118432 46.875 -444.10256 -32.118432 46.875 -459.230784 -32.118432 46.875 -474.358976 -32.118432 46.875 -489.487168 -32.118432 46.875 -504.615392 -32.118432 46.875 -519.743584 -32.118432 46.875 -534.871776 -32.118432 46.875 24.871796 -32.555458 47.44454 9.743589 -32.555458 47.44454 -5.384615 -32.555458 47.44454 -20.512822 -32.555458 47.44454 -35.641024 -32.555458 47.44454 -50.769228 -32.555458 47.44454 -65.89744 -32.555458 47.44454 -81.02564 -32.555458 47.44454 -96.153848 -32.555458 47.44454 -111.282048 -32.555458 47.44454 -126.410256 -32.555458 47.44454 -141.538464 -32.555458 47.44454 -156.666672 -32.555458 47.44454 -171.79488 -32.555458 47.44454 -186.923088 -32.555458 47.44454 -202.05128 -32.555458 47.44454 -217.179488 -32.555458 47.44454 -232.307696 -32.555458 47.44454 -247.435904 -32.555458 47.44454 -262.564112 -32.555458 47.44454 -277.69232 -32.555458 47.44454 -292.820512 -32.555458 47.44454 -307.948736 -32.555458 47.44454 -323.076928 -32.555458 47.44454 -338.205152 -32.555458 47.44454 -353.333344 -32.555458 47.44454 -368.461536 -32.555458 47.44454 -383.58976 -32.555458 47.44454 -398.717952 -32.555458 47.44454 -413.846176 -32.555458 47.44454 -428.974368 -32.555458 47.44454 -444.10256 -32.555458 47.44454 -459.230784 -32.555458 47.44454 -474.358976 -32.555458 47.44454 -489.487168 -32.555458 47.44454 -504.615392 -32.555458 47.44454 -519.743584 -32.555458 47.44454 -534.871776 -32.555458 47.44454 24.871796 -33.125 47.881568 9.743589 -33.125 47.881568 -5.384615 -33.125 47.881568 -20.512822 -33.125 47.881568 -35.641024 -33.125 47.881568 -50.769228 -33.125 47.881568 -65.89744 -33.125 47.881568 -81.02564 -33.125 47.881568 -96.153848 -33.125 47.881568 -111.282048 -33.125 47.881568 -126.410256 -33.125 47.881568 -141.538464 -33.125 47.881568 -156.666672 -33.125 47.881568 -171.79488 -33.125 47.881568 -186.923088 -33.125 47.881568 -202.05128 -33.125 47.881568 -217.179488 -33.125 47.881568 -232.307696 -33.125 47.881568 -247.435904 -33.125 47.881568 -262.564112 -33.125 47.881568 -277.69232 -33.125 47.881568 -292.820512 -33.125 47.881568 -307.948736 -33.125 47.881568 -323.076928 -33.125 47.881568 -338.205152 -33.125 47.881568 -353.333344 -33.125 47.881568 -368.461536 -33.125 47.881568 -383.58976 -33.125 47.881568 -398.717952 -33.125 47.881568 -413.846176 -33.125 47.881568 -428.974368 -33.125 47.881568 -444.10256 -33.125 47.881568 -459.230784 -33.125 47.881568 -474.358976 -33.125 47.881568 -489.487168 -33.125 47.881568 -504.615392 -33.125 47.881568 -519.743584 -33.125 47.881568 -534.871776 -33.125 47.881568 24.871796 -33.788248 48.156296 9.743589 -33.788248 48.156296 -5.384615 -33.788248 48.156296 -20.512822 -33.788248 48.156296 -35.641024 -33.788248 48.156296 -50.769228 -33.788248 48.156296 -65.89744 -33.788248 48.156296 -81.02564 -33.788248 48.156296 -96.153848 -33.788248 48.156296 -111.282048 -33.788248 48.156296 -126.410256 -33.788248 48.156296 -141.538464 -33.788248 48.156296 -156.666672 -33.788248 48.156296 -171.79488 -33.788248 48.156296 -186.923088 -33.788248 48.156296 -202.05128 -33.788248 48.156296 -217.179488 -33.788248 48.156296 -232.307696 -33.788248 48.156296 -247.435904 -33.788248 48.156296 -262.564112 -33.788248 48.156296 -277.69232 -33.788248 48.156296 -292.820512 -33.788248 48.156296 -307.948736 -33.788248 48.156296 -323.076928 -33.788248 48.156296 -338.205152 -33.788248 48.156296 -353.333344 -33.788248 48.156296 -368.461536 -33.788248 48.156296 -383.58976 -33.788248 48.156296 -398.717952 -33.788248 48.156296 -413.846176 -33.788248 48.156296 -428.974368 -33.788248 48.156296 -444.10256 -33.788248 48.156296 -459.230784 -33.788248 48.156296 -474.358976 -33.788248 48.156296 -489.487168 -33.788248 48.156296 -504.615392 -33.788248 48.156296 -519.743584 -33.788248 48.156296 -534.871776 -33.788248 48.156296 -550 -31.75 44.5 -550 -12 44.5 -550 -8.25 44.5 -550 -8.25 45.5 -550 -8.156296 46.211752 -550 -7.88157 46.875 -550 -7.444544 47.44454 -550 -6.875 47.881568 -550 -6.211752 48.156296 -550 -5.5 48.25 24.871796 -6.211752 48.156296 9.743589 -6.211752 48.156296 -5.384615 -6.211752 48.156296 -20.512822 -6.211752 48.156296 -35.641024 -6.211752 48.156296 -50.769228 -6.211752 48.156296 -65.89744 -6.211752 48.156296 -81.02564 -6.211752 48.156296 -96.153848 -6.211752 48.156296 -111.282048 -6.211752 48.156296 -126.410256 -6.211752 48.156296 -141.538464 -6.211752 48.156296 -156.666672 -6.211752 48.156296 -171.79488 -6.211752 48.156296 -186.923088 -6.211752 48.156296 -202.05128 -6.211752 48.156296 -217.179488 -6.211752 48.156296 -232.307696 -6.211752 48.156296 -247.435904 -6.211752 48.156296 -262.564112 -6.211752 48.156296 -277.69232 -6.211752 48.156296 -292.820512 -6.211752 48.156296 -307.948736 -6.211752 48.156296 -323.076928 -6.211752 48.156296 -338.205152 -6.211752 48.156296 -353.333344 -6.211752 48.156296 -368.461536 -6.211752 48.156296 -383.58976 -6.211752 48.156296 -398.717952 -6.211752 48.156296 -413.846176 -6.211752 48.156296 -428.974368 -6.211752 48.156296 -444.10256 -6.211752 48.156296 -459.230784 -6.211752 48.156296 -474.358976 -6.211752 48.156296 -489.487168 -6.211752 48.156296 -504.615392 -6.211752 48.156296 -519.743584 -6.211752 48.156296 -534.871776 -6.211752 48.156296 24.871796 -6.875 47.881568 9.743589 -6.875 47.881568 -5.384615 -6.875 47.881568 -20.512822 -6.875 47.881568 -35.641024 -6.875 47.881568 -50.769228 -6.875 47.881568 -65.89744 -6.875 47.881568 -81.02564 -6.875 47.881568 -96.153848 -6.875 47.881568 -111.282048 -6.875 47.881568 -126.410256 -6.875 47.881568 -141.538464 -6.875 47.881568 -156.666672 -6.875 47.881568 -171.79488 -6.875 47.881568 -186.923088 -6.875 47.881568 -202.05128 -6.875 47.881568 -217.179488 -6.875 47.881568 -232.307696 -6.875 47.881568 -247.435904 -6.875 47.881568 -262.564112 -6.875 47.881568 -277.69232 -6.875 47.881568 -292.820512 -6.875 47.881568 -307.948736 -6.875 47.881568 -323.076928 -6.875 47.881568 -338.205152 -6.875 47.881568 -353.333344 -6.875 47.881568 -368.461536 -6.875 47.881568 -383.58976 -6.875 47.881568 -398.717952 -6.875 47.881568 -413.846176 -6.875 47.881568 -428.974368 -6.875 47.881568 -444.10256 -6.875 47.881568 -459.230784 -6.875 47.881568 -474.358976 -6.875 47.881568 -489.487168 -6.875 47.881568 -504.615392 -6.875 47.881568 -519.743584 -6.875 47.881568 -534.871776 -6.875 47.881568 24.871796 -7.444544 47.44454 9.743589 -7.444544 47.44454 -5.384615 -7.444544 47.44454 -20.512822 -7.444544 47.44454 -35.641024 -7.444544 47.44454 -50.769228 -7.444544 47.44454 -65.89744 -7.444544 47.44454 -81.02564 -7.444544 47.44454 -96.153848 -7.444544 47.44454 -111.282048 -7.444544 47.44454 -126.410256 -7.444544 47.44454 -141.538464 -7.444544 47.44454 -156.666672 -7.444544 47.44454 -171.79488 -7.444544 47.44454 -186.923088 -7.444544 47.44454 -202.05128 -7.444544 47.44454 -217.179488 -7.444544 47.44454 -232.307696 -7.444544 47.44454 -247.435904 -7.444544 47.44454 -262.564112 -7.444544 47.44454 -277.69232 -7.444544 47.44454 -292.820512 -7.444544 47.44454 -307.948736 -7.444544 47.44454 -323.076928 -7.444544 47.44454 -338.205152 -7.444544 47.44454 -353.333344 -7.444544 47.44454 -368.461536 -7.444544 47.44454 -383.58976 -7.444544 47.44454 -398.717952 -7.444544 47.44454 -413.846176 -7.444544 47.44454 -428.974368 -7.444544 47.44454 -444.10256 -7.444544 47.44454 -459.230784 -7.444544 47.44454 -474.358976 -7.444544 47.44454 -489.487168 -7.444544 47.44454 -504.615392 -7.444544 47.44454 -519.743584 -7.444544 47.44454 -534.871776 -7.444544 47.44454 24.871796 -7.88157 46.875 9.743589 -7.88157 46.875 -5.384615 -7.88157 46.875 -20.512822 -7.88157 46.875 -35.641024 -7.88157 46.875 -50.769228 -7.88157 46.875 -65.89744 -7.88157 46.875 -81.02564 -7.88157 46.875 -96.153848 -7.88157 46.875 -111.282048 -7.88157 46.875 -126.410256 -7.88157 46.875 -141.538464 -7.88157 46.875 -156.666672 -7.88157 46.875 -171.79488 -7.88157 46.875 -186.923088 -7.88157 46.875 -202.05128 -7.88157 46.875 -217.179488 -7.88157 46.875 -232.307696 -7.88157 46.875 -247.435904 -7.88157 46.875 -262.564112 -7.88157 46.875 -277.69232 -7.88157 46.875 -292.820512 -7.88157 46.875 -307.948736 -7.88157 46.875 -323.076928 -7.88157 46.875 -338.205152 -7.88157 46.875 -353.333344 -7.88157 46.875 -368.461536 -7.88157 46.875 -383.58976 -7.88157 46.875 -398.717952 -7.88157 46.875 -413.846176 -7.88157 46.875 -428.974368 -7.88157 46.875 -444.10256 -7.88157 46.875 -459.230784 -7.88157 46.875 -474.358976 -7.88157 46.875 -489.487168 -7.88157 46.875 -504.615392 -7.88157 46.875 -519.743584 -7.88157 46.875 -534.871776 -7.88157 46.875 24.871796 -8.156296 46.211752 9.743589 -8.156296 46.211752 -5.384615 -8.156296 46.211752 -20.512822 -8.156296 46.211752 -35.641024 -8.156296 46.211752 -50.769228 -8.156296 46.211752 -65.89744 -8.156296 46.211752 -81.02564 -8.156296 46.211752 -96.153848 -8.156296 46.211752 -111.282048 -8.156296 46.211752 -126.410256 -8.156296 46.211752 -141.538464 -8.156296 46.211752 -156.666672 -8.156296 46.211752 -171.79488 -8.156296 46.211752 -186.923088 -8.156296 46.211752 -202.05128 -8.156296 46.211752 -217.179488 -8.156296 46.211752 -232.307696 -8.156296 46.211752 -247.435904 -8.156296 46.211752 -262.564112 -8.156296 46.211752 -277.69232 -8.156296 46.211752 -292.820512 -8.156296 46.211752 -307.948736 -8.156296 46.211752 -323.076928 -8.156296 46.211752 -338.205152 -8.156296 46.211752 -353.333344 -8.156296 46.211752 -368.461536 -8.156296 46.211752 -383.58976 -8.156296 46.211752 -398.717952 -8.156296 46.211752 -413.846176 -8.156296 46.211752 -428.974368 -8.156296 46.211752 -444.10256 -8.156296 46.211752 -459.230784 -8.156296 46.211752 -474.358976 -8.156296 46.211752 -489.487168 -8.156296 46.211752 -504.615392 -8.156296 46.211752 -519.743584 -8.156296 46.211752 -534.871776 -8.156296 46.211752 -550 -4.5 48.25 -550 -4.5 68 -550 -4.5 71.75 -550 -5.5 71.75 -550 -6.211752 71.843704 -550 -6.875 72.118432 -550 -7.444544 72.555456 -550 -7.88157 73.125 -550 -8.156296 73.788248 -550 -8.25 74.5 24.871796 -8.156296 73.788248 9.743589 -8.156296 73.788248 -5.384615 -8.156296 73.788248 -20.512822 -8.156296 73.788248 -35.641024 -8.156296 73.788248 -50.769228 -8.156296 73.788248 -65.89744 -8.156296 73.788248 -81.02564 -8.156296 73.788248 -96.153848 -8.156296 73.788248 -111.282048 -8.156296 73.788248 -126.410256 -8.156296 73.788248 -141.538464 -8.156296 73.788248 -156.666672 -8.156296 73.788248 -171.79488 -8.156296 73.788248 -186.923088 -8.156296 73.788248 -202.05128 -8.156296 73.788248 -217.179488 -8.156296 73.788248 -232.307696 -8.156296 73.788248 -247.435904 -8.156296 73.788248 -262.564112 -8.156296 73.788248 -277.69232 -8.156296 73.788248 -292.820512 -8.156296 73.788248 -307.948736 -8.156296 73.788248 -323.076928 -8.156296 73.788248 -338.205152 -8.156296 73.788248 -353.333344 -8.156296 73.788248 -368.461536 -8.156296 73.788248 -383.58976 -8.156296 73.788248 -398.717952 -8.156296 73.788248 -413.846176 -8.156296 73.788248 -428.974368 -8.156296 73.788248 -444.10256 -8.156296 73.788248 -459.230784 -8.156296 73.788248 -474.358976 -8.156296 73.788248 -489.487168 -8.156296 73.788248 -504.615392 -8.156296 73.788248 -519.743584 -8.156296 73.788248 -534.871776 -8.156296 73.788248 24.871796 -7.88157 73.125 9.743589 -7.88157 73.125 -5.384615 -7.88157 73.125 -20.512822 -7.88157 73.125 -35.641024 -7.88157 73.125 -50.769228 -7.88157 73.125 -65.89744 -7.88157 73.125 -81.02564 -7.88157 73.125 -96.153848 -7.88157 73.125 -111.282048 -7.88157 73.125 -126.410256 -7.88157 73.125 -141.538464 -7.88157 73.125 -156.666672 -7.88157 73.125 -171.79488 -7.88157 73.125 -186.923088 -7.88157 73.125 -202.05128 -7.88157 73.125 -217.179488 -7.88157 73.125 -232.307696 -7.88157 73.125 -247.435904 -7.88157 73.125 -262.564112 -7.88157 73.125 -277.69232 -7.88157 73.125 -292.820512 -7.88157 73.125 -307.948736 -7.88157 73.125 -323.076928 -7.88157 73.125 -338.205152 -7.88157 73.125 -353.333344 -7.88157 73.125 -368.461536 -7.88157 73.125 -383.58976 -7.88157 73.125 -398.717952 -7.88157 73.125 -413.846176 -7.88157 73.125 -428.974368 -7.88157 73.125 -444.10256 -7.88157 73.125 -459.230784 -7.88157 73.125 -474.358976 -7.88157 73.125 -489.487168 -7.88157 73.125 -504.615392 -7.88157 73.125 -519.743584 -7.88157 73.125 -534.871776 -7.88157 73.125 24.871796 -7.444544 72.555456 9.743589 -7.444544 72.555456 -5.384615 -7.444544 72.555456 -20.512822 -7.444544 72.555456 -35.641024 -7.444544 72.555456 -50.769228 -7.444544 72.555456 -65.89744 -7.444544 72.555456 -81.02564 -7.444544 72.555456 -96.153848 -7.444544 72.555456 -111.282048 -7.444544 72.555456 -126.410256 -7.444544 72.555456 -141.538464 -7.444544 72.555456 -156.666672 -7.444544 72.555456 -171.79488 -7.444544 72.555456 -186.923088 -7.444544 72.555456 -202.05128 -7.444544 72.555456 -217.179488 -7.444544 72.555456 -232.307696 -7.444544 72.555456 -247.435904 -7.444544 72.555456 -262.564112 -7.444544 72.555456 -277.69232 -7.444544 72.555456 -292.820512 -7.444544 72.555456 -307.948736 -7.444544 72.555456 -323.076928 -7.444544 72.555456 -338.205152 -7.444544 72.555456 -353.333344 -7.444544 72.555456 -368.461536 -7.444544 72.555456 -383.58976 -7.444544 72.555456 -398.717952 -7.444544 72.555456 -413.846176 -7.444544 72.555456 -428.974368 -7.444544 72.555456 -444.10256 -7.444544 72.555456 -459.230784 -7.444544 72.555456 -474.358976 -7.444544 72.555456 -489.487168 -7.444544 72.555456 -504.615392 -7.444544 72.555456 -519.743584 -7.444544 72.555456 -534.871776 -7.444544 72.555456 24.871796 -6.875 72.118432 9.743589 -6.875 72.118432 -5.384615 -6.875 72.118432 -20.512822 -6.875 72.118432 -35.641024 -6.875 72.118432 -50.769228 -6.875 72.118432 -65.89744 -6.875 72.118432 -81.02564 -6.875 72.118432 -96.153848 -6.875 72.118432 -111.282048 -6.875 72.118432 -126.410256 -6.875 72.118432 -141.538464 -6.875 72.118432 -156.666672 -6.875 72.118432 -171.79488 -6.875 72.118432 -186.923088 -6.875 72.118432 -202.05128 -6.875 72.118432 -217.179488 -6.875 72.118432 -232.307696 -6.875 72.118432 -247.435904 -6.875 72.118432 -262.564112 -6.875 72.118432 -277.69232 -6.875 72.118432 -292.820512 -6.875 72.118432 -307.948736 -6.875 72.118432 -323.076928 -6.875 72.118432 -338.205152 -6.875 72.118432 -353.333344 -6.875 72.118432 -368.461536 -6.875 72.118432 -383.58976 -6.875 72.118432 -398.717952 -6.875 72.118432 -413.846176 -6.875 72.118432 -428.974368 -6.875 72.118432 -444.10256 -6.875 72.118432 -459.230784 -6.875 72.118432 -474.358976 -6.875 72.118432 -489.487168 -6.875 72.118432 -504.615392 -6.875 72.118432 -519.743584 -6.875 72.118432 -534.871776 -6.875 72.118432 24.871796 -6.211752 71.843704 9.743589 -6.211752 71.843704 -5.384615 -6.211752 71.843704 -20.512822 -6.211752 71.843704 -35.641024 -6.211752 71.843704 -50.769228 -6.211752 71.843704 -65.89744 -6.211752 71.843704 -81.02564 -6.211752 71.843704 -96.153848 -6.211752 71.843704 -111.282048 -6.211752 71.843704 -126.410256 -6.211752 71.843704 -141.538464 -6.211752 71.843704 -156.666672 -6.211752 71.843704 -171.79488 -6.211752 71.843704 -186.923088 -6.211752 71.843704 -202.05128 -6.211752 71.843704 -217.179488 -6.211752 71.843704 -232.307696 -6.211752 71.843704 -247.435904 -6.211752 71.843704 -262.564112 -6.211752 71.843704 -277.69232 -6.211752 71.843704 -292.820512 -6.211752 71.843704 -307.948736 -6.211752 71.843704 -323.076928 -6.211752 71.843704 -338.205152 -6.211752 71.843704 -353.333344 -6.211752 71.843704 -368.461536 -6.211752 71.843704 -383.58976 -6.211752 71.843704 -398.717952 -6.211752 71.843704 -413.846176 -6.211752 71.843704 -428.974368 -6.211752 71.843704 -444.10256 -6.211752 71.843704 -459.230784 -6.211752 71.843704 -474.358976 -6.211752 71.843704 -489.487168 -6.211752 71.843704 -504.615392 -6.211752 71.843704 -519.743584 -6.211752 71.843704 -534.871776 -6.211752 71.843704 -550 -8.25 75.5 -550 -28 75.5 -550 -31.75 75.5 -550 -31.75 74.5 -550 -31.843704 73.788248 -550 -32.118432 73.125 -550 -32.555458 72.555456 -550 -33.125 72.118432 -550 -33.788248 71.843704 -550 -34.5 71.75 24.871796 -33.788248 71.843704 9.743589 -33.788248 71.843704 -5.384615 -33.788248 71.843704 -20.512822 -33.788248 71.843704 -35.641024 -33.788248 71.843704 -50.769228 -33.788248 71.843704 -65.89744 -33.788248 71.843704 -81.02564 -33.788248 71.843704 -96.153848 -33.788248 71.843704 -111.282048 -33.788248 71.843704 -126.410256 -33.788248 71.843704 -141.538464 -33.788248 71.843704 -156.666672 -33.788248 71.843704 -171.79488 -33.788248 71.843704 -186.923088 -33.788248 71.843704 -202.05128 -33.788248 71.843704 -217.179488 -33.788248 71.843704 -232.307696 -33.788248 71.843704 -247.435904 -33.788248 71.843704 -262.564112 -33.788248 71.843704 -277.69232 -33.788248 71.843704 -292.820512 -33.788248 71.843704 -307.948736 -33.788248 71.843704 -323.076928 -33.788248 71.843704 -338.205152 -33.788248 71.843704 -353.333344 -33.788248 71.843704 -368.461536 -33.788248 71.843704 -383.58976 -33.788248 71.843704 -398.717952 -33.788248 71.843704 -413.846176 -33.788248 71.843704 -428.974368 -33.788248 71.843704 -444.10256 -33.788248 71.843704 -459.230784 -33.788248 71.843704 -474.358976 -33.788248 71.843704 -489.487168 -33.788248 71.843704 -504.615392 -33.788248 71.843704 -519.743584 -33.788248 71.843704 -534.871776 -33.788248 71.843704 24.871796 -33.125 72.118432 9.743589 -33.125 72.118432 -5.384615 -33.125 72.118432 -20.512822 -33.125 72.118432 -35.641024 -33.125 72.118432 -50.769228 -33.125 72.118432 -65.89744 -33.125 72.118432 -81.02564 -33.125 72.118432 -96.153848 -33.125 72.118432 -111.282048 -33.125 72.118432 -126.410256 -33.125 72.118432 -141.538464 -33.125 72.118432 -156.666672 -33.125 72.118432 -171.79488 -33.125 72.118432 -186.923088 -33.125 72.118432 -202.05128 -33.125 72.118432 -217.179488 -33.125 72.118432 -232.307696 -33.125 72.118432 -247.435904 -33.125 72.118432 -262.564112 -33.125 72.118432 -277.69232 -33.125 72.118432 -292.820512 -33.125 72.118432 -307.948736 -33.125 72.118432 -323.076928 -33.125 72.118432 -338.205152 -33.125 72.118432 -353.333344 -33.125 72.118432 -368.461536 -33.125 72.118432 -383.58976 -33.125 72.118432 -398.717952 -33.125 72.118432 -413.846176 -33.125 72.118432 -428.974368 -33.125 72.118432 -444.10256 -33.125 72.118432 -459.230784 -33.125 72.118432 -474.358976 -33.125 72.118432 -489.487168 -33.125 72.118432 -504.615392 -33.125 72.118432 -519.743584 -33.125 72.118432 -534.871776 -33.125 72.118432 24.871796 -32.555458 72.555456 9.743589 -32.555458 72.555456 -5.384615 -32.555458 72.555456 -20.512822 -32.555458 72.555456 -35.641024 -32.555458 72.555456 -50.769228 -32.555458 72.555456 -65.89744 -32.555458 72.555456 -81.02564 -32.555458 72.555456 -96.153848 -32.555458 72.555456 -111.282048 -32.555458 72.555456 -126.410256 -32.555458 72.555456 -141.538464 -32.555458 72.555456 -156.666672 -32.555458 72.555456 -171.79488 -32.555458 72.555456 -186.923088 -32.555458 72.555456 -202.05128 -32.555458 72.555456 -217.179488 -32.555458 72.555456 -232.307696 -32.555458 72.555456 -247.435904 -32.555458 72.555456 -262.564112 -32.555458 72.555456 -277.69232 -32.555458 72.555456 -292.820512 -32.555458 72.555456 -307.948736 -32.555458 72.555456 -323.076928 -32.555458 72.555456 -338.205152 -32.555458 72.555456 -353.333344 -32.555458 72.555456 -368.461536 -32.555458 72.555456 -383.58976 -32.555458 72.555456 -398.717952 -32.555458 72.555456 -413.846176 -32.555458 72.555456 -428.974368 -32.555458 72.555456 -444.10256 -32.555458 72.555456 -459.230784 -32.555458 72.555456 -474.358976 -32.555458 72.555456 -489.487168 -32.555458 72.555456 -504.615392 -32.555458 72.555456 -519.743584 -32.555458 72.555456 -534.871776 -32.555458 72.555456 24.871796 -32.118432 73.125 9.743589 -32.118432 73.125 -5.384615 -32.118432 73.125 -20.512822 -32.118432 73.125 -35.641024 -32.118432 73.125 -50.769228 -32.118432 73.125 -65.89744 -32.118432 73.125 -81.02564 -32.118432 73.125 -96.153848 -32.118432 73.125 -111.282048 -32.118432 73.125 -126.410256 -32.118432 73.125 -141.538464 -32.118432 73.125 -156.666672 -32.118432 73.125 -171.79488 -32.118432 73.125 -186.923088 -32.118432 73.125 -202.05128 -32.118432 73.125 -217.179488 -32.118432 73.125 -232.307696 -32.118432 73.125 -247.435904 -32.118432 73.125 -262.564112 -32.118432 73.125 -277.69232 -32.118432 73.125 -292.820512 -32.118432 73.125 -307.948736 -32.118432 73.125 -323.076928 -32.118432 73.125 -338.205152 -32.118432 73.125 -353.333344 -32.118432 73.125 -368.461536 -32.118432 73.125 -383.58976 -32.118432 73.125 -398.717952 -32.118432 73.125 -413.846176 -32.118432 73.125 -428.974368 -32.118432 73.125 -444.10256 -32.118432 73.125 -459.230784 -32.118432 73.125 -474.358976 -32.118432 73.125 -489.487168 -32.118432 73.125 -504.615392 -32.118432 73.125 -519.743584 -32.118432 73.125 -534.871776 -32.118432 73.125 24.871796 -31.843704 73.788248 9.743589 -31.843704 73.788248 -5.384615 -31.843704 73.788248 -20.512822 -31.843704 73.788248 -35.641024 -31.843704 73.788248 -50.769228 -31.843704 73.788248 -65.89744 -31.843704 73.788248 -81.02564 -31.843704 73.788248 -96.153848 -31.843704 73.788248 -111.282048 -31.843704 73.788248 -126.410256 -31.843704 73.788248 -141.538464 -31.843704 73.788248 -156.666672 -31.843704 73.788248 -171.79488 -31.843704 73.788248 -186.923088 -31.843704 73.788248 -202.05128 -31.843704 73.788248 -217.179488 -31.843704 73.788248 -232.307696 -31.843704 73.788248 -247.435904 -31.843704 73.788248 -262.564112 -31.843704 73.788248 -277.69232 -31.843704 73.788248 -292.820512 -31.843704 73.788248 -307.948736 -31.843704 73.788248 -323.076928 -31.843704 73.788248 -338.205152 -31.843704 73.788248 -353.333344 -31.843704 73.788248 -368.461536 -31.843704 73.788248 -383.58976 -31.843704 73.788248 -398.717952 -31.843704 73.788248 -413.846176 -31.843704 73.788248 -428.974368 -31.843704 73.788248 -444.10256 -31.843704 73.788248 -459.230784 -31.843704 73.788248 -474.358976 -31.843704 73.788248 -489.487168 -31.843704 73.788248 -504.615392 -31.843704 73.788248 -519.743584 -31.843704 73.788248 -534.871776 -31.843704 73.788248 -550 -35.5 71.75 -550 -17.738976 54.8 -550 -25.2 57.738976 -550 -30.05 46 -550 -25 46 -550 -25 41.5 -550 -25.8 41.5 -550 -25.8 40 -550 -37 40 -550 -40 43 -550 -39.897776 42.22354 -550 -39.598076 41.5 -550 -39.12132 40.87868 -550 -38.5 40.401924 -550 -37.77646 40.102224 23.142856 -37.77646 40.102224 6.285714 -37.77646 40.102224 -10.571428 -37.77646 40.102224 -27.428572 -37.77646 40.102224 -44.285712 -37.77646 40.102224 -61.142856 -37.77646 40.102224 -78 -37.77646 40.102224 -94.857136 -37.77646 40.102224 -111.714288 -37.77646 40.102224 -128.571424 -37.77646 40.102224 -145.428576 -37.77646 40.102224 -162.285728 -37.77646 40.102224 -179.142848 -37.77646 40.102224 -196 -37.77646 40.102224 -212.857152 -37.77646 40.102224 -229.714272 -37.77646 40.102224 -246.571424 -37.77646 40.102224 -263.42856 -37.77646 40.102224 -280.285696 -37.77646 40.102224 -297.142848 -37.77646 40.102224 -314 -37.77646 40.102224 -330.857152 -37.77646 40.102224 -347.714304 -37.77646 40.102224 -364.571456 -37.77646 40.102224 -381.428544 -37.77646 40.102224 -398.285696 -37.77646 40.102224 -415.142848 -37.77646 40.102224 -432 -37.77646 40.102224 -448.857152 -37.77646 40.102224 -465.714304 -37.77646 40.102224 -482.571456 -37.77646 40.102224 -499.428544 -37.77646 40.102224 -516.285696 -37.77646 40.102224 -533.14288 -37.77646 40.102224 23.142856 -38.5 40.401924 6.285714 -38.5 40.401924 -10.571428 -38.5 40.401924 -27.428572 -38.5 40.401924 -44.285712 -38.5 40.401924 -61.142856 -38.5 40.401924 -78 -38.5 40.401924 -94.857136 -38.5 40.401924 -111.714288 -38.5 40.401924 -128.571424 -38.5 40.401924 -145.428576 -38.5 40.401924 -162.285728 -38.5 40.401924 -179.142848 -38.5 40.401924 -196 -38.5 40.401924 -212.857152 -38.5 40.401924 -229.714272 -38.5 40.401924 -246.571424 -38.5 40.401924 -263.42856 -38.5 40.401924 -280.285696 -38.5 40.401924 -297.142848 -38.5 40.401924 -314 -38.5 40.401924 -330.857152 -38.5 40.401924 -347.714304 -38.5 40.401924 -364.571456 -38.5 40.401924 -381.428544 -38.5 40.401924 -398.285696 -38.5 40.401924 -415.142848 -38.5 40.401924 -432 -38.5 40.401924 -448.857152 -38.5 40.401924 -465.714304 -38.5 40.401924 -482.571456 -38.5 40.401924 -499.428544 -38.5 40.401924 -516.285696 -38.5 40.401924 -533.14288 -38.5 40.401924 23.142856 -39.12132 40.87868 6.285714 -39.12132 40.87868 -10.571428 -39.12132 40.87868 -27.428572 -39.12132 40.87868 -44.285712 -39.12132 40.87868 -61.142856 -39.12132 40.87868 -78 -39.12132 40.87868 -94.857136 -39.12132 40.87868 -111.714288 -39.12132 40.87868 -128.571424 -39.12132 40.87868 -145.428576 -39.12132 40.87868 -162.285728 -39.12132 40.87868 -179.142848 -39.12132 40.87868 -196 -39.12132 40.87868 -212.857152 -39.12132 40.87868 -229.714272 -39.12132 40.87868 -246.571424 -39.12132 40.87868 -263.42856 -39.12132 40.87868 -280.285696 -39.12132 40.87868 -297.142848 -39.12132 40.87868 -314 -39.12132 40.87868 -330.857152 -39.12132 40.87868 -347.714304 -39.12132 40.87868 -364.571456 -39.12132 40.87868 -381.428544 -39.12132 40.87868 -398.285696 -39.12132 40.87868 -415.142848 -39.12132 40.87868 -432 -39.12132 40.87868 -448.857152 -39.12132 40.87868 -465.714304 -39.12132 40.87868 -482.571456 -39.12132 40.87868 -499.428544 -39.12132 40.87868 -516.285696 -39.12132 40.87868 -533.14288 -39.12132 40.87868 23.142856 -39.598076 41.5 6.285714 -39.598076 41.5 -10.571428 -39.598076 41.5 -27.428572 -39.598076 41.5 -44.285712 -39.598076 41.5 -61.142856 -39.598076 41.5 -78 -39.598076 41.5 -94.857136 -39.598076 41.5 -111.714288 -39.598076 41.5 -128.571424 -39.598076 41.5 -145.428576 -39.598076 41.5 -162.285728 -39.598076 41.5 -179.142848 -39.598076 41.5 -196 -39.598076 41.5 -212.857152 -39.598076 41.5 -229.714272 -39.598076 41.5 -246.571424 -39.598076 41.5 -263.42856 -39.598076 41.5 -280.285696 -39.598076 41.5 -297.142848 -39.598076 41.5 -314 -39.598076 41.5 -330.857152 -39.598076 41.5 -347.714304 -39.598076 41.5 -364.571456 -39.598076 41.5 -381.428544 -39.598076 41.5 -398.285696 -39.598076 41.5 -415.142848 -39.598076 41.5 -432 -39.598076 41.5 -448.857152 -39.598076 41.5 -465.714304 -39.598076 41.5 -482.571456 -39.598076 41.5 -499.428544 -39.598076 41.5 -516.285696 -39.598076 41.5 -533.14288 -39.598076 41.5 23.142856 -39.897776 42.22354 6.285714 -39.897776 42.22354 -10.571428 -39.897776 42.22354 -27.428572 -39.897776 42.22354 -44.285712 -39.897776 42.22354 -61.142856 -39.897776 42.22354 -78 -39.897776 42.22354 -94.857136 -39.897776 42.22354 -111.714288 -39.897776 42.22354 -128.571424 -39.897776 42.22354 -145.428576 -39.897776 42.22354 -162.285728 -39.897776 42.22354 -179.142848 -39.897776 42.22354 -196 -39.897776 42.22354 -212.857152 -39.897776 42.22354 -229.714272 -39.897776 42.22354 -246.571424 -39.897776 42.22354 -263.42856 -39.897776 42.22354 -280.285696 -39.897776 42.22354 -297.142848 -39.897776 42.22354 -314 -39.897776 42.22354 -330.857152 -39.897776 42.22354 -347.714304 -39.897776 42.22354 -364.571456 -39.897776 42.22354 -381.428544 -39.897776 42.22354 -398.285696 -39.897776 42.22354 -415.142848 -39.897776 42.22354 -432 -39.897776 42.22354 -448.857152 -39.897776 42.22354 -465.714304 -39.897776 42.22354 -482.571456 -39.897776 42.22354 -499.428544 -39.897776 42.22354 -516.285696 -39.897776 42.22354 -533.14288 -39.897776 42.22354 -550 -40 54.2 -550 -38.5 54.2 -550 -38.5 55 -550 -34 55 -550 -34 49.95 -550 -31.464214 49.95 -550 -27.5 53.914216 -550 -27.5 66.085784 -550 -31.464214 70.05 -550 -34 70.05 -550 -34 65 -550 -38.5 65 -550 -38.5 65.800004 -550 -40 65.800004 -550 -40 77 -550 -37 80 -550 -37.77646 79.897776 -550 -38.5 79.598072 -550 -39.12132 79.12132 -550 -39.598076 78.5 -550 -39.897776 77.776456 23.142856 -39.897776 77.776456 6.285714 -39.897776 77.776456 -10.571428 -39.897776 77.776456 -27.428572 -39.897776 77.776456 -44.285712 -39.897776 77.776456 -61.142856 -39.897776 77.776456 -78 -39.897776 77.776456 -94.857136 -39.897776 77.776456 -111.714288 -39.897776 77.776456 -128.571424 -39.897776 77.776456 -145.428576 -39.897776 77.776456 -162.285728 -39.897776 77.776456 -179.142848 -39.897776 77.776456 -196 -39.897776 77.776456 -212.857152 -39.897776 77.776456 -229.714272 -39.897776 77.776456 -246.571424 -39.897776 77.776456 -263.42856 -39.897776 77.776456 -280.285696 -39.897776 77.776456 -297.142848 -39.897776 77.776456 -314 -39.897776 77.776456 -330.857152 -39.897776 77.776456 -347.714304 -39.897776 77.776456 -364.571456 -39.897776 77.776456 -381.428544 -39.897776 77.776456 -398.285696 -39.897776 77.776456 -415.142848 -39.897776 77.776456 -432 -39.897776 77.776456 -448.857152 -39.897776 77.776456 -465.714304 -39.897776 77.776456 -482.571456 -39.897776 77.776456 -499.428544 -39.897776 77.776456 -516.285696 -39.897776 77.776456 -533.14288 -39.897776 77.776456 23.142856 -39.598076 78.5 6.285714 -39.598076 78.5 -10.571428 -39.598076 78.5 -27.428572 -39.598076 78.5 -44.285712 -39.598076 78.5 -61.142856 -39.598076 78.5 -78 -39.598076 78.5 -94.857136 -39.598076 78.5 -111.714288 -39.598076 78.5 -128.571424 -39.598076 78.5 -145.428576 -39.598076 78.5 -162.285728 -39.598076 78.5 -179.142848 -39.598076 78.5 -196 -39.598076 78.5 -212.857152 -39.598076 78.5 -229.714272 -39.598076 78.5 -246.571424 -39.598076 78.5 -263.42856 -39.598076 78.5 -280.285696 -39.598076 78.5 -297.142848 -39.598076 78.5 -314 -39.598076 78.5 -330.857152 -39.598076 78.5 -347.714304 -39.598076 78.5 -364.571456 -39.598076 78.5 -381.428544 -39.598076 78.5 -398.285696 -39.598076 78.5 -415.142848 -39.598076 78.5 -432 -39.598076 78.5 -448.857152 -39.598076 78.5 -465.714304 -39.598076 78.5 -482.571456 -39.598076 78.5 -499.428544 -39.598076 78.5 -516.285696 -39.598076 78.5 -533.14288 -39.598076 78.5 23.142856 -39.12132 79.12132 6.285714 -39.12132 79.12132 -10.571428 -39.12132 79.12132 -27.428572 -39.12132 79.12132 -44.285712 -39.12132 79.12132 -61.142856 -39.12132 79.12132 -78 -39.12132 79.12132 -94.857136 -39.12132 79.12132 -111.714288 -39.12132 79.12132 -128.571424 -39.12132 79.12132 -145.428576 -39.12132 79.12132 -162.285728 -39.12132 79.12132 -179.142848 -39.12132 79.12132 -196 -39.12132 79.12132 -212.857152 -39.12132 79.12132 -229.714272 -39.12132 79.12132 -246.571424 -39.12132 79.12132 -263.42856 -39.12132 79.12132 -280.285696 -39.12132 79.12132 -297.142848 -39.12132 79.12132 -314 -39.12132 79.12132 -330.857152 -39.12132 79.12132 -347.714304 -39.12132 79.12132 -364.571456 -39.12132 79.12132 -381.428544 -39.12132 79.12132 -398.285696 -39.12132 79.12132 -415.142848 -39.12132 79.12132 -432 -39.12132 79.12132 -448.857152 -39.12132 79.12132 -465.714304 -39.12132 79.12132 -482.571456 -39.12132 79.12132 -499.428544 -39.12132 79.12132 -516.285696 -39.12132 79.12132 -533.14288 -39.12132 79.12132 23.142856 -38.5 79.598072 6.285714 -38.5 79.598072 -10.571428 -38.5 79.598072 -27.428572 -38.5 79.598072 -44.285712 -38.5 79.598072 -61.142856 -38.5 79.598072 -78 -38.5 79.598072 -94.857136 -38.5 79.598072 -111.714288 -38.5 79.598072 -128.571424 -38.5 79.598072 -145.428576 -38.5 79.598072 -162.285728 -38.5 79.598072 -179.142848 -38.5 79.598072 -196 -38.5 79.598072 -212.857152 -38.5 79.598072 -229.714272 -38.5 79.598072 -246.571424 -38.5 79.598072 -263.42856 -38.5 79.598072 -280.285696 -38.5 79.598072 -297.142848 -38.5 79.598072 -314 -38.5 79.598072 -330.857152 -38.5 79.598072 -347.714304 -38.5 79.598072 -364.571456 -38.5 79.598072 -381.428544 -38.5 79.598072 -398.285696 -38.5 79.598072 -415.142848 -38.5 79.598072 -432 -38.5 79.598072 -448.857152 -38.5 79.598072 -465.714304 -38.5 79.598072 -482.571456 -38.5 79.598072 -499.428544 -38.5 79.598072 -516.285696 -38.5 79.598072 -533.14288 -38.5 79.598072 23.142856 -37.77646 79.897776 6.285714 -37.77646 79.897776 -10.571428 -37.77646 79.897776 -27.428572 -37.77646 79.897776 -44.285712 -37.77646 79.897776 -61.142856 -37.77646 79.897776 -78 -37.77646 79.897776 -94.857136 -37.77646 79.897776 -111.714288 -37.77646 79.897776 -128.571424 -37.77646 79.897776 -145.428576 -37.77646 79.897776 -162.285728 -37.77646 79.897776 -179.142848 -37.77646 79.897776 -196 -37.77646 79.897776 -212.857152 -37.77646 79.897776 -229.714272 -37.77646 79.897776 -246.571424 -37.77646 79.897776 -263.42856 -37.77646 79.897776 -280.285696 -37.77646 79.897776 -297.142848 -37.77646 79.897776 -314 -37.77646 79.897776 -330.857152 -37.77646 79.897776 -347.714304 -37.77646 79.897776 -364.571456 -37.77646 79.897776 -381.428544 -37.77646 79.897776 -398.285696 -37.77646 79.897776 -415.142848 -37.77646 79.897776 -432 -37.77646 79.897776 -448.857152 -37.77646 79.897776 -465.714304 -37.77646 79.897776 -482.571456 -37.77646 79.897776 -499.428544 -37.77646 79.897776 -516.285696 -37.77646 79.897776 -533.14288 -37.77646 79.897776 -550 -25.8 80 -550 -25.8 78.5 -550 -25 78.5 -550 -25 74 -550 -30.05 74 -550 -30.05 71.464208 -550 -26.085786 67.5 -550 -13.914213 67.5</float_array>
          <technique_common>
            <accessor source="#pos_9-array" count="8760" stride="3">
              <param name="X" type="float"/>
              <param name="Y" type="float"/>
              <param name="Z" type="float"/>
            </accessor>
          </technique_common>
        </source>
        <vertices id="vert_9">
          <input semantic="POSITION" source="#pos_9"/>
        </vertices>
        <triangles count="5856" material="mat_16">
          <input semantic="VERTEX" source="#vert_9" offset="0"/>
          <p>1 65 0 0 65 66 0 66 101 101 66 100 100 66 67 100 67 99 99 67 98 98 67 97 97 67 96 96 67 68 96 68 70 70 68 69 2 194 1 1 194 197 1 197 198 3 22 2 2 22 190 2 190 191 4 122 3 3 122 123 3 123 21 21 123 124 21 124 20 20 124 125 20 125 126 5 118 4 4 118 119 4 119 120 6 7 5 5 7 118 118 7 117 117 7 8 117 8 116 116 8 9 116 9 114 114 9 113 113 9 10 113 10 112 112 10 11 112 11 12 12 13 112 112 13 14 112 14 111 111 14 15 111 15 110 110 15 108 110 108 109 15 16 108 108 16 107 107 16 17 107 17 106 106 17 19 106 19 20 17 18 19 21 22 3 23 186 22 22 186 189 22 189 190 24 42 23 23 42 43 23 43 182 182 43 181 181 43 178 181 178 179 25 144 24 24 144 145 24 145 42 42 145 146 42 146 41 41 146 147 41 147 148 26 140 25 25 140 141 25 141 142 27 28 26 26 28 140 140 28 139 139 28 29 139 29 138 138 29 30 138 30 136 136 30 135 135 30 31 135 31 134 134 31 32 134 32 33 33 34 134 134 34 35 134 35 133 133 35 36 133 36 132 132 36 130 132 130 131 36 37 130 130 37 129 129 37 38 129 38 128 128 38 40 128 40 41 38 39 40 43 44 178 178 44 175 178 175 177 177 175 176 45 64 44 44 64 174 44 174 175 46 166 45 45 166 167 45 167 63 63 167 168 63 168 62 62 168 169 62 169 170 47 162 46 46 162 163 46 163 164 48 49 47 47 49 162 162 49 161 161 49 50 161 50 160 160 50 51 160 51 158 158 51 157 157 51 52 157 52 156 156 52 53 156 53 54 54 55 156 156 55 56 156 56 155 155 56 57 155 57 154 154 57 152 154 152 153 57 58 152 152 58 151 151 58 59 151 59 150 150 59 61 150 61 62 59 60 61 63 64 45 65 202 64 64 202 173 64 173 174 96 70 95 95 70 71 95 71 94 94 71 72 94 72 92 92 72 91 91 72 73 91 73 90 90 73 74 90 74 75 75 76 90 90 76 77 90 77 89 89 77 78 89 78 88 88 78 86 88 86 87 78 79 86 86 79 85 85 79 80 85 80 84 84 80 82 84 82 83 80 81 82 0 102 83 83 102 103 83 103 104 92 93 94 101 102 0 104 105 83 83 105 84 114 115 116 120 121 4 4 121 122 126 127 20 20 127 106 136 137 138 142 143 25 25 143 144 148 149 41 41 149 128 158 159 160 164 165 46 46 165 166 170 171 62 62 171 150 172 173 203 203 173 202 179 180 181 182 183 23 23 183 186 184 185 183 183 185 186 186 187 189 189 187 188 192 193 191 191 193 194 191 194 2 194 195 197 197 195 196 1 198 65 65 198 199 65 199 202 202 199 201 201 199 200 187 209 188 188 209 210 188 210 211 211 210 237 211 237 238 238 237 264 238 264 265 265 264 184 265 184 266 266 184 267 266 267 240 240 267 241 240 241 214 214 241 215 214 215 188 188 215 216 188 216 217 217 216 243 217 243 244 244 243 270 244 270 271 271 270 184 271 184 272 272 184 273 272 273 246 246 273 247 246 247 220 220 247 221 220 221 188 188 221 222 188 222 208 208 222 223 208 223 224 224 223 250 224 250 251 251 250 277 251 277 278 278 277 204 278 204 279 279 204 280 279 280 253 253 280 254 253 254 227 227 254 228 227 228 208 208 228 229 208 229 230 230 229 256 230 256 257 257 256 283 257 283 284 284 283 204 284 204 285 285 204 286 285 286 259 259 286 260 259 260 233 233 260 234 233 234 208 208 234 207 207 234 206 206 234 260 206 260 205 205 260 286 205 286 204 209 187 235 235 187 186 235 186 261 261 186 185 261 185 184 184 204 273 273 204 274 273 274 247 247 274 248 247 248 221 221 248 222 210 209 236 236 209 235 236 235 262 262 235 261 262 261 184 211 212 188 188 212 213 188 213 214 214 213 240 211 238 212 212 238 239 212 239 213 213 239 240 216 215 242 242 215 241 242 241 268 268 241 267 268 267 184 217 218 188 188 218 219 188 219 220 220 219 246 217 244 218 218 244 245 218 245 219 219 245 246 223 222 249 249 222 248 249 248 275 275 248 274 275 274 204 224 225 208 208 225 226 208 226 227 227 226 253 224 251 225 225 251 252 225 252 226 226 252 253 229 228 255 255 228 254 255 254 281 281 254 280 281 280 204 230 231 208 208 231 232 208 232 233 233 232 259 230 257 231 231 257 258 231 258 232 232 258 259 210 236 237 237 236 263 237 263 264 264 263 184 263 236 262 266 240 239 266 239 265 265 239 238 216 242 243 243 242 269 243 269 270 270 269 184 269 242 268 272 246 245 272 245 271 271 245 244 223 249 250 250 249 276 250 276 277 277 276 204 276 249 275 279 253 252 279 252 278 278 252 251 229 255 256 256 255 282 256 282 283 283 282 204 282 255 281 285 259 258 285 258 284 284 258 257 184 263 262 184 269 268 204 276 275 204 282 281 184 183 204 204 183 287 183 182 287 287 182 288 182 181 288 288 181 289 181 180 289 289 180 290 179 295 180 180 295 296 180 296 297 297 296 323 297 323 324 324 323 350 324 350 351 351 350 176 351 176 352 352 176 353 352 353 326 326 353 327 326 327 300 300 327 301 300 301 180 180 301 302 180 302 303 303 302 329 303 329 330 330 329 356 330 356 357 357 356 176 357 176 358 358 176 359 358 359 332 332 359 333 332 333 306 306 333 307 306 307 180 180 307 308 180 308 290 290 308 309 290 309 310 310 309 336 310 336 337 337 336 363 337 363 364 364 363 291 364 291 365 365 291 366 365 366 339 339 366 340 339 340 313 313 340 314 313 314 290 290 314 315 290 315 316 316 315 342 316 342 343 343 342 369 343 369 370 370 369 291 370 291 371 371 291 372 371 372 345 345 372 346 345 346 319 319 346 320 319 320 290 290 320 294 294 320 293 293 320 346 293 346 292 292 346 372 292 372 291 295 179 321 321 179 178 321 178 347 347 178 177 347 177 176 176 291 359 359 291 360 359 360 333 333 360 334 333 334 307 307 334 308 296 295 322 322 295 321 322 321 348 348 321 347 348 347 176 297 298 180 180 298 299 180 299 300 300 299 326 297 324 298 298 324 325 298 325 299 299 325 326 302 301 328 328 301 327 328 327 354 354 327 353 354 353 176 303 304 180 180 304 305 180 305 306 306 305 332 303 330 304 304 330 331 304 331 305 305 331 332 309 308 335 335 308 334 335 334 361 361 334 360 361 360 291 310 311 290 290 311 312 290 312 313 313 312 339 310 337 311 311 337 338 311 338 312 312 338 339 315 314 341 341 314 340 341 340 367 367 340 366 367 366 291 316 317 290 290 317 318 290 318 319 319 318 345 316 343 317 317 343 344 317 344 318 318 344 345 296 322 323 323 322 349 323 349 350 350 349 176 349 322 348 352 326 325 352 325 351 351 325 324 302 328 329 329 328 355 329 355 356 356 355 176 355 328 354 358 332 331 358 331 357 357 331 330 309 335 336 336 335 362 336 362 363 363 362 291 362 335 361 365 339 338 365 338 364 364 338 337 315 341 342 342 341 368 342 368 369 369 368 291 368 341 367 371 345 344 371 344 370 370 344 343 176 349 348 176 355 354 291 362 361 291 368 367 176 175 291 291 175 373 175 174 373 373 174 374 174 173 374 374 173 375 173 172 375 375 172 376 161 160 378 378 160 377 160 159 377 377 159 379 158 386 159 159 386 387 159 387 388 388 387 426 388 426 427 427 426 465 427 465 466 466 465 504 466 504 505 505 504 543 505 543 544 544 543 153 544 153 545 545 153 546 545 546 507 507 546 508 507 508 469 469 508 470 469 470 431 431 470 432 431 432 393 393 432 394 393 394 159 159 394 395 159 395 396 396 395 434 396 434 435 435 434 473 435 473 474 474 473 512 474 512 513 513 512 551 513 551 552 552 551 153 552 153 553 553 153 554 553 554 515 515 554 516 515 516 477 477 516 478 477 478 439 439 478 440 439 440 401 401 440 402 401 402 159 159 402 403 159 403 404 404 403 442 404 442 443 443 442 481 443 481 482 482 481 520 482 520 521 521 520 559 521 559 560 560 559 380 560 380 561 561 380 562 561 562 523 523 562 524 523 524 485 485 524 486 485 486 447 447 486 448 447 448 409 409 448 410 409 410 379 379 410 411 379 411 412 412 411 450 412 450 451 451 450 489 451 489 490 490 489 528 490 528 529 529 528 567 529 567 568 568 567 380 568 380 569 569 380 570 569 570 531 531 570 532 531 532 493 493 532 494 493 494 455 455 494 456 455 456 417 417 456 418 417 418 379 379 418 419 379 419 420 420 419 458 420 458 459 459 458 497 459 497 498 498 497 536 498 536 537 537 536 575 537 575 381 381 575 380 380 575 574 380 574 573 573 574 535 573 535 534 534 535 496 534 496 495 495 496 457 495 457 456 456 457 418 386 158 424 424 158 157 424 157 462 462 157 156 462 156 500 500 156 155 500 155 538 538 155 154 538 154 153 380 556 153 153 556 555 153 555 554 554 555 516 381 382 537 537 382 499 537 499 498 498 499 460 498 460 459 459 460 421 459 421 420 420 421 379 382 383 499 499 383 461 499 461 460 460 461 422 460 422 421 421 422 379 383 384 461 461 384 423 461 423 422 422 423 379 384 385 423 423 385 379 159 405 379 379 405 406 379 406 407 407 406 445 407 445 446 446 445 484 446 484 485 485 484 523 387 386 425 425 386 424 425 424 463 463 424 462 463 462 501 501 462 500 501 500 539 539 500 538 539 538 153 388 389 159 159 389 390 159 390 391 391 390 429 391 429 430 430 429 468 430 468 469 469 468 507 388 427 389 389 427 428 389 428 390 390 428 429 393 159 392 392 159 391 392 391 430 431 393 392 431 392 430 395 394 433 433 394 432 433 432 471 471 432 470 471 470 509 509 470 508 509 508 547 547 508 546 547 546 153 396 397 159 159 397 398 159 398 399 399 398 437 399 437 438 438 437 476 438 476 477 477 476 515 396 435 397 397 435 436 397 436 398 398 436 437 401 159 400 400 159 399 400 399 438 439 401 400 439 400 438 405 159 404 403 402 441 441 402 440 441 440 479 479 440 478 479 478 517 517 478 516 517 516 555 404 443 405 405 443 444 405 444 406 406 444 445 409 379 408 408 379 407 408 407 446 447 409 408 447 408 446 411 410 449 449 410 448 449 448 487 487 448 486 487 486 525 525 486 524 525 524 563 563 524 562 563 562 380 412 413 379 379 413 414 379 414 415 415 414 453 415 453 454 454 453 492 454 492 493 493 492 531 412 451 413 413 451 452 413 452 414 414 452 453 417 379 416 416 379 415 416 415 454 455 417 416 455 416 454 458 419 457 457 419 418 387 425 426 426 425 464 426 464 465 465 464 503 465 503 504 504 503 542 504 542 543 543 542 153 464 425 463 427 466 428 428 466 467 428 467 429 429 467 468 469 431 430 395 433 434 434 433 472 434 472 473 473 472 511 473 511 512 512 511 550 512 550 551 551 550 153 472 433 471 435 474 436 436 474 475 436 475 437 437 475 476 477 439 438 403 441 442 442 441 480 442 480 481 481 480 519 481 519 520 520 519 558 520 558 559 559 558 380 480 441 479 443 482 444 444 482 483 444 483 445 445 483 484 485 447 446 411 449 450 450 449 488 450 488 489 489 488 527 489 527 528 528 527 566 528 566 567 567 566 380 488 449 487 451 490 452 452 490 491 452 491 453 453 491 492 493 455 454 495 456 494 497 458 496 496 458 457 464 463 502 502 463 501 502 501 540 540 501 539 540 539 153 466 505 467 467 505 506 467 506 468 468 506 507 472 471 510 510 471 509 510 509 548 548 509 547 548 547 153 474 513 475 475 513 514 475 514 476 476 514 515 480 479 518 518 479 517 518 517 556 556 517 555 482 521 483 483 521 522 483 522 484 484 522 523 488 487 526 526 487 525 526 525 564 564 525 563 564 563 380 490 529 491 491 529 530 491 530 492 492 530 531 495 494 533 533 494 532 533 532 571 571 532 570 571 570 380 536 497 535 535 497 496 464 502 503 503 502 541 503 541 542 542 541 153 541 502 540 545 507 506 545 506 544 544 506 505 472 510 511 511 510 549 511 549 550 550 549 153 549 510 548 553 515 514 553 514 552 552 514 513 480 518 519 519 518 557 519 557 558 558 557 380 557 518 556 561 523 522 561 522 560 560 522 521 488 526 527 527 526 565 527 565 566 566 565 380 565 526 564 569 531 530 569 530 568 568 530 529 495 533 534 534 533 572 534 572 573 573 572 380 572 533 571 575 536 574 574 536 535 153 541 540 153 549 548 380 557 556 380 565 564 380 572 571 153 152 380 380 152 576 152 151 576 576 151 577 151 150 577 577 150 578 139 138 580 580 138 579 138 137 579 579 137 581 136 588 137 137 588 589 137 589 590 590 589 628 590 628 629 629 628 667 629 667 668 668 667 706 668 706 707 707 706 745 707 745 746 746 745 131 746 131 747 747 131 748 747 748 709 709 748 710 709 710 671 671 710 672 671 672 633 633 672 634 633 634 595 595 634 596 595 596 137 137 596 597 137 597 598 598 597 636 598 636 637 637 636 675 637 675 676 676 675 714 676 714 715 715 714 753 715 753 754 754 753 131 754 131 755 755 131 756 755 756 717 717 756 718 717 718 679 679 718 680 679 680 641 641 680 642 641 642 603 603 642 604 603 604 137 137 604 605 137 605 606 606 605 644 606 644 645 645 644 683 645 683 684 684 683 722 684 722 723 723 722 761 723 761 762 762 761 582 762 582 763 763 582 764 763 764 725 725 764 726 725 726 687 687 726 688 687 688 649 649 688 650 649 650 611 611 650 612 611 612 581 581 612 613 581 613 614 614 613 652 614 652 653 653 652 691 653 691 692 692 691 730 692 730 731 731 730 769 731 769 770 770 769 582 770 582 771 771 582 772 771 772 733 733 772 734 733 734 695 695 734 696 695 696 657 657 696 658 657 658 619 619 658 620 619 620 581 581 620 621 581 621 622 622 621 660 622 660 661 661 660 699 661 699 700 700 699 738 700 738 739 739 738 777 739 777 583 583 777 582 582 777 776 582 776 775 775 776 737 775 737 736 736 737 698 736 698 697 697 698 659 697 659 658 658 659 620 588 136 626 626 136 135 626 135 664 664 135 134 664 134 702 702 134 133 702 133 740 740 133 132 740 132 131 582 758 131 131 758 757 131 757 756 756 757 718 583 584 739 739 584 701 739 701 700 700 701 662 700 662 661 661 662 623 661 623 622 622 623 581 584 585 701 701 585 663 701 663 662 662 663 624 662 624 623 623 624 581 585 586 663 663 586 625 663 625 624 624 625 581 586 587 625 625 587 581 137 607 581 581 607 608 581 608 609 609 608 647 609 647 648 648 647 686 648 686 687 687 686 725 589 588 627 627 588 626 627 626 665 665 626 664 665 664 703 703 664 702 703 702 741 741 702 740 741 740 131 590 591 137 137 591 592 137 592 593 593 592 631 593 631 632 632 631 670 632 670 671 671 670 709 590 629 591 591 629 630 591 630 592 592 630 631 595 137 594 594 137 593 594 593 632 633 595 594 633 594 632 597 596 635 635 596 634 635 634 673 673 634 672 673 672 711 711 672 710 711 710 749 749 710 748 749 748 131 598 599 137 137 599 600 137 600 601 601 600 639 601 639 640 640 639 678 640 678 679 679 678 717 598 637 599 599 637 638 599 638 600 600 638 639 603 137 602 602 137 601 602 601 640 641 603 602 641 602 640 607 137 606 605 604 643 643 604 642 643 642 681 681 642 680 681 680 719 719 680 718 719 718 757 606 645 607 607 645 646 607 646 608 608 646 647 611 581 610 610 581 609 610 609 648 649 611 610 649 610 648 613 612 651 651 612 650 651 650 689 689 650 688 689 688 727 727 688 726 727 726 765 765 726 764 765 764 582 614 615 581 581 615 616 581 616 617 617 616 655 617 655 656 656 655 694 656 694 695 695 694 733 614 653 615 615 653 654 615 654 616 616 654 655 619 581 618 618 581 617 618 617 656 657 619 618 657 618 656 660 621 659 659 621 620 589 627 628 628 627 666 628 666 667 667 666 705 667 705 706 706 705 744 706 744 745 745 744 131 666 627 665 629 668 630 630 668 669 630 669 631 631 669 670 671 633 632 597 635 636 636 635 674 636 674 675 675 674 713 675 713 714 714 713 752 714 752 753 753 752 131 674 635 673 637 676 638 638 676 677 638 677 639 639 677 678 679 641 640 605 643 644 644 643 682 644 682 683 683 682 721 683 721 722 722 721 760 722 760 761 761 760 582 682 643 681 645 684 646 646 684 685 646 685 647 647 685 686 687 649 648 613 651 652 652 651 690 652 690 691 691 690 729 691 729 730 730 729 768 730 768 769 769 768 582 690 651 689 653 692 654 654 692 693 654 693 655 655 693 694 695 657 656 697 658 696 699 660 698 698 660 659 666 665 704 704 665 703 704 703 742 742 703 741 742 741 131 668 707 669 669 707 708 669 708 670 670 708 709 674 673 712 712 673 711 712 711 750 750 711 749 750 749 131 676 715 677 677 715 716 677 716 678 678 716 717 682 681 720 720 681 719 720 719 758 758 719 757 684 723 685 685 723 724 685 724 686 686 724 725 690 689 728 728 689 727 728 727 766 766 727 765 766 765 582 692 731 693 693 731 732 693 732 694 694 732 733 697 696 735 735 696 734 735 734 773 773 734 772 773 772 582 738 699 737 737 699 698 666 704 705 705 704 743 705 743 744 744 743 131 743 704 742 747 709 708 747 708 746 746 708 707 674 712 713 713 712 751 713 751 752 752 751 131 751 712 750 755 717 716 755 716 754 754 716 715 682 720 721 721 720 759 721 759 760 760 759 582 759 720 758 763 725 724 763 724 762 762 724 723 690 728 729 729 728 767 729 767 768 768 767 582 767 728 766 771 733 732 771 732 770 770 732 731 697 735 736 736 735 774 736 774 775 775 774 582 774 735 773 777 738 776 776 738 737 131 743 742 131 751 750 582 759 758 582 767 766 582 774 773 131 130 582 582 130 778 130 129 778 778 129 779 129 128 779 779 128 780 117 116 782 782 116 781 116 115 781 781 115 783 114 790 115 115 790 791 115 791 792 792 791 830 792 830 831 831 830 869 831 869 870 870 869 908 870 908 909 909 908 947 909 947 948 948 947 109 948 109 949 949 109 950 949 950 911 911 950 912 911 912 873 873 912 874 873 874 835 835 874 836 835 836 797 797 836 798 797 798 115 115 798 799 115 799 800 800 799 838 800 838 839 839 838 877 839 877 878 878 877 916 878 916 917 917 916 955 917 955 956 956 955 109 956 109 957 957 109 958 957 958 919 919 958 920 919 920 881 881 920 882 881 882 843 843 882 844 843 844 805 805 844 806 805 806 115 115 806 807 115 807 808 808 807 846 808 846 847 847 846 885 847 885 886 886 885 924 886 924 925 925 924 963 925 963 964 964 963 784 964 784 965 965 784 966 965 966 927 927 966 928 927 928 889 889 928 890 889 890 851 851 890 852 851 852 813 813 852 814 813 814 783 783 814 815 783 815 816 816 815 854 816 854 855 855 854 893 855 893 894 894 893 932 894 932 933 933 932 971 933 971 972 972 971 784 972 784 973 973 784 974 973 974 935 935 974 936 935 936 897 897 936 898 897 898 859 859 898 860 859 860 821 821 860 822 821 822 783 783 822 823 783 823 824 824 823 862 824 862 863 863 862 901 863 901 902 902 901 940 902 940 941 941 940 979 941 979 785 785 979 784 784 979 978 784 978 977 977 978 939 977 939 938 938 939 900 938 900 899 899 900 861 899 861 860 860 861 822 790 114 828 828 114 113 828 113 866 866 113 112 866 112 904 904 112 111 904 111 942 942 111 110 942 110 109 784 960 109 109 960 959 109 959 958 958 959 920 785 786 941 941 786 903 941 903 902 902 903 864 902 864 863 863 864 825 863 825 824 824 825 783 786 787 903 903 787 865 903 865 864 864 865 826 864 826 825 825 826 783 787 788 865 865 788 827 865 827 826 826 827 783 788 789 827 827 789 783 115 809 783 783 809 810 783 810 811 811 810 849 811 849 850 850 849 888 850 888 889 889 888 927 791 790 829 829 790 828 829 828 867 867 828 866 867 866 905 905 866 904 905 904 943 943 904 942 943 942 109 792 793 115 115 793 794 115 794 795 795 794 833 795 833 834 834 833 872 834 872 873 873 872 911 792 831 793 793 831 832 793 832 794 794 832 833 797 115 796 796 115 795 796 795 834 835 797 796 835 796 834 799 798 837 837 798 836 837 836 875 875 836 874 875 874 913 913 874 912 913 912 951 951 912 950 951 950 109 800 801 115 115 801 802 115 802 803 803 802 841 803 841 842 842 841 880 842 880 881 881 880 919 800 839 801 801 839 840 801 840 802 802 840 841 805 115 804 804 115 803 804 803 842 843 805 804 843 804 842 809 115 808 807 806 845 845 806 844 845 844 883 883 844 882 883 882 921 921 882 920 921 920 959 808 847 809 809 847 848 809 848 810 810 848 849 813 783 812 812 783 811 812 811 850 851 813 812 851 812 850 815 814 853 853 814 852 853 852 891 891 852 890 891 890 929 929 890 928 929 928 967 967 928 966 967 966 784 816 817 783 783 817 818 783 818 819 819 818 857 819 857 858 858 857 896 858 896 897 897 896 935 816 855 817 817 855 856 817 856 818 818 856 857 821 783 820 820 783 819 820 819 858 859 821 820 859 820 858 862 823 861 861 823 822 791 829 830 830 829 868 830 868 869 869 868 907 869 907 908 908 907 946 908 946 947 947 946 109 868 829 867 831 870 832 832 870 871 832 871 833 833 871 872 873 835 834 799 837 838 838 837 876 838 876 877 877 876 915 877 915 916 916 915 954 916 954 955 955 954 109 876 837 875 839 878 840 840 878 879 840 879 841 841 879 880 881 843 842 807 845 846 846 845 884 846 884 885 885 884 923 885 923 924 924 923 962 924 962 963 963 962 784 884 845 883 847 886 848 848 886 887 848 887 849 849 887 888 889 851 850 815 853 854 854 853 892 854 892 893 893 892 931 893 931 932 932 931 970 932 970 971 971 970 784 892 853 891 855 894 856 856 894 895 856 895 857 857 895 896 897 859 858 899 860 898 901 862 900 900 862 861 868 867 906 906 867 905 906 905 944 944 905 943 944 943 109 870 909 871 871 909 910 871 910 872 872 910 911 876 875 914 914 875 913 914 913 952 952 913 951 952 951 109 878 917 879 879 917 918 879 918 880 880 918 919 884 883 922 922 883 921 922 921 960 960 921 959 886 925 887 887 925 926 887 926 888 888 926 927 892 891 930 930 891 929 930 929 968 968 929 967 968 967 784 894 933 895 895 933 934 895 934 896 896 934 935 899 898 937 937 898 936 937 936 975 975 936 974 975 974 784 940 901 939 939 901 900 868 906 907 907 906 945 907 945 946 946 945 109 945 906 944 949 911 910 949 910 948 948 910 909 876 914 915 915 914 953 915 953 954 954 953 109 953 914 952 957 919 918 957 918 956 956 918 917 884 922 923 923 922 961 923 961 962 962 961 784 961 922 960 965 927 926 965 926 964 964 926 925 892 930 931 931 930 969 931 969 970 970 969 784 969 930 968 973 935 934 973 934 972 972 934 933 899 937 938 938 937 976 938 976 977 977 976 784 976 937 975 979 940 978 978 940 939 109 945 944 109 953 952 784 961 960 784 969 968 784 976 975 109 108 784 784 108 980 108 107 980 980 107 981 107 106 981 981 106 982 95 94 984 984 94 983 94 93 983 983 93 985 92 992 93 93 992 993 93 993 994 994 993 1032 994 1032 1033 1033 1032 1071 1033 1071 1072 1072 1071 1110 1072 1110 1111 1111 1110 1149 1111 1149 1150 1150 1149 87 1150 87 1151 1151 87 1152 1151 1152 1113 1113 1152 1114 1113 1114 1075 1075 1114 1076 1075 1076 1037 1037 1076 1038 1037 1038 999 999 1038 1000 999 1000 93 93 1000 1001 93 1001 1002 1002 1001 1040 1002 1040 1041 1041 1040 1079 1041 1079 1080 1080 1079 1118 1080 1118 1119 1119 1118 1157 1119 1157 1158 1158 1157 87 1158 87 1159 1159 87 1160 1159 1160 1121 1121 1160 1122 1121 1122 1083 1083 1122 1084 1083 1084 1045 1045 1084 1046 1045 1046 1007 1007 1046 1008 1007 1008 93 93 1008 1009 93 1009 1010 1010 1009 1048 1010 1048 1049 1049 1048 1087 1049 1087 1088 1088 1087 1126 1088 1126 1127 1127 1126 1165 1127 1165 1166 1166 1165 986 1166 986 1167 1167 986 1168 1167 1168 1129 1129 1168 1130 1129 1130 1091 1091 1130 1092 1091 1092 1053 1053 1092 1054 1053 1054 1015 1015 1054 1016 1015 1016 985 985 1016 1017 985 1017 1018 1018 1017 1056 1018 1056 1057 1057 1056 1095 1057 1095 1096 1096 1095 1134 1096 1134 1135 1135 1134 1173 1135 1173 1174 1174 1173 986 1174 986 1175 1175 986 1176 1175 1176 1137 1137 1176 1138 1137 1138 1099 1099 1138 1100 1099 1100 1061 1061 1100 1062 1061 1062 1023 1023 1062 1024 1023 1024 985 985 1024 1025 985 1025 1026 1026 1025 1064 1026 1064 1065 1065 1064 1103 1065 1103 1104 1104 1103 1142 1104 1142 1143 1143 1142 1181 1143 1181 987 987 1181 986 986 1181 1180 986 1180 1179 1179 1180 1141 1179 1141 1140 1140 1141 1102 1140 1102 1101 1101 1102 1063 1101 1063 1062 1062 1063 1024 992 92 1030 1030 92 91 1030 91 1068 1068 91 90 1068 90 1106 1106 90 89 1106 89 1144 1144 89 88 1144 88 87 986 1162 87 87 1162 1161 87 1161 1160 1160 1161 1122 987 988 1143 1143 988 1105 1143 1105 1104 1104 1105 1066 1104 1066 1065 1065 1066 1027 1065 1027 1026 1026 1027 985 988 989 1105 1105 989 1067 1105 1067 1066 1066 1067 1028 1066 1028 1027 1027 1028 985 989 990 1067 1067 990 1029 1067 1029 1028 1028 1029 985 990 991 1029 1029 991 985 93 1011 985 985 1011 1012 985 1012 1013 1013 1012 1051 1013 1051 1052 1052 1051 1090 1052 1090 1091 1091 1090 1129 993 992 1031 1031 992 1030 1031 1030 1069 1069 1030 1068 1069 1068 1107 1107 1068 1106 1107 1106 1145 1145 1106 1144 1145 1144 87 994 995 93 93 995 996 93 996 997 997 996 1035 997 1035 1036 1036 1035 1074 1036 1074 1075 1075 1074 1113 994 1033 995 995 1033 1034 995 1034 996 996 1034 1035 999 93 998 998 93 997 998 997 1036 1037 999 998 1037 998 1036 1001 1000 1039 1039 1000 1038 1039 1038 1077 1077 1038 1076 1077 1076 1115 1115 1076 1114 1115 1114 1153 1153 1114 1152 1153 1152 87 1002 1003 93 93 1003 1004 93 1004 1005 1005 1004 1043 1005 1043 1044 1044 1043 1082 1044 1082 1083 1083 1082 1121 1002 1041 1003 1003 1041 1042 1003 1042 1004 1004 1042 1043 1007 93 1006 1006 93 1005 1006 1005 1044 1045 1007 1006 1045 1006 1044 1011 93 1010 1009 1008 1047 1047 1008 1046 1047 1046 1085 1085 1046 1084 1085 1084 1123 1123 1084 1122 1123 1122 1161 1010 1049 1011 1011 1049 1050 1011 1050 1012 1012 1050 1051 1015 985 1014 1014 985 1013 1014 1013 1052 1053 1015 1014 1053 1014 1052 1017 1016 1055 1055 1016 1054 1055 1054 1093 1093 1054 1092 1093 1092 1131 1131 1092 1130 1131 1130 1169 1169 1130 1168 1169 1168 986 1018 1019 985 985 1019 1020 985 1020 1021 1021 1020 1059 1021 1059 1060 1060 1059 1098 1060 1098 1099 1099 1098 1137 1018 1057 1019 1019 1057 1058 1019 1058 1020 1020 1058 1059 1023 985 1022 1022 985 1021 1022 1021 1060 1061 1023 1022 1061 1022 1060 1064 1025 1063 1063 1025 1024 993 1031 1032 1032 1031 1070 1032 1070 1071 1071 1070 1109 1071 1109 1110 1110 1109 1148 1110 1148 1149 1149 1148 87 1070 1031 1069 1033 1072 1034 1034 1072 1073 1034 1073 1035 1035 1073 1074 1075 1037 1036 1001 1039 1040 1040 1039 1078 1040 1078 1079 1079 1078 1117 1079 1117 1118 1118 1117 1156 1118 1156 1157 1157 1156 87 1078 1039 1077 1041 1080 1042 1042 1080 1081 1042 1081 1043 1043 1081 1082 1083 1045 1044 1009 1047 1048 1048 1047 1086 1048 1086 1087 1087 1086 1125 1087 1125 1126 1126 1125 1164 1126 1164 1165 1165 1164 986 1086 1047 1085 1049 1088 1050 1050 1088 1089 1050 1089 1051 1051 1089 1090 1091 1053 1052 1017 1055 1056 1056 1055 1094 1056 1094 1095 1095 1094 1133 1095 1133 1134 1134 1133 1172 1134 1172 1173 1173 1172 986 1094 1055 1093 1057 1096 1058 1058 1096 1097 1058 1097 1059 1059 1097 1098 1099 1061 1060 1101 1062 1100 1103 1064 1102 1102 1064 1063 1070 1069 1108 1108 1069 1107 1108 1107 1146 1146 1107 1145 1146 1145 87 1072 1111 1073 1073 1111 1112 1073 1112 1074 1074 1112 1113 1078 1077 1116 1116 1077 1115 1116 1115 1154 1154 1115 1153 1154 1153 87 1080 1119 1081 1081 1119 1120 1081 1120 1082 1082 1120 1121 1086 1085 1124 1124 1085 1123 1124 1123 1162 1162 1123 1161 1088 1127 1089 1089 1127 1128 1089 1128 1090 1090 1128 1129 1094 1093 1132 1132 1093 1131 1132 1131 1170 1170 1131 1169 1170 1169 986 1096 1135 1097 1097 1135 1136 1097 1136 1098 1098 1136 1137 1101 1100 1139 1139 1100 1138 1139 1138 1177 1177 1138 1176 1177 1176 986 1142 1103 1141 1141 1103 1102 1070 1108 1109 1109 1108 1147 1109 1147 1148 1148 1147 87 1147 1108 1146 1151 1113 1112 1151 1112 1150 1150 1112 1111 1078 1116 1117 1117 1116 1155 1117 1155 1156 1156 1155 87 1155 1116 1154 1159 1121 1120 1159 1120 1158 1158 1120 1119 1086 1124 1125 1125 1124 1163 1125 1163 1164 1164 1163 986 1163 1124 1162 1167 1129 1128 1167 1128 1166 1166 1128 1127 1094 1132 1133 1133 1132 1171 1133 1171 1172 1172 1171 986 1171 1132 1170 1175 1137 1136 1175 1136 1174 1174 1136 1135 1101 1139 1140 1140 1139 1178 1140 1178 1179 1179 1178 986 1178 1139 1177 1181 1142 1180 1180 1142 1141 87 1147 1146 87 1155 1154 986 1163 1162 986 1171 1170 986 1178 1177 87 86 986 986 86 1182 86 85 1182 1182 85 1183 85 84 1183 1183 84 1184 42 41 1186 1186 41 1185 41 40 1185 1185 40 1187 40 39 1187 1187 39 1188 39 38 1188 1188 38 1189 38 37 1189 1189 37 1190 37 36 1190 1190 36 1191 35 1198 36 36 1198 1199 36 1199 1200 1200 1199 1234 1200 1234 1235 1235 1234 1269 1235 1269 1270 1270 1269 1304 1270 1304 1305 1305 1304 1339 1305 1339 1340 1340 1339 30 1340 30 1341 1341 30 1342 1341 1342 1307 1307 1342 1308 1307 1308 1273 1273 1308 1274 1273 1274 1239 1239 1274 1240 1239 1240 1205 1205 1240 1206 1205 1206 36 36 1206 1207 36 1207 1208 1208 1207 1242 1208 1242 1243 1243 1242 1277 1243 1277 1278 1278 1277 1312 1278 1312 1313 1313 1312 1347 1313 1347 1348 1348 1347 30 1348 30 1349 1349 30 1350 1349 1350 1315 1315 1350 1316 1315 1316 1281 1281 1316 1282 1281 1282 1247 1247 1282 1248 1247 1248 1213 1213 1248 1214 1213 1214 36 36 1214 1215 36 1215 1191 1191 1215 1216 1191 1216 1217 1217 1216 1251 1217 1251 1252 1252 1251 1286 1252 1286 1287 1287 1286 1321 1287 1321 1322 1322 1321 1356 1322 1356 1357 1357 1356 1192 1357 1192 1358 1358 1192 1359 1358 1359 1324 1324 1359 1325 1324 1325 1290 1290 1325 1291 1290 1291 1256 1256 1291 1257 1256 1257 1222 1222 1257 1223 1222 1223 1191 1191 1223 1224 1191 1224 1225 1225 1224 1259 1225 1259 1260 1260 1259 1294 1260 1294 1295 1295 1294 1329 1295 1329 1330 1330 1329 1364 1330 1364 1365 1365 1364 1192 1365 1192 1366 1366 1192 1367 1366 1367 1332 1332 1367 1333 1332 1333 1298 1298 1333 1299 1298 1299 1264 1264 1299 1265 1264 1265 1230 1230 1265 1231 1230 1231 1191 1191 1231 1197 1197 1231 1196 1196 1231 1265 1196 1265 1195 1195 1265 1299 1195 1299 1194 1194 1299 1333 1194 1333 1193 1193 1333 1367 1193 1367 1192 1198 35 1232 1232 35 34 1232 34 1266 1266 34 33 1266 33 1300 1300 33 32 1300 32 1334 1334 32 31 1334 31 30 30 1192 1350 1350 1192 1351 1350 1351 1316 1316 1351 1317 1316 1317 1282 1282 1317 1283 1282 1283 1248 1248 1283 1249 1248 1249 1214 1214 1249 1215 1199 1198 1233 1233 1198 1232 1233 1232 1267 1267 1232 1266 1267 1266 1301 1301 1266 1300 1301 1300 1335 1335 1300 1334 1335 1334 30 1200 1201 36 36 1201 1202 36 1202 1203 1203 1202 1237 1203 1237 1238 1238 1237 1272 1238 1272 1273 1273 1272 1307 1200 1235 1201 1201 1235 1236 1201 1236 1202 1202 1236 1237 1205 36 1204 1204 36 1203 1204 1203 1238 1239 1205 1204 1239 1204 1238 1207 1206 1241 1241 1206 1240 1241 1240 1275 1275 1240 1274 1275 1274 1309 1309 1274 1308 1309 1308 1343 1343 1308 1342 1343 1342 30 1208 1209 36 36 1209 1210 36 1210 1211 1211 1210 1245 1211 1245 1246 1246 1245 1280 1246 1280 1281 1281 1280 1315 1208 1243 1209 1209 1243 1244 1209 1244 1210 1210 1244 1245 1213 36 1212 1212 36 1211 1212 1211 1246 1247 1213 1212 1247 1212 1246 1216 1215 1250 1250 1215 1249 1250 1249 1284 1284 1249 1283 1284 1283 1318 1318 1283 1317 1318 1317 1352 1352 1317 1351 1352 1351 1192 1217 1218 1191 1191 1218 1219 1191 1219 1220 1220 1219 1254 1220 1254 1255 1255 1254 1289 1255 1289 1290 1290 1289 1324 1217 1252 1218 1218 1252 1253 1218 1253 1219 1219 1253 1254 1222 1191 1221 1221 1191 1220 1221 1220 1255 1256 1222 1221 1256 1221 1255 1224 1223 1258 1258 1223 1257 1258 1257 1292 1292 1257 1291 1292 1291 1326 1326 1291 1325 1326 1325 1360 1360 1325 1359 1360 1359 1192 1225 1226 1191 1191 1226 1227 1191 1227 1228 1228 1227 1262 1228 1262 1263 1263 1262 1297 1263 1297 1298 1298 1297 1332 1225 1260 1226 1226 1260 1261 1226 1261 1227 1227 1261 1262 1230 1191 1229 1229 1191 1228 1229 1228 1263 1264 1230 1229 1264 1229 1263 1199 1233 1234 1234 1233 1268 1234 1268 1269 1269 1268 1303 1269 1303 1304 1304 1303 1338 1304 1338 1339 1339 1338 30 1268 1233 1267 1235 1270 1236 1236 1270 1271 1236 1271 1237 1237 1271 1272 1273 1239 1238 1207 1241 1242 1242 1241 1276 1242 1276 1277 1277 1276 1311 1277 1311 1312 1312 1311 1346 1312 1346 1347 1347 1346 30 1276 1241 1275 1243 1278 1244 1244 1278 1279 1244 1279 1245 1245 1279 1280 1281 1247 1246 1216 1250 1251 1251 1250 1285 1251 1285 1286 1286 1285 1320 1286 1320 1321 1321 1320 1355 1321 1355 1356 1356 1355 1192 1285 1250 1284 1252 1287 1253 1253 1287 1288 1253 1288 1254 1254 1288 1289 1290 1256 1255 1224 1258 1259 1259 1258 1293 1259 1293 1294 1294 1293 1328 1294 1328 1329 1329 1328 1363 1329 1363 1364 1364 1363 1192 1293 1258 1292 1260 1295 1261 1261 1295 1296 1261 1296 1262 1262 1296 1297 1298 1264 1263 1268 1267 1302 1302 1267 1301 1302 1301 1336 1336 1301 1335 1336 1335 30 1270 1305 1271 1271 1305 1306 1271 1306 1272 1272 1306 1307 1276 1275 1310 1310 1275 1309 1310 1309 1344 1344 1309 1343 1344 1343 30 1278 1313 1279 1279 1313 1314 1279 1314 1280 1280 1314 1315 1285 1284 1319 1319 1284 1318 1319 1318 1353 1353 1318 1352 1353 1352 1192 1287 1322 1288 1288 1322 1323 1288 1323 1289 1289 1323 1324 1293 1292 1327 1327 1292 1326 1327 1326 1361 1361 1326 1360 1361 1360 1192 1295 1330 1296 1296 1330 1331 1296 1331 1297 1297 1331 1332 1268 1302 1303 1303 1302 1337 1303 1337 1338 1338 1337 30 1337 1302 1336 1341 1307 1306 1341 1306 1340 1340 1306 1305 1276 1310 1311 1311 1310 1345 1311 1345 1346 1346 1345 30 1345 1310 1344 1349 1315 1314 1349 1314 1348 1348 1314 1313 1285 1319 1320 1320 1319 1354 1320 1354 1355 1355 1354 1192 1354 1319 1353 1358 1324 1323 1358 1323 1357 1357 1323 1322 1293 1327 1328 1328 1327 1362 1328 1362 1363 1363 1362 1192 1362 1327 1361 1366 1332 1331 1366 1331 1365 1365 1331 1330 30 1337 1336 30 1345 1344 1192 1354 1353 1192 1362 1361 30 29 1192 1192 29 1368 29 28 1368 1368 28 1369 28 27 1369 1369 27 1370 27 26 1370 1370 26 1371 26 25 1371 1371 25 1372 25 24 1372 1372 24 1373 24 23 1373 1373 23 1374 23 22 1374 1374 22 1375 22 21 1375 1375 21 1376 21 20 1376 1376 20 1377 20 19 1377 1377 19 1378 19 18 1378 1378 18 1379 18 17 1379 1379 17 1380 17 16 1380 1380 16 1381 16 15 1381 1381 15 1382 14 1389 15 15 1389 1390 15 1390 1391 1391 1390 1425 1391 1425 1426 1426 1425 1460 1426 1460 1461 1461 1460 1495 1461 1495 1496 1496 1495 1530 1496 1530 1531 1531 1530 9 1531 9 1532 1532 9 1533 1532 1533 1498 1498 1533 1499 1498 1499 1464 1464 1499 1465 1464 1465 1430 1430 1465 1431 1430 1431 1396 1396 1431 1397 1396 1397 15 15 1397 1398 15 1398 1399 1399 1398 1433 1399 1433 1434 1434 1433 1468 1434 1468 1469 1469 1468 1503 1469 1503 1504 1504 1503 1538 1504 1538 1539 1539 1538 9 1539 9 1540 1540 9 1541 1540 1541 1506 1506 1541 1507 1506 1507 1472 1472 1507 1473 1472 1473 1438 1438 1473 1439 1438 1439 1404 1404 1439 1405 1404 1405 15 15 1405 1406 15 1406 1382 1382 1406 1407 1382 1407 1408 1408 1407 1442 1408 1442 1443 1443 1442 1477 1443 1477 1478 1478 1477 1512 1478 1512 1513 1513 1512 1547 1513 1547 1548 1548 1547 1383 1548 1383 1549 1549 1383 1550 1549 1550 1515 1515 1550 1516 1515 1516 1481 1481 1516 1482 1481 1482 1447 1447 1482 1448 1447 1448 1413 1413 1448 1414 1413 1414 1382 1382 1414 1415 1382 1415 1416 1416 1415 1450 1416 1450 1451 1451 1450 1485 1451 1485 1486 1486 1485 1520 1486 1520 1521 1521 1520 1555 1521 1555 1556 1556 1555 1383 1556 1383 1557 1557 1383 1558 1557 1558 1523 1523 1558 1524 1523 1524 1489 1489 1524 1490 1489 1490 1455 1455 1490 1456 1455 1456 1421 1421 1456 1422 1421 1422 1382 1382 1422 1388 1388 1422 1387 1387 1422 1456 1387 1456 1386 1386 1456 1490 1386 1490 1385 1385 1490 1524 1385 1524 1384 1384 1524 1558 1384 1558 1383 1389 14 1423 1423 14 13 1423 13 1457 1457 13 12 1457 12 1491 1491 12 11 1491 11 1525 1525 11 10 1525 10 9 9 1383 1541 1541 1383 1542 1541 1542 1507 1507 1542 1508 1507 1508 1473 1473 1508 1474 1473 1474 1439 1439 1474 1440 1439 1440 1405 1405 1440 1406 1390 1389 1424 1424 1389 1423 1424 1423 1458 1458 1423 1457 1458 1457 1492 1492 1457 1491 1492 1491 1526 1526 1491 1525 1526 1525 9 1391 1392 15 15 1392 1393 15 1393 1394 1394 1393 1428 1394 1428 1429 1429 1428 1463 1429 1463 1464 1464 1463 1498 1391 1426 1392 1392 1426 1427 1392 1427 1393 1393 1427 1428 1396 15 1395 1395 15 1394 1395 1394 1429 1430 1396 1395 1430 1395 1429 1398 1397 1432 1432 1397 1431 1432 1431 1466 1466 1431 1465 1466 1465 1500 1500 1465 1499 1500 1499 1534 1534 1499 1533 1534 1533 9 1399 1400 15 15 1400 1401 15 1401 1402 1402 1401 1436 1402 1436 1437 1437 1436 1471 1437 1471 1472 1472 1471 1506 1399 1434 1400 1400 1434 1435 1400 1435 1401 1401 1435 1436 1404 15 1403 1403 15 1402 1403 1402 1437 1438 1404 1403 1438 1403 1437 1407 1406 1441 1441 1406 1440 1441 1440 1475 1475 1440 1474 1475 1474 1509 1509 1474 1508 1509 1508 1543 1543 1508 1542 1543 1542 1383 1408 1409 1382 1382 1409 1410 1382 1410 1411 1411 1410 1445 1411 1445 1446 1446 1445 1480 1446 1480 1481 1481 1480 1515 1408 1443 1409 1409 1443 1444 1409 1444 1410 1410 1444 1445 1413 1382 1412 1412 1382 1411 1412 1411 1446 1447 1413 1412 1447 1412 1446 1415 1414 1449 1449 1414 1448 1449 1448 1483 1483 1448 1482 1483 1482 1517 1517 1482 1516 1517 1516 1551 1551 1516 1550 1551 1550 1383 1416 1417 1382 1382 1417 1418 1382 1418 1419 1419 1418 1453 1419 1453 1454 1454 1453 1488 1454 1488 1489 1489 1488 1523 1416 1451 1417 1417 1451 1452 1417 1452 1418 1418 1452 1453 1421 1382 1420 1420 1382 1419 1420 1419 1454 1455 1421 1420 1455 1420 1454 1390 1424 1425 1425 1424 1459 1425 1459 1460 1460 1459 1494 1460 1494 1495 1495 1494 1529 1495 1529 1530 1530 1529 9 1459 1424 1458 1426 1461 1427 1427 1461 1462 1427 1462 1428 1428 1462 1463 1464 1430 1429 1398 1432 1433 1433 1432 1467 1433 1467 1468 1468 1467 1502 1468 1502 1503 1503 1502 1537 1503 1537 1538 1538 1537 9 1467 1432 1466 1434 1469 1435 1435 1469 1470 1435 1470 1436 1436 1470 1471 1472 1438 1437 1407 1441 1442 1442 1441 1476 1442 1476 1477 1477 1476 1511 1477 1511 1512 1512 1511 1546 1512 1546 1547 1547 1546 1383 1476 1441 1475 1443 1478 1444 1444 1478 1479 1444 1479 1445 1445 1479 1480 1481 1447 1446 1415 1449 1450 1450 1449 1484 1450 1484 1485 1485 1484 1519 1485 1519 1520 1520 1519 1554 1520 1554 1555 1555 1554 1383 1484 1449 1483 1451 1486 1452 1452 1486 1487 1452 1487 1453 1453 1487 1488 1489 1455 1454 1459 1458 1493 1493 1458 1492 1493 1492 1527 1527 1492 1526 1527 1526 9 1461 1496 1462 1462 1496 1497 1462 1497 1463 1463 1497 1498 1467 1466 1501 1501 1466 1500 1501 1500 1535 1535 1500 1534 1535 1534 9 1469 1504 1470 1470 1504 1505 1470 1505 1471 1471 1505 1506 1476 1475 1510 1510 1475 1509 1510 1509 1544 1544 1509 1543 1544 1543 1383 1478 1513 1479 1479 1513 1514 1479 1514 1480 1480 1514 1515 1484 1483 1518 1518 1483 1517 1518 1517 1552 1552 1517 1551 1552 1551 1383 1486 1521 1487 1487 1521 1522 1487 1522 1488 1488 1522 1523 1459 1493 1494 1494 1493 1528 1494 1528 1529 1529 1528 9 1528 1493 1527 1532 1498 1497 1532 1497 1531 1531 1497 1496 1467 1501 1502 1502 1501 1536 1502 1536 1537 1537 1536 9 1536 1501 1535 1540 1506 1505 1540 1505 1539 1539 1505 1504 1476 1510 1511 1511 1510 1545 1511 1545 1546 1546 1545 1383 1545 1510 1544 1549 1515 1514 1549 1514 1548 1548 1514 1513 1484 1518 1519 1519 1518 1553 1519 1553 1554 1554 1553 1383 1553 1518 1552 1557 1523 1522 1557 1522 1556 1556 1522 1521 9 1528 1527 9 1536 1535 1383 1545 1544 1383 1553 1552 9 8 1383 1383 8 1559 8 7 1559 1559 7 1560 7 6 1560 1560 6 1561 6 5 1561 1561 5 1562 5 4 1562 1562 4 1563 4 3 1563 1563 3 1564 3 2 1564 1564 2 1565 2 1 1565 1565 1 1566 1 0 1566 1566 0 1567 190 189 1569 1569 189 1568 189 188 1568 1568 188 208 198 197 1571 1571 197 1570 203 1576 172 172 1576 1577 172 1577 1578 1578 1577 1604 1578 1604 1605 1605 1604 1631 1605 1631 1632 1632 1631 200 1632 200 1633 1633 200 1634 1633 1634 1607 1607 1634 1608 1607 1608 1581 1581 1608 1582 1581 1582 172 172 1582 1583 172 1583 1584 1584 1583 1610 1584 1610 1611 1611 1610 1637 1611 1637 1638 1638 1637 200 1638 200 1639 1639 200 1640 1639 1640 1613 1613 1640 1614 1613 1614 1587 1587 1614 1588 1587 1588 172 172 1588 1589 172 1589 376 376 1589 1590 376 1590 1591 1591 1590 1617 1591 1617 1618 1618 1617 1644 1618 1644 1645 1645 1644 1572 1645 1572 1646 1646 1572 1647 1646 1647 1620 1620 1647 1621 1620 1621 1594 1594 1621 1595 1594 1595 376 376 1595 1596 376 1596 1597 1597 1596 1623 1597 1623 1624 1624 1623 1650 1624 1650 1651 1651 1650 1572 1651 1572 1652 1652 1572 1653 1652 1653 1626 1626 1653 1627 1626 1627 1600 1600 1627 1601 1600 1601 376 376 1601 1575 1575 1601 1574 1574 1601 1627 1574 1627 1573 1573 1627 1653 1573 1653 1572 1576 203 1602 1602 203 202 1602 202 1628 1628 202 201 1628 201 200 200 1572 1640 1640 1572 1641 1640 1641 1614 1614 1641 1615 1614 1615 1588 1588 1615 1589 1577 1576 1603 1603 1576 1602 1603 1602 1629 1629 1602 1628 1629 1628 200 1578 1579 172 172 1579 1580 172 1580 1581 1581 1580 1607 1578 1605 1579 1579 1605 1606 1579 1606 1580 1580 1606 1607 1583 1582 1609 1609 1582 1608 1609 1608 1635 1635 1608 1634 1635 1634 200 1584 1585 172 172 1585 1586 172 1586 1587 1587 1586 1613 1584 1611 1585 1585 1611 1612 1585 1612 1586 1586 1612 1613 1590 1589 1616 1616 1589 1615 1616 1615 1642 1642 1615 1641 1642 1641 1572 1591 1592 376 376 1592 1593 376 1593 1594 1594 1593 1620 1591 1618 1592 1592 1618 1619 1592 1619 1593 1593 1619 1620 1596 1595 1622 1622 1595 1621 1622 1621 1648 1648 1621 1647 1648 1647 1572 1597 1598 376 376 1598 1599 376 1599 1600 1600 1599 1626 1597 1624 1598 1598 1624 1625 1598 1625 1599 1599 1625 1626 1577 1603 1604 1604 1603 1630 1604 1630 1631 1631 1630 200 1630 1603 1629 1633 1607 1606 1633 1606 1632 1632 1606 1605 1583 1609 1610 1610 1609 1636 1610 1636 1637 1637 1636 200 1636 1609 1635 1639 1613 1612 1639 1612 1638 1638 1612 1611 1590 1616 1617 1617 1616 1643 1617 1643 1644 1644 1643 1572 1643 1616 1642 1646 1620 1619 1646 1619 1645 1645 1619 1618 1596 1622 1623 1623 1622 1649 1623 1649 1650 1650 1649 1572 1649 1622 1648 1652 1626 1625 1652 1625 1651 1651 1625 1624 200 1630 1629 200 1636 1635 1572 1643 1642 1572 1649 1648 197 196 1570 1570 196 1654 195 1659 196 196 1659 1660 196 1660 1661 1661 1660 1687 1661 1687 1688 1688 1687 1714 1688 1714 1715 1715 1714 192 1715 192 1716 1716 192 1717 1716 1717 1690 1690 1717 1691 1690 1691 1664 1664 1691 1665 1664 1665 196 196 1665 1666 196 1666 1667 1667 1666 1693 1667 1693 1694 1694 1693 1720 1694 1720 1721 1721 1720 192 1721 192 1722 1722 192 1723 1722 1723 1696 1696 1723 1697 1696 1697 1670 1670 1697 1671 1670 1671 196 196 1671 1672 196 1672 1654 1654 1672 1673 1654 1673 1674 1674 1673 1700 1674 1700 1701 1701 1700 1727 1701 1727 1728 1728 1727 1655 1728 1655 1729 1729 1655 1730 1729 1730 1703 1703 1730 1704 1703 1704 1677 1677 1704 1678 1677 1678 1654 1654 1678 1679 1654 1679 1680 1680 1679 1706 1680 1706 1707 1707 1706 1733 1707 1733 1734 1734 1733 1655 1734 1655 1735 1735 1655 1736 1735 1736 1709 1709 1736 1710 1709 1710 1683 1683 1710 1684 1683 1684 1654 1654 1684 1658 1658 1684 1657 1657 1684 1710 1657 1710 1656 1656 1710 1736 1656 1736 1655 1659 195 1685 1685 195 194 1685 194 1711 1711 194 193 1711 193 192 192 1655 1723 1723 1655 1724 1723 1724 1697 1697 1724 1698 1697 1698 1671 1671 1698 1672 1660 1659 1686 1686 1659 1685 1686 1685 1712 1712 1685 1711 1712 1711 192 1661 1662 196 196 1662 1663 196 1663 1664 1664 1663 1690 1661 1688 1662 1662 1688 1689 1662 1689 1663 1663 1689 1690 1666 1665 1692 1692 1665 1691 1692 1691 1718 1718 1691 1717 1718 1717 192 1667 1668 196 196 1668 1669 196 1669 1670 1670 1669 1696 1667 1694 1668 1668 1694 1695 1668 1695 1669 1669 1695 1696 1673 1672 1699 1699 1672 1698 1699 1698 1725 1725 1698 1724 1725 1724 1655 1674 1675 1654 1654 1675 1676 1654 1676 1677 1677 1676 1703 1674 1701 1675 1675 1701 1702 1675 1702 1676 1676 1702 1703 1679 1678 1705 1705 1678 1704 1705 1704 1731 1731 1704 1730 1731 1730 1655 1680 1681 1654 1654 1681 1682 1654 1682 1683 1683 1682 1709 1680 1707 1681 1681 1707 1708 1681 1708 1682 1682 1708 1709 1660 1686 1687 1687 1686 1713 1687 1713 1714 1714 1713 192 1713 1686 1712 1716 1690 1689 1716 1689 1715 1715 1689 1688 1666 1692 1693 1693 1692 1719 1693 1719 1720 1720 1719 192 1719 1692 1718 1722 1696 1695 1722 1695 1721 1721 1695 1694 1673 1699 1700 1700 1699 1726 1700 1726 1727 1727 1726 1655 1726 1699 1725 1729 1703 1702 1729 1702 1728 1728 1702 1701 1679 1705 1706 1706 1705 1732 1706 1732 1733 1733 1732 1655 1732 1705 1731 1735 1709 1708 1735 1708 1734 1734 1708 1707 192 1713 1712 192 1719 1718 1655 1726 1725 1655 1732 1731 96 95 1737 1737 95 984 97 96 1738 1738 96 1737 98 97 1739 1739 97 1738 103 1746 104 104 1746 1747 104 1747 1748 1748 1747 1786 1748 1786 1787 1787 1786 1825 1787 1825 1826 1826 1825 1864 1826 1864 1865 1865 1864 1903 1865 1903 1904 1904 1903 98 1904 98 1905 1905 98 1906 1905 1906 1867 1867 1906 1868 1867 1868 1829 1829 1868 1830 1829 1830 1791 1791 1830 1792 1791 1792 1753 1753 1792 1754 1753 1754 104 104 1754 1755 104 1755 1756 1756 1755 1794 1756 1794 1795 1795 1794 1833 1795 1833 1834 1834 1833 1872 1834 1872 1873 1873 1872 1911 1873 1911 1912 1912 1911 98 1912 98 1913 1913 98 1914 1913 1914 1875 1875 1914 1876 1875 1876 1837 1837 1876 1838 1837 1838 1799 1799 1838 1800 1799 1800 1761 1761 1800 1762 1761 1762 104 104 1762 1763 104 1763 1764 1764 1763 1802 1764 1802 1803 1803 1802 1841 1803 1841 1842 1842 1841 1880 1842 1880 1881 1881 1880 1919 1881 1919 1920 1920 1919 1739 1920 1739 1921 1921 1739 1922 1921 1922 1883 1883 1922 1884 1883 1884 1845 1845 1884 1846 1845 1846 1807 1807 1846 1808 1807 1808 1769 1769 1808 1770 1769 1770 1745 1745 1770 1771 1745 1771 1772 1772 1771 1810 1772 1810 1811 1811 1810 1849 1811 1849 1850 1850 1849 1888 1850 1888 1889 1889 1888 1927 1889 1927 1928 1928 1927 1739 1928 1739 1929 1929 1739 1930 1929 1930 1891 1891 1930 1892 1891 1892 1853 1853 1892 1854 1853 1854 1815 1815 1854 1816 1815 1816 1777 1777 1816 1778 1777 1778 1745 1745 1778 1779 1745 1779 1780 1780 1779 1818 1780 1818 1819 1819 1818 1857 1819 1857 1858 1858 1857 1896 1858 1896 1897 1897 1896 1935 1897 1935 1740 1740 1935 1739 1739 1935 1934 1739 1934 1933 1933 1934 1895 1933 1895 1894 1894 1895 1856 1894 1856 1855 1855 1856 1817 1855 1817 1816 1816 1817 1778 1746 103 1784 1784 103 102 1784 102 1822 1822 102 101 1822 101 1860 1860 101 100 1860 100 1898 1898 100 99 1898 99 98 1739 1916 98 98 1916 1915 98 1915 1914 1914 1915 1876 1740 1741 1897 1897 1741 1859 1897 1859 1858 1858 1859 1820 1858 1820 1819 1819 1820 1781 1819 1781 1780 1780 1781 1745 1741 1742 1859 1859 1742 1821 1859 1821 1820 1820 1821 1782 1820 1782 1781 1781 1782 1745 1742 1743 1821 1821 1743 1783 1821 1783 1782 1782 1783 1745 1743 1744 1783 1783 1744 1745 104 1765 1745 1745 1765 1766 1745 1766 1767 1767 1766 1805 1767 1805 1806 1806 1805 1844 1806 1844 1845 1845 1844 1883 1747 1746 1785 1785 1746 1784 1785 1784 1823 1823 1784 1822 1823 1822 1861 1861 1822 1860 1861 1860 1899 1899 1860 1898 1899 1898 98 1748 1749 104 104 1749 1750 104 1750 1751 1751 1750 1789 1751 1789 1790 1790 1789 1828 1790 1828 1829 1829 1828 1867 1748 1787 1749 1749 1787 1788 1749 1788 1750 1750 1788 1789 1753 104 1752 1752 104 1751 1752 1751 1790 1791 1753 1752 1791 1752 1790 1755 1754 1793 1793 1754 1792 1793 1792 1831 1831 1792 1830 1831 1830 1869 1869 1830 1868 1869 1868 1907 1907 1868 1906 1907 1906 98 1756 1757 104 104 1757 1758 104 1758 1759 1759 1758 1797 1759 1797 1798 1798 1797 1836 1798 1836 1837 1837 1836 1875 1756 1795 1757 1757 1795 1796 1757 1796 1758 1758 1796 1797 1761 104 1760 1760 104 1759 1760 1759 1798 1799 1761 1760 1799 1760 1798 1765 104 1764 1763 1762 1801 1801 1762 1800 1801 1800 1839 1839 1800 1838 1839 1838 1877 1877 1838 1876 1877 1876 1915 1764 1803 1765 1765 1803 1804 1765 1804 1766 1766 1804 1805 1769 1745 1768 1768 1745 1767 1768 1767 1806 1807 1769 1768 1807 1768 1806 1771 1770 1809 1809 1770 1808 1809 1808 1847 1847 1808 1846 1847 1846 1885 1885 1846 1884 1885 1884 1923 1923 1884 1922 1923 1922 1739 1772 1773 1745 1745 1773 1774 1745 1774 1775 1775 1774 1813 1775 1813 1814 1814 1813 1852 1814 1852 1853 1853 1852 1891 1772 1811 1773 1773 1811 1812 1773 1812 1774 1774 1812 1813 1777 1745 1776 1776 1745 1775 1776 1775 1814 1815 1777 1776 1815 1776 1814 1818 1779 1817 1817 1779 1778 1747 1785 1786 1786 1785 1824 1786 1824 1825 1825 1824 1863 1825 1863 1864 1864 1863 1902 1864 1902 1903 1903 1902 98 1824 1785 1823 1787 1826 1788 1788 1826 1827 1788 1827 1789 1789 1827 1828 1829 1791 1790 1755 1793 1794 1794 1793 1832 1794 1832 1833 1833 1832 1871 1833 1871 1872 1872 1871 1910 1872 1910 1911 1911 1910 98 1832 1793 1831 1795 1834 1796 1796 1834 1835 1796 1835 1797 1797 1835 1836 1837 1799 1798 1763 1801 1802 1802 1801 1840 1802 1840 1841 1841 1840 1879 1841 1879 1880 1880 1879 1918 1880 1918 1919 1919 1918 1739 1840 1801 1839 1803 1842 1804 1804 1842 1843 1804 1843 1805 1805 1843 1844 1845 1807 1806 1771 1809 1810 1810 1809 1848 1810 1848 1849 1849 1848 1887 1849 1887 1888 1888 1887 1926 1888 1926 1927 1927 1926 1739 1848 1809 1847 1811 1850 1812 1812 1850 1851 1812 1851 1813 1813 1851 1852 1853 1815 1814 1855 1816 1854 1857 1818 1856 1856 1818 1817 1824 1823 1862 1862 1823 1861 1862 1861 1900 1900 1861 1899 1900 1899 98 1826 1865 1827 1827 1865 1866 1827 1866 1828 1828 1866 1867 1832 1831 1870 1870 1831 1869 1870 1869 1908 1908 1869 1907 1908 1907 98 1834 1873 1835 1835 1873 1874 1835 1874 1836 1836 1874 1875 1840 1839 1878 1878 1839 1877 1878 1877 1916 1916 1877 1915 1842 1881 1843 1843 1881 1882 1843 1882 1844 1844 1882 1883 1848 1847 1886 1886 1847 1885 1886 1885 1924 1924 1885 1923 1924 1923 1739 1850 1889 1851 1851 1889 1890 1851 1890 1852 1852 1890 1891 1855 1854 1893 1893 1854 1892 1893 1892 1931 1931 1892 1930 1931 1930 1739 1896 1857 1895 1895 1857 1856 1824 1862 1863 1863 1862 1901 1863 1901 1902 1902 1901 98 1901 1862 1900 1905 1867 1866 1905 1866 1904 1904 1866 1865 1832 1870 1871 1871 1870 1909 1871 1909 1910 1910 1909 98 1909 1870 1908 1913 1875 1874 1913 1874 1912 1912 1874 1873 1840 1878 1879 1879 1878 1917 1879 1917 1918 1918 1917 1739 1917 1878 1916 1921 1883 1882 1921 1882 1920 1920 1882 1881 1848 1886 1887 1887 1886 1925 1887 1925 1926 1926 1925 1739 1925 1886 1924 1929 1891 1890 1929 1890 1928 1928 1890 1889 1855 1893 1894 1894 1893 1932 1894 1932 1933 1933 1932 1739 1932 1893 1931 1935 1896 1934 1934 1896 1895 98 1901 1900 98 1909 1908 1739 1917 1916 1739 1925 1924 1739 1932 1931 105 104 1936 1936 104 1745 84 105 1184 1184 105 1936 118 117 1937 1937 117 782 119 118 1938 1938 118 1937 120 119 1939 1939 119 1938 125 1946 126 126 1946 1947 126 1947 1948 1948 1947 1986 1948 1986 1987 1987 1986 2025 1987 2025 2026 2026 2025 2064 2026 2064 2065 2065 2064 2103 2065 2103 2104 2104 2103 120 2104 120 2105 2105 120 2106 2105 2106 2067 2067 2106 2068 2067 2068 2029 2029 2068 2030 2029 2030 1991 1991 2030 1992 1991 1992 1953 1953 1992 1954 1953 1954 126 126 1954 1955 126 1955 1956 1956 1955 1994 1956 1994 1995 1995 1994 2033 1995 2033 2034 2034 2033 2072 2034 2072 2073 2073 2072 2111 2073 2111 2112 2112 2111 120 2112 120 2113 2113 120 2114 2113 2114 2075 2075 2114 2076 2075 2076 2037 2037 2076 2038 2037 2038 1999 1999 2038 2000 1999 2000 1961 1961 2000 1962 1961 1962 126 126 1962 1963 126 1963 1964 1964 1963 2002 1964 2002 2003 2003 2002 2041 2003 2041 2042 2042 2041 2080 2042 2080 2081 2081 2080 2119 2081 2119 2120 2120 2119 1939 2120 1939 2121 2121 1939 2122 2121 2122 2083 2083 2122 2084 2083 2084 2045 2045 2084 2046 2045 2046 2007 2007 2046 2008 2007 2008 1969 1969 2008 1970 1969 1970 1945 1945 1970 1971 1945 1971 1972 1972 1971 2010 1972 2010 2011 2011 2010 2049 2011 2049 2050 2050 2049 2088 2050 2088 2089 2089 2088 2127 2089 2127 2128 2128 2127 1939 2128 1939 2129 2129 1939 2130 2129 2130 2091 2091 2130 2092 2091 2092 2053 2053 2092 2054 2053 2054 2015 2015 2054 2016 2015 2016 1977 1977 2016 1978 1977 1978 1945 1945 1978 1979 1945 1979 1980 1980 1979 2018 1980 2018 2019 2019 2018 2057 2019 2057 2058 2058 2057 2096 2058 2096 2097 2097 2096 2135 2097 2135 1940 1940 2135 1939 1939 2135 2134 1939 2134 2133 2133 2134 2095 2133 2095 2094 2094 2095 2056 2094 2056 2055 2055 2056 2017 2055 2017 2016 2016 2017 1978 1946 125 1984 1984 125 124 1984 124 2022 2022 124 123 2022 123 2060 2060 123 122 2060 122 2098 2098 122 121 2098 121 120 1939 2116 120 120 2116 2115 120 2115 2114 2114 2115 2076 1940 1941 2097 2097 1941 2059 2097 2059 2058 2058 2059 2020 2058 2020 2019 2019 2020 1981 2019 1981 1980 1980 1981 1945 1941 1942 2059 2059 1942 2021 2059 2021 2020 2020 2021 1982 2020 1982 1981 1981 1982 1945 1942 1943 2021 2021 1943 1983 2021 1983 1982 1982 1983 1945 1943 1944 1983 1983 1944 1945 126 1965 1945 1945 1965 1966 1945 1966 1967 1967 1966 2005 1967 2005 2006 2006 2005 2044 2006 2044 2045 2045 2044 2083 1947 1946 1985 1985 1946 1984 1985 1984 2023 2023 1984 2022 2023 2022 2061 2061 2022 2060 2061 2060 2099 2099 2060 2098 2099 2098 120 1948 1949 126 126 1949 1950 126 1950 1951 1951 1950 1989 1951 1989 1990 1990 1989 2028 1990 2028 2029 2029 2028 2067 1948 1987 1949 1949 1987 1988 1949 1988 1950 1950 1988 1989 1953 126 1952 1952 126 1951 1952 1951 1990 1991 1953 1952 1991 1952 1990 1955 1954 1993 1993 1954 1992 1993 1992 2031 2031 1992 2030 2031 2030 2069 2069 2030 2068 2069 2068 2107 2107 2068 2106 2107 2106 120 1956 1957 126 126 1957 1958 126 1958 1959 1959 1958 1997 1959 1997 1998 1998 1997 2036 1998 2036 2037 2037 2036 2075 1956 1995 1957 1957 1995 1996 1957 1996 1958 1958 1996 1997 1961 126 1960 1960 126 1959 1960 1959 1998 1999 1961 1960 1999 1960 1998 1965 126 1964 1963 1962 2001 2001 1962 2000 2001 2000 2039 2039 2000 2038 2039 2038 2077 2077 2038 2076 2077 2076 2115 1964 2003 1965 1965 2003 2004 1965 2004 1966 1966 2004 2005 1969 1945 1968 1968 1945 1967 1968 1967 2006 2007 1969 1968 2007 1968 2006 1971 1970 2009 2009 1970 2008 2009 2008 2047 2047 2008 2046 2047 2046 2085 2085 2046 2084 2085 2084 2123 2123 2084 2122 2123 2122 1939 1972 1973 1945 1945 1973 1974 1945 1974 1975 1975 1974 2013 1975 2013 2014 2014 2013 2052 2014 2052 2053 2053 2052 2091 1972 2011 1973 1973 2011 2012 1973 2012 1974 1974 2012 2013 1977 1945 1976 1976 1945 1975 1976 1975 2014 2015 1977 1976 2015 1976 2014 2018 1979 2017 2017 1979 1978 1947 1985 1986 1986 1985 2024 1986 2024 2025 2025 2024 2063 2025 2063 2064 2064 2063 2102 2064 2102 2103 2103 2102 120 2024 1985 2023 1987 2026 1988 1988 2026 2027 1988 2027 1989 1989 2027 2028 2029 1991 1990 1955 1993 1994 1994 1993 2032 1994 2032 2033 2033 2032 2071 2033 2071 2072 2072 2071 2110 2072 2110 2111 2111 2110 120 2032 1993 2031 1995 2034 1996 1996 2034 2035 1996 2035 1997 1997 2035 2036 2037 1999 1998 1963 2001 2002 2002 2001 2040 2002 2040 2041 2041 2040 2079 2041 2079 2080 2080 2079 2118 2080 2118 2119 2119 2118 1939 2040 2001 2039 2003 2042 2004 2004 2042 2043 2004 2043 2005 2005 2043 2044 2045 2007 2006 1971 2009 2010 2010 2009 2048 2010 2048 2049 2049 2048 2087 2049 2087 2088 2088 2087 2126 2088 2126 2127 2127 2126 1939 2048 2009 2047 2011 2050 2012 2012 2050 2051 2012 2051 2013 2013 2051 2052 2053 2015 2014 2055 2016 2054 2057 2018 2056 2056 2018 2017 2024 2023 2062 2062 2023 2061 2062 2061 2100 2100 2061 2099 2100 2099 120 2026 2065 2027 2027 2065 2066 2027 2066 2028 2028 2066 2067 2032 2031 2070 2070 2031 2069 2070 2069 2108 2108 2069 2107 2108 2107 120 2034 2073 2035 2035 2073 2074 2035 2074 2036 2036 2074 2075 2040 2039 2078 2078 2039 2077 2078 2077 2116 2116 2077 2115 2042 2081 2043 2043 2081 2082 2043 2082 2044 2044 2082 2083 2048 2047 2086 2086 2047 2085 2086 2085 2124 2124 2085 2123 2124 2123 1939 2050 2089 2051 2051 2089 2090 2051 2090 2052 2052 2090 2091 2055 2054 2093 2093 2054 2092 2093 2092 2131 2131 2092 2130 2131 2130 1939 2096 2057 2095 2095 2057 2056 2024 2062 2063 2063 2062 2101 2063 2101 2102 2102 2101 120 2101 2062 2100 2105 2067 2066 2105 2066 2104 2104 2066 2065 2032 2070 2071 2071 2070 2109 2071 2109 2110 2110 2109 120 2109 2070 2108 2113 2075 2074 2113 2074 2112 2112 2074 2073 2040 2078 2079 2079 2078 2117 2079 2117 2118 2118 2117 1939 2117 2078 2116 2121 2083 2082 2121 2082 2120 2120 2082 2081 2048 2086 2087 2087 2086 2125 2087 2125 2126 2126 2125 1939 2125 2086 2124 2129 2091 2090 2129 2090 2128 2128 2090 2089 2055 2093 2094 2094 2093 2132 2094 2132 2133 2133 2132 1939 2132 2093 2131 2135 2096 2134 2134 2096 2095 120 2101 2100 120 2109 2108 1939 2117 2116 1939 2125 2124 1939 2132 2131 127 126 2136 2136 126 1945 106 127 982 982 127 2136 140 139 2137 2137 139 580 141 140 2138 2138 140 2137 142 141 2139 2139 141 2138 147 2146 148 148 2146 2147 148 2147 2148 2148 2147 2186 2148 2186 2187 2187 2186 2225 2187 2225 2226 2226 2225 2264 2226 2264 2265 2265 2264 2303 2265 2303 2304 2304 2303 142 2304 142 2305 2305 142 2306 2305 2306 2267 2267 2306 2268 2267 2268 2229 2229 2268 2230 2229 2230 2191 2191 2230 2192 2191 2192 2153 2153 2192 2154 2153 2154 148 148 2154 2155 148 2155 2156 2156 2155 2194 2156 2194 2195 2195 2194 2233 2195 2233 2234 2234 2233 2272 2234 2272 2273 2273 2272 2311 2273 2311 2312 2312 2311 142 2312 142 2313 2313 142 2314 2313 2314 2275 2275 2314 2276 2275 2276 2237 2237 2276 2238 2237 2238 2199 2199 2238 2200 2199 2200 2161 2161 2200 2162 2161 2162 148 148 2162 2163 148 2163 2164 2164 2163 2202 2164 2202 2203 2203 2202 2241 2203 2241 2242 2242 2241 2280 2242 2280 2281 2281 2280 2319 2281 2319 2320 2320 2319 2139 2320 2139 2321 2321 2139 2322 2321 2322 2283 2283 2322 2284 2283 2284 2245 2245 2284 2246 2245 2246 2207 2207 2246 2208 2207 2208 2169 2169 2208 2170 2169 2170 2145 2145 2170 2171 2145 2171 2172 2172 2171 2210 2172 2210 2211 2211 2210 2249 2211 2249 2250 2250 2249 2288 2250 2288 2289 2289 2288 2327 2289 2327 2328 2328 2327 2139 2328 2139 2329 2329 2139 2330 2329 2330 2291 2291 2330 2292 2291 2292 2253 2253 2292 2254 2253 2254 2215 2215 2254 2216 2215 2216 2177 2177 2216 2178 2177 2178 2145 2145 2178 2179 2145 2179 2180 2180 2179 2218 2180 2218 2219 2219 2218 2257 2219 2257 2258 2258 2257 2296 2258 2296 2297 2297 2296 2335 2297 2335 2140 2140 2335 2139 2139 2335 2334 2139 2334 2333 2333 2334 2295 2333 2295 2294 2294 2295 2256 2294 2256 2255 2255 2256 2217 2255 2217 2216 2216 2217 2178 2146 147 2184 2184 147 146 2184 146 2222 2222 146 145 2222 145 2260 2260 145 144 2260 144 2298 2298 144 143 2298 143 142 2139 2316 142 142 2316 2315 142 2315 2314 2314 2315 2276 2140 2141 2297 2297 2141 2259 2297 2259 2258 2258 2259 2220 2258 2220 2219 2219 2220 2181 2219 2181 2180 2180 2181 2145 2141 2142 2259 2259 2142 2221 2259 2221 2220 2220 2221 2182 2220 2182 2181 2181 2182 2145 2142 2143 2221 2221 2143 2183 2221 2183 2182 2182 2183 2145 2143 2144 2183 2183 2144 2145 148 2165 2145 2145 2165 2166 2145 2166 2167 2167 2166 2205 2167 2205 2206 2206 2205 2244 2206 2244 2245 2245 2244 2283 2147 2146 2185 2185 2146 2184 2185 2184 2223 2223 2184 2222 2223 2222 2261 2261 2222 2260 2261 2260 2299 2299 2260 2298 2299 2298 142 2148 2149 148 148 2149 2150 148 2150 2151 2151 2150 2189 2151 2189 2190 2190 2189 2228 2190 2228 2229 2229 2228 2267 2148 2187 2149 2149 2187 2188 2149 2188 2150 2150 2188 2189 2153 148 2152 2152 148 2151 2152 2151 2190 2191 2153 2152 2191 2152 2190 2155 2154 2193 2193 2154 2192 2193 2192 2231 2231 2192 2230 2231 2230 2269 2269 2230 2268 2269 2268 2307 2307 2268 2306 2307 2306 142 2156 2157 148 148 2157 2158 148 2158 2159 2159 2158 2197 2159 2197 2198 2198 2197 2236 2198 2236 2237 2237 2236 2275 2156 2195 2157 2157 2195 2196 2157 2196 2158 2158 2196 2197 2161 148 2160 2160 148 2159 2160 2159 2198 2199 2161 2160 2199 2160 2198 2165 148 2164 2163 2162 2201 2201 2162 2200 2201 2200 2239 2239 2200 2238 2239 2238 2277 2277 2238 2276 2277 2276 2315 2164 2203 2165 2165 2203 2204 2165 2204 2166 2166 2204 2205 2169 2145 2168 2168 2145 2167 2168 2167 2206 2207 2169 2168 2207 2168 2206 2171 2170 2209 2209 2170 2208 2209 2208 2247 2247 2208 2246 2247 2246 2285 2285 2246 2284 2285 2284 2323 2323 2284 2322 2323 2322 2139 2172 2173 2145 2145 2173 2174 2145 2174 2175 2175 2174 2213 2175 2213 2214 2214 2213 2252 2214 2252 2253 2253 2252 2291 2172 2211 2173 2173 2211 2212 2173 2212 2174 2174 2212 2213 2177 2145 2176 2176 2145 2175 2176 2175 2214 2215 2177 2176 2215 2176 2214 2218 2179 2217 2217 2179 2178 2147 2185 2186 2186 2185 2224 2186 2224 2225 2225 2224 2263 2225 2263 2264 2264 2263 2302 2264 2302 2303 2303 2302 142 2224 2185 2223 2187 2226 2188 2188 2226 2227 2188 2227 2189 2189 2227 2228 2229 2191 2190 2155 2193 2194 2194 2193 2232 2194 2232 2233 2233 2232 2271 2233 2271 2272 2272 2271 2310 2272 2310 2311 2311 2310 142 2232 2193 2231 2195 2234 2196 2196 2234 2235 2196 2235 2197 2197 2235 2236 2237 2199 2198 2163 2201 2202 2202 2201 2240 2202 2240 2241 2241 2240 2279 2241 2279 2280 2280 2279 2318 2280 2318 2319 2319 2318 2139 2240 2201 2239 2203 2242 2204 2204 2242 2243 2204 2243 2205 2205 2243 2244 2245 2207 2206 2171 2209 2210 2210 2209 2248 2210 2248 2249 2249 2248 2287 2249 2287 2288 2288 2287 2326 2288 2326 2327 2327 2326 2139 2248 2209 2247 2211 2250 2212 2212 2250 2251 2212 2251 2213 2213 2251 2252 2253 2215 2214 2255 2216 2254 2257 2218 2256 2256 2218 2217 2224 2223 2262 2262 2223 2261 2262 2261 2300 2300 2261 2299 2300 2299 142 2226 2265 2227 2227 2265 2266 2227 2266 2228 2228 2266 2267 2232 2231 2270 2270 2231 2269 2270 2269 2308 2308 2269 2307 2308 2307 142 2234 2273 2235 2235 2273 2274 2235 2274 2236 2236 2274 2275 2240 2239 2278 2278 2239 2277 2278 2277 2316 2316 2277 2315 2242 2281 2243 2243 2281 2282 2243 2282 2244 2244 2282 2283 2248 2247 2286 2286 2247 2285 2286 2285 2324 2324 2285 2323 2324 2323 2139 2250 2289 2251 2251 2289 2290 2251 2290 2252 2252 2290 2291 2255 2254 2293 2293 2254 2292 2293 2292 2331 2331 2292 2330 2331 2330 2139 2296 2257 2295 2295 2257 2256 2224 2262 2263 2263 2262 2301 2263 2301 2302 2302 2301 142 2301 2262 2300 2305 2267 2266 2305 2266 2304 2304 2266 2265 2232 2270 2271 2271 2270 2309 2271 2309 2310 2310 2309 142 2309 2270 2308 2313 2275 2274 2313 2274 2312 2312 2274 2273 2240 2278 2279 2279 2278 2317 2279 2317 2318 2318 2317 2139 2317 2278 2316 2321 2283 2282 2321 2282 2320 2320 2282 2281 2248 2286 2287 2287 2286 2325 2287 2325 2326 2326 2325 2139 2325 2286 2324 2329 2291 2290 2329 2290 2328 2328 2290 2289 2255 2293 2294 2294 2293 2332 2294 2332 2333 2333 2332 2139 2332 2293 2331 2335 2296 2334 2334 2296 2295 142 2301 2300 142 2309 2308 2139 2317 2316 2139 2325 2324 2139 2332 2331 149 148 2336 2336 148 2145 128 149 780 780 149 2336 162 161 2337 2337 161 378 163 162 2338 2338 162 2337 164 163 2339 2339 163 2338 169 2346 170 170 2346 2347 170 2347 2348 2348 2347 2386 2348 2386 2387 2387 2386 2425 2387 2425 2426 2426 2425 2464 2426 2464 2465 2465 2464 2503 2465 2503 2504 2504 2503 164 2504 164 2505 2505 164 2506 2505 2506 2467 2467 2506 2468 2467 2468 2429 2429 2468 2430 2429 2430 2391 2391 2430 2392 2391 2392 2353 2353 2392 2354 2353 2354 170 170 2354 2355 170 2355 2356 2356 2355 2394 2356 2394 2395 2395 2394 2433 2395 2433 2434 2434 2433 2472 2434 2472 2473 2473 2472 2511 2473 2511 2512 2512 2511 164 2512 164 2513 2513 164 2514 2513 2514 2475 2475 2514 2476 2475 2476 2437 2437 2476 2438 2437 2438 2399 2399 2438 2400 2399 2400 2361 2361 2400 2362 2361 2362 170 170 2362 2363 170 2363 2364 2364 2363 2402 2364 2402 2403 2403 2402 2441 2403 2441 2442 2442 2441 2480 2442 2480 2481 2481 2480 2519 2481 2519 2520 2520 2519 2339 2520 2339 2521 2521 2339 2522 2521 2522 2483 2483 2522 2484 2483 2484 2445 2445 2484 2446 2445 2446 2407 2407 2446 2408 2407 2408 2369 2369 2408 2370 2369 2370 2345 2345 2370 2371 2345 2371 2372 2372 2371 2410 2372 2410 2411 2411 2410 2449 2411 2449 2450 2450 2449 2488 2450 2488 2489 2489 2488 2527 2489 2527 2528 2528 2527 2339 2528 2339 2529 2529 2339 2530 2529 2530 2491 2491 2530 2492 2491 2492 2453 2453 2492 2454 2453 2454 2415 2415 2454 2416 2415 2416 2377 2377 2416 2378 2377 2378 2345 2345 2378 2379 2345 2379 2380 2380 2379 2418 2380 2418 2419 2419 2418 2457 2419 2457 2458 2458 2457 2496 2458 2496 2497 2497 2496 2535 2497 2535 2340 2340 2535 2339 2339 2535 2534 2339 2534 2533 2533 2534 2495 2533 2495 2494 2494 2495 2456 2494 2456 2455 2455 2456 2417 2455 2417 2416 2416 2417 2378 2346 169 2384 2384 169 168 2384 168 2422 2422 168 167 2422 167 2460 2460 167 166 2460 166 2498 2498 166 165 2498 165 164 2339 2516 164 164 2516 2515 164 2515 2514 2514 2515 2476 2340 2341 2497 2497 2341 2459 2497 2459 2458 2458 2459 2420 2458 2420 2419 2419 2420 2381 2419 2381 2380 2380 2381 2345 2341 2342 2459 2459 2342 2421 2459 2421 2420 2420 2421 2382 2420 2382 2381 2381 2382 2345 2342 2343 2421 2421 2343 2383 2421 2383 2382 2382 2383 2345 2343 2344 2383 2383 2344 2345 170 2365 2345 2345 2365 2366 2345 2366 2367 2367 2366 2405 2367 2405 2406 2406 2405 2444 2406 2444 2445 2445 2444 2483 2347 2346 2385 2385 2346 2384 2385 2384 2423 2423 2384 2422 2423 2422 2461 2461 2422 2460 2461 2460 2499 2499 2460 2498 2499 2498 164 2348 2349 170 170 2349 2350 170 2350 2351 2351 2350 2389 2351 2389 2390 2390 2389 2428 2390 2428 2429 2429 2428 2467 2348 2387 2349 2349 2387 2388 2349 2388 2350 2350 2388 2389 2353 170 2352 2352 170 2351 2352 2351 2390 2391 2353 2352 2391 2352 2390 2355 2354 2393 2393 2354 2392 2393 2392 2431 2431 2392 2430 2431 2430 2469 2469 2430 2468 2469 2468 2507 2507 2468 2506 2507 2506 164 2356 2357 170 170 2357 2358 170 2358 2359 2359 2358 2397 2359 2397 2398 2398 2397 2436 2398 2436 2437 2437 2436 2475 2356 2395 2357 2357 2395 2396 2357 2396 2358 2358 2396 2397 2361 170 2360 2360 170 2359 2360 2359 2398 2399 2361 2360 2399 2360 2398 2365 170 2364 2363 2362 2401 2401 2362 2400 2401 2400 2439 2439 2400 2438 2439 2438 2477 2477 2438 2476 2477 2476 2515 2364 2403 2365 2365 2403 2404 2365 2404 2366 2366 2404 2405 2369 2345 2368 2368 2345 2367 2368 2367 2406 2407 2369 2368 2407 2368 2406 2371 2370 2409 2409 2370 2408 2409 2408 2447 2447 2408 2446 2447 2446 2485 2485 2446 2484 2485 2484 2523 2523 2484 2522 2523 2522 2339 2372 2373 2345 2345 2373 2374 2345 2374 2375 2375 2374 2413 2375 2413 2414 2414 2413 2452 2414 2452 2453 2453 2452 2491 2372 2411 2373 2373 2411 2412 2373 2412 2374 2374 2412 2413 2377 2345 2376 2376 2345 2375 2376 2375 2414 2415 2377 2376 2415 2376 2414 2418 2379 2417 2417 2379 2378 2347 2385 2386 2386 2385 2424 2386 2424 2425 2425 2424 2463 2425 2463 2464 2464 2463 2502 2464 2502 2503 2503 2502 164 2424 2385 2423 2387 2426 2388 2388 2426 2427 2388 2427 2389 2389 2427 2428 2429 2391 2390 2355 2393 2394 2394 2393 2432 2394 2432 2433 2433 2432 2471 2433 2471 2472 2472 2471 2510 2472 2510 2511 2511 2510 164 2432 2393 2431 2395 2434 2396 2396 2434 2435 2396 2435 2397 2397 2435 2436 2437 2399 2398 2363 2401 2402 2402 2401 2440 2402 2440 2441 2441 2440 2479 2441 2479 2480 2480 2479 2518 2480 2518 2519 2519 2518 2339 2440 2401 2439 2403 2442 2404 2404 2442 2443 2404 2443 2405 2405 2443 2444 2445 2407 2406 2371 2409 2410 2410 2409 2448 2410 2448 2449 2449 2448 2487 2449 2487 2488 2488 2487 2526 2488 2526 2527 2527 2526 2339 2448 2409 2447 2411 2450 2412 2412 2450 2451 2412 2451 2413 2413 2451 2452 2453 2415 2414 2455 2416 2454 2457 2418 2456 2456 2418 2417 2424 2423 2462 2462 2423 2461 2462 2461 2500 2500 2461 2499 2500 2499 164 2426 2465 2427 2427 2465 2466 2427 2466 2428 2428 2466 2467 2432 2431 2470 2470 2431 2469 2470 2469 2508 2508 2469 2507 2508 2507 164 2434 2473 2435 2435 2473 2474 2435 2474 2436 2436 2474 2475 2440 2439 2478 2478 2439 2477 2478 2477 2516 2516 2477 2515 2442 2481 2443 2443 2481 2482 2443 2482 2444 2444 2482 2483 2448 2447 2486 2486 2447 2485 2486 2485 2524 2524 2485 2523 2524 2523 2339 2450 2489 2451 2451 2489 2490 2451 2490 2452 2452 2490 2491 2455 2454 2493 2493 2454 2492 2493 2492 2531 2531 2492 2530 2531 2530 2339 2496 2457 2495 2495 2457 2456 2424 2462 2463 2463 2462 2501 2463 2501 2502 2502 2501 164 2501 2462 2500 2505 2467 2466 2505 2466 2504 2504 2466 2465 2432 2470 2471 2471 2470 2509 2471 2509 2510 2510 2509 164 2509 2470 2508 2513 2475 2474 2513 2474 2512 2512 2474 2473 2440 2478 2479 2479 2478 2517 2479 2517 2518 2518 2517 2339 2517 2478 2516 2521 2483 2482 2521 2482 2520 2520 2482 2481 2448 2486 2487 2487 2486 2525 2487 2525 2526 2526 2525 2339 2525 2486 2524 2529 2491 2490 2529 2490 2528 2528 2490 2489 2455 2493 2494 2494 2493 2532 2494 2532 2533 2533 2532 2339 2532 2493 2531 2535 2496 2534 2534 2496 2495 164 2501 2500 164 2509 2508 2339 2517 2516 2339 2525 2524 2339 2532 2531 171 170 2536 2536 170 2345 150 171 578 578 171 2536 191 190 2537 2537 190 1569 192 191 1655 1655 191 2537 199 198 2538 2538 198 1571 200 199 1572 1572 199 2538 0 83 1567 1567 83 2539 83 82 2539 2539 82 2540 82 81 2540 2540 81 2541 81 80 2541 2541 80 2542 80 79 2542 2542 79 2543 79 78 2543 2543 78 2544 77 2551 78 78 2551 2552 78 2552 2553 2553 2552 2587 2553 2587 2588 2588 2587 2622 2588 2622 2623 2623 2622 2657 2623 2657 2658 2658 2657 2692 2658 2692 2693 2693 2692 72 2693 72 2694 2694 72 2695 2694 2695 2660 2660 2695 2661 2660 2661 2626 2626 2661 2627 2626 2627 2592 2592 2627 2593 2592 2593 2558 2558 2593 2559 2558 2559 78 78 2559 2560 78 2560 2561 2561 2560 2595 2561 2595 2596 2596 2595 2630 2596 2630 2631 2631 2630 2665 2631 2665 2666 2666 2665 2700 2666 2700 2701 2701 2700 72 2701 72 2702 2702 72 2703 2702 2703 2668 2668 2703 2669 2668 2669 2634 2634 2669 2635 2634 2635 2600 2600 2635 2601 2600 2601 2566 2566 2601 2567 2566 2567 78 78 2567 2568 78 2568 2544 2544 2568 2569 2544 2569 2570 2570 2569 2604 2570 2604 2605 2605 2604 2639 2605 2639 2640 2640 2639 2674 2640 2674 2675 2675 2674 2709 2675 2709 2710 2710 2709 2545 2710 2545 2711 2711 2545 2712 2711 2712 2677 2677 2712 2678 2677 2678 2643 2643 2678 2644 2643 2644 2609 2609 2644 2610 2609 2610 2575 2575 2610 2576 2575 2576 2544 2544 2576 2577 2544 2577 2578 2578 2577 2612 2578 2612 2613 2613 2612 2647 2613 2647 2648 2648 2647 2682 2648 2682 2683 2683 2682 2717 2683 2717 2718 2718 2717 2545 2718 2545 2719 2719 2545 2720 2719 2720 2685 2685 2720 2686 2685 2686 2651 2651 2686 2652 2651 2652 2617 2617 2652 2618 2617 2618 2583 2583 2618 2584 2583 2584 2544 2544 2584 2550 2550 2584 2549 2549 2584 2618 2549 2618 2548 2548 2618 2652 2548 2652 2547 2547 2652 2686 2547 2686 2546 2546 2686 2720 2546 2720 2545 2551 77 2585 2585 77 76 2585 76 2619 2619 76 75 2619 75 2653 2653 75 74 2653 74 2687 2687 74 73 2687 73 72 72 2545 2703 2703 2545 2704 2703 2704 2669 2669 2704 2670 2669 2670 2635 2635 2670 2636 2635 2636 2601 2601 2636 2602 2601 2602 2567 2567 2602 2568 2552 2551 2586 2586 2551 2585 2586 2585 2620 2620 2585 2619 2620 2619 2654 2654 2619 2653 2654 2653 2688 2688 2653 2687 2688 2687 72 2553 2554 78 78 2554 2555 78 2555 2556 2556 2555 2590 2556 2590 2591 2591 2590 2625 2591 2625 2626 2626 2625 2660 2553 2588 2554 2554 2588 2589 2554 2589 2555 2555 2589 2590 2558 78 2557 2557 78 2556 2557 2556 2591 2592 2558 2557 2592 2557 2591 2560 2559 2594 2594 2559 2593 2594 2593 2628 2628 2593 2627 2628 2627 2662 2662 2627 2661 2662 2661 2696 2696 2661 2695 2696 2695 72 2561 2562 78 78 2562 2563 78 2563 2564 2564 2563 2598 2564 2598 2599 2599 2598 2633 2599 2633 2634 2634 2633 2668 2561 2596 2562 2562 2596 2597 2562 2597 2563 2563 2597 2598 2566 78 2565 2565 78 2564 2565 2564 2599 2600 2566 2565 2600 2565 2599 2569 2568 2603 2603 2568 2602 2603 2602 2637 2637 2602 2636 2637 2636 2671 2671 2636 2670 2671 2670 2705 2705 2670 2704 2705 2704 2545 2570 2571 2544 2544 2571 2572 2544 2572 2573 2573 2572 2607 2573 2607 2608 2608 2607 2642 2608 2642 2643 2643 2642 2677 2570 2605 2571 2571 2605 2606 2571 2606 2572 2572 2606 2607 2575 2544 2574 2574 2544 2573 2574 2573 2608 2609 2575 2574 2609 2574 2608 2577 2576 2611 2611 2576 2610 2611 2610 2645 2645 2610 2644 2645 2644 2679 2679 2644 2678 2679 2678 2713 2713 2678 2712 2713 2712 2545 2578 2579 2544 2544 2579 2580 2544 2580 2581 2581 2580 2615 2581 2615 2616 2616 2615 2650 2616 2650 2651 2651 2650 2685 2578 2613 2579 2579 2613 2614 2579 2614 2580 2580 2614 2615 2583 2544 2582 2582 2544 2581 2582 2581 2616 2617 2583 2582 2617 2582 2616 2552 2586 2587 2587 2586 2621 2587 2621 2622 2622 2621 2656 2622 2656 2657 2657 2656 2691 2657 2691 2692 2692 2691 72 2621 2586 2620 2588 2623 2589 2589 2623 2624 2589 2624 2590 2590 2624 2625 2626 2592 2591 2560 2594 2595 2595 2594 2629 2595 2629 2630 2630 2629 2664 2630 2664 2665 2665 2664 2699 2665 2699 2700 2700 2699 72 2629 2594 2628 2596 2631 2597 2597 2631 2632 2597 2632 2598 2598 2632 2633 2634 2600 2599 2569 2603 2604 2604 2603 2638 2604 2638 2639 2639 2638 2673 2639 2673 2674 2674 2673 2708 2674 2708 2709 2709 2708 2545 2638 2603 2637 2605 2640 2606 2606 2640 2641 2606 2641 2607 2607 2641 2642 2643 2609 2608 2577 2611 2612 2612 2611 2646 2612 2646 2647 2647 2646 2681 2647 2681 2682 2682 2681 2716 2682 2716 2717 2717 2716 2545 2646 2611 2645 2613 2648 2614 2614 2648 2649 2614 2649 2615 2615 2649 2650 2651 2617 2616 2621 2620 2655 2655 2620 2654 2655 2654 2689 2689 2654 2688 2689 2688 72 2623 2658 2624 2624 2658 2659 2624 2659 2625 2625 2659 2660 2629 2628 2663 2663 2628 2662 2663 2662 2697 2697 2662 2696 2697 2696 72 2631 2666 2632 2632 2666 2667 2632 2667 2633 2633 2667 2668 2638 2637 2672 2672 2637 2671 2672 2671 2706 2706 2671 2705 2706 2705 2545 2640 2675 2641 2641 2675 2676 2641 2676 2642 2642 2676 2677 2646 2645 2680 2680 2645 2679 2680 2679 2714 2714 2679 2713 2714 2713 2545 2648 2683 2649 2649 2683 2684 2649 2684 2650 2650 2684 2685 2621 2655 2656 2656 2655 2690 2656 2690 2691 2691 2690 72 2690 2655 2689 2694 2660 2659 2694 2659 2693 2693 2659 2658 2629 2663 2664 2664 2663 2698 2664 2698 2699 2699 2698 72 2698 2663 2697 2702 2668 2667 2702 2667 2701 2701 2667 2666 2638 2672 2673 2673 2672 2707 2673 2707 2708 2708 2707 2545 2707 2672 2706 2711 2677 2676 2711 2676 2710 2710 2676 2675 2646 2680 2681 2681 2680 2715 2681 2715 2716 2716 2715 2545 2715 2680 2714 2719 2685 2684 2719 2684 2718 2718 2684 2683 72 2690 2689 72 2698 2697 2545 2707 2706 2545 2715 2714 72 71 2545 2545 71 2721 71 70 2721 2721 70 2722 70 69 2722 2722 69 2723 69 68 2723 2723 68 2724 68 67 2724 2724 67 2725 67 66 2725 2725 66 2726 66 65 2726 2726 65 2727 65 64 2727 2727 64 2728 64 63 2728 2728 63 2729 63 62 2729 2729 62 2730 62 61 2730 2730 61 2731 61 60 2731 2731 60 2732 60 59 2732 2732 59 2733 59 58 2733 2733 58 2734 58 57 2734 2734 57 2735 56 2742 57 57 2742 2743 57 2743 2744 2744 2743 2778 2744 2778 2779 2779 2778 2813 2779 2813 2814 2814 2813 2848 2814 2848 2849 2849 2848 2883 2849 2883 2884 2884 2883 51 2884 51 2885 2885 51 2886 2885 2886 2851 2851 2886 2852 2851 2852 2817 2817 2852 2818 2817 2818 2783 2783 2818 2784 2783 2784 2749 2749 2784 2750 2749 2750 57 57 2750 2751 57 2751 2752 2752 2751 2786 2752 2786 2787 2787 2786 2821 2787 2821 2822 2822 2821 2856 2822 2856 2857 2857 2856 2891 2857 2891 2892 2892 2891 51 2892 51 2893 2893 51 2894 2893 2894 2859 2859 2894 2860 2859 2860 2825 2825 2860 2826 2825 2826 2791 2791 2826 2792 2791 2792 2757 2757 2792 2758 2757 2758 57 57 2758 2759 57 2759 2735 2735 2759 2760 2735 2760 2761 2761 2760 2795 2761 2795 2796 2796 2795 2830 2796 2830 2831 2831 2830 2865 2831 2865 2866 2866 2865 2900 2866 2900 2901 2901 2900 2736 2901 2736 2902 2902 2736 2903 2902 2903 2868 2868 2903 2869 2868 2869 2834 2834 2869 2835 2834 2835 2800 2800 2835 2801 2800 2801 2766 2766 2801 2767 2766 2767 2735 2735 2767 2768 2735 2768 2769 2769 2768 2803 2769 2803 2804 2804 2803 2838 2804 2838 2839 2839 2838 2873 2839 2873 2874 2874 2873 2908 2874 2908 2909 2909 2908 2736 2909 2736 2910 2910 2736 2911 2910 2911 2876 2876 2911 2877 2876 2877 2842 2842 2877 2843 2842 2843 2808 2808 2843 2809 2808 2809 2774 2774 2809 2775 2774 2775 2735 2735 2775 2741 2741 2775 2740 2740 2775 2809 2740 2809 2739 2739 2809 2843 2739 2843 2738 2738 2843 2877 2738 2877 2737 2737 2877 2911 2737 2911 2736 2742 56 2776 2776 56 55 2776 55 2810 2810 55 54 2810 54 2844 2844 54 53 2844 53 2878 2878 53 52 2878 52 51 51 2736 2894 2894 2736 2895 2894 2895 2860 2860 2895 2861 2860 2861 2826 2826 2861 2827 2826 2827 2792 2792 2827 2793 2792 2793 2758 2758 2793 2759 2743 2742 2777 2777 2742 2776 2777 2776 2811 2811 2776 2810 2811 2810 2845 2845 2810 2844 2845 2844 2879 2879 2844 2878 2879 2878 51 2744 2745 57 57 2745 2746 57 2746 2747 2747 2746 2781 2747 2781 2782 2782 2781 2816 2782 2816 2817 2817 2816 2851 2744 2779 2745 2745 2779 2780 2745 2780 2746 2746 2780 2781 2749 57 2748 2748 57 2747 2748 2747 2782 2783 2749 2748 2783 2748 2782 2751 2750 2785 2785 2750 2784 2785 2784 2819 2819 2784 2818 2819 2818 2853 2853 2818 2852 2853 2852 2887 2887 2852 2886 2887 2886 51 2752 2753 57 57 2753 2754 57 2754 2755 2755 2754 2789 2755 2789 2790 2790 2789 2824 2790 2824 2825 2825 2824 2859 2752 2787 2753 2753 2787 2788 2753 2788 2754 2754 2788 2789 2757 57 2756 2756 57 2755 2756 2755 2790 2791 2757 2756 2791 2756 2790 2760 2759 2794 2794 2759 2793 2794 2793 2828 2828 2793 2827 2828 2827 2862 2862 2827 2861 2862 2861 2896 2896 2861 2895 2896 2895 2736 2761 2762 2735 2735 2762 2763 2735 2763 2764 2764 2763 2798 2764 2798 2799 2799 2798 2833 2799 2833 2834 2834 2833 2868 2761 2796 2762 2762 2796 2797 2762 2797 2763 2763 2797 2798 2766 2735 2765 2765 2735 2764 2765 2764 2799 2800 2766 2765 2800 2765 2799 2768 2767 2802 2802 2767 2801 2802 2801 2836 2836 2801 2835 2836 2835 2870 2870 2835 2869 2870 2869 2904 2904 2869 2903 2904 2903 2736 2769 2770 2735 2735 2770 2771 2735 2771 2772 2772 2771 2806 2772 2806 2807 2807 2806 2841 2807 2841 2842 2842 2841 2876 2769 2804 2770 2770 2804 2805 2770 2805 2771 2771 2805 2806 2774 2735 2773 2773 2735 2772 2773 2772 2807 2808 2774 2773 2808 2773 2807 2743 2777 2778 2778 2777 2812 2778 2812 2813 2813 2812 2847 2813 2847 2848 2848 2847 2882 2848 2882 2883 2883 2882 51 2812 2777 2811 2779 2814 2780 2780 2814 2815 2780 2815 2781 2781 2815 2816 2817 2783 2782 2751 2785 2786 2786 2785 2820 2786 2820 2821 2821 2820 2855 2821 2855 2856 2856 2855 2890 2856 2890 2891 2891 2890 51 2820 2785 2819 2787 2822 2788 2788 2822 2823 2788 2823 2789 2789 2823 2824 2825 2791 2790 2760 2794 2795 2795 2794 2829 2795 2829 2830 2830 2829 2864 2830 2864 2865 2865 2864 2899 2865 2899 2900 2900 2899 2736 2829 2794 2828 2796 2831 2797 2797 2831 2832 2797 2832 2798 2798 2832 2833 2834 2800 2799 2768 2802 2803 2803 2802 2837 2803 2837 2838 2838 2837 2872 2838 2872 2873 2873 2872 2907 2873 2907 2908 2908 2907 2736 2837 2802 2836 2804 2839 2805 2805 2839 2840 2805 2840 2806 2806 2840 2841 2842 2808 2807 2812 2811 2846 2846 2811 2845 2846 2845 2880 2880 2845 2879 2880 2879 51 2814 2849 2815 2815 2849 2850 2815 2850 2816 2816 2850 2851 2820 2819 2854 2854 2819 2853 2854 2853 2888 2888 2853 2887 2888 2887 51 2822 2857 2823 2823 2857 2858 2823 2858 2824 2824 2858 2859 2829 2828 2863 2863 2828 2862 2863 2862 2897 2897 2862 2896 2897 2896 2736 2831 2866 2832 2832 2866 2867 2832 2867 2833 2833 2867 2868 2837 2836 2871 2871 2836 2870 2871 2870 2905 2905 2870 2904 2905 2904 2736 2839 2874 2840 2840 2874 2875 2840 2875 2841 2841 2875 2876 2812 2846 2847 2847 2846 2881 2847 2881 2882 2882 2881 51 2881 2846 2880 2885 2851 2850 2885 2850 2884 2884 2850 2849 2820 2854 2855 2855 2854 2889 2855 2889 2890 2890 2889 51 2889 2854 2888 2893 2859 2858 2893 2858 2892 2892 2858 2857 2829 2863 2864 2864 2863 2898 2864 2898 2899 2899 2898 2736 2898 2863 2897 2902 2868 2867 2902 2867 2901 2901 2867 2866 2837 2871 2872 2872 2871 2906 2872 2906 2907 2907 2906 2736 2906 2871 2905 2910 2876 2875 2910 2875 2909 2909 2875 2874 51 2881 2880 51 2889 2888 2736 2898 2897 2736 2906 2905 51 50 2736 2736 50 2912 50 49 2912 2912 49 2913 49 48 2913 2913 48 2914 48 47 2914 2914 47 2915 47 46 2915 2915 46 2916 46 45 2916 2916 45 2917 45 44 2917 2917 44 2918 44 43 2918 2918 43 2919 43 42 2919 2919 42 1186 1566 1657 1565 1565 1657 2537 1565 2537 1569 1567 2727 1566 1566 2727 1571 1566 1571 1570 2539 1743 1567 1567 1743 1742 1567 1742 2726 2726 1742 1741 2726 1741 2725 2725 1741 1740 2725 1740 1739 2540 1184 2539 2539 1184 1936 2539 1936 1745 2541 2542 2540 2540 2542 1184 1184 2542 1183 1183 2542 2543 1183 2543 1182 1182 2543 2544 1182 2544 987 987 2544 988 988 2544 2550 988 2550 989 989 2550 2549 989 2549 2548 2548 2547 989 989 2547 2546 989 2546 990 990 2546 2545 990 2545 991 991 2545 983 991 983 985 2545 2721 983 983 2721 984 984 2721 2722 984 2722 1737 1737 2722 2724 1737 2724 2725 2722 2723 2724 2726 2727 1567 2728 1574 2727 2727 1574 2538 2727 2538 1571 2729 2917 2728 2728 2917 2918 2728 2918 374 374 2918 373 373 2918 293 373 293 292 2730 2343 2729 2729 2343 2342 2729 2342 2917 2917 2342 2341 2917 2341 2916 2916 2341 2340 2916 2340 2339 2731 578 2730 2730 578 2536 2730 2536 2345 2732 2733 2731 2731 2733 578 578 2733 577 577 2733 2734 577 2734 576 576 2734 2735 576 2735 381 381 2735 382 382 2735 2741 382 2741 383 383 2741 2740 383 2740 2739 2739 2738 383 383 2738 2737 383 2737 384 384 2737 2736 384 2736 385 385 2736 377 385 377 379 2736 2912 377 377 2912 378 378 2912 2913 378 2913 2337 2337 2913 2915 2337 2915 2916 2913 2914 2915 2918 2919 293 293 2919 289 293 289 294 294 289 290 1186 1374 2919 2919 1374 288 2919 288 289 1185 2143 1186 1186 2143 2142 1186 2142 1373 1373 2142 2141 1373 2141 1372 1372 2141 2140 1372 2140 2139 1187 780 1185 1185 780 2336 1185 2336 2145 1188 1189 1187 1187 1189 780 780 1189 779 779 1189 1190 779 1190 778 778 1190 1191 778 1191 583 583 1191 584 584 1191 1197 584 1197 585 585 1197 1196 585 1196 1195 1195 1194 585 585 1194 1193 585 1193 586 586 1193 1192 586 1192 587 587 1192 579 587 579 581 1192 1368 579 579 1368 580 580 1368 1369 580 1369 2137 2137 1369 1371 2137 1371 1372 1369 1370 1371 1373 1374 1186 1375 206 1374 1374 206 287 1374 287 288 1376 1564 1375 1375 1564 1565 1375 1565 1569 1377 1943 1376 1376 1943 1942 1376 1942 1564 1564 1942 1941 1564 1941 1563 1563 1941 1940 1563 1940 1939 1378 982 1377 1377 982 2136 1377 2136 1945 1379 1380 1378 1378 1380 982 982 1380 981 981 1380 1381 981 1381 980 980 1381 1382 980 1382 785 785 1382 786 786 1382 1388 786 1388 787 787 1388 1387 787 1387 1386 1386 1385 787 787 1385 1384 787 1384 788 788 1384 1383 788 1383 789 789 1383 781 789 781 783 1383 1559 781 781 1559 782 782 1559 1560 782 1560 1937 1937 1560 1562 1937 1562 1563 1560 1561 1562 1745 1744 2539 2539 1744 1743 1739 1738 2725 2725 1738 1737 987 986 1182 1945 1944 1377 1377 1944 1943 1939 1938 1563 1563 1938 1937 785 784 980 2145 2144 1185 1185 2144 2143 2139 2138 1372 1372 2138 2137 583 582 778 2345 2344 2730 2730 2344 2343 2339 2338 2916 2916 2338 2337 381 380 576 376 1575 375 375 1575 1574 375 1574 2728 1574 1573 2538 2538 1573 1572 1654 1658 1570 1570 1658 1657 1570 1657 1566 1657 1656 2537 2537 1656 1655 1569 1568 1375 1375 1568 206 208 207 1568 1568 207 206 206 205 287 287 205 204 292 291 373 374 375 2728</p>
        </triangles>
      </mesh>
    </geometry>
    <geometry id="geometry_7350c77c_04e9_40cd_93f3_90ed7c0b3740">
      <mesh>
        <source id="pos_10">
          <float_array id="pos_10-array" count="603">-440 -33.3 2.227154 -440 -33.385186 2.874201 -440 -33.634936 3.477154 -440 -34.032236 3.994921 -440 -34.55 4.392217 -440 -35.152956 4.641968 -440 -35.8 4.727154 -440 -36.447048 4.641968 -440 -37.05 4.392217 -440 -37.567768 3.994921 -440 -37.965064 3.477154 -440 -38.214812 2.874201 -440 -38.3 2.227154 -440 -38.214812 1.580106 -440 -37.965064 0.977154 -440 -37.567768 0.459387 -440 -37.05 0.06209 -440 -36.447048 -0.18766 -440 -35.8 -0.272845 -440 -35.152956 -0.18766 -440 -34.55 0.06209 -440 -34.032236 0.459387 -440 -33.634936 0.977154 -440 -33.385186 1.580106 -460 -33.3 2.227154 -460 -33.385186 1.580106 -460 -33.634936 0.977154 -460 -34.032236 0.459387 -460 -34.55 0.06209 -460 -35.152956 -0.18766 -460 -35.8 -0.272845 -460 -36.447048 -0.18766 -460 -37.05 0.06209 -460 -37.567768 0.459387 -460 -37.965064 0.977154 -460 -38.214812 1.580106 -460 -38.3 2.227154 -460 -38.214812 2.874201 -460 -37.965064 3.477154 -460 -37.567768 3.994921 -460 -37.05 4.392217 -460 -36.447048 4.641968 -460 -35.8 4.727154 -460 -35.152956 4.641968 -460 -34.55 4.392217 -460 -34.032236 3.994921 -460 -33.634936 3.477154 -460 -33.385186 2.874201 -450 -33.3 2.227154 -450 -33.385186 2.874201 -450 -33.634936 3.477154 -450 -34.032236 3.994921 -450 -34.55 4.392217 -450 -35.152956 4.641968 -450 -35.8 4.727154 -450 -36.447048 4.641968 -450 -37.05 4.392217 -450 -37.567768 3.994921 -450 -37.965064 3.477154 -450 -38.214812 2.874201 -450 -38.3 2.227154 -450 -38.214812 1.580106 -450 -37.965064 0.977154 -450 -37.567768 0.459387 -450 -37.05 0.06209 -450 -36.447048 -0.18766 -450 -35.8 -0.272845 -450 -35.152956 -0.18766 -450 -34.55 0.06209 -450 -34.032236 0.459387 -450 -33.634936 0.977154 -450 -33.385186 1.580106 -440 -38.3 -5.272845 -440 -38.947048 -5.18766 -440 -39.55 -4.937909 -440 -40.067768 -4.540612 -440 -40.465064 -4.022845 -440 -40.714812 -3.419893 -440 -40.8 -2.772845 -460 -40.8 -2.772845 -460 -40.714812 -3.419893 -460 -40.465064 -4.022845 -460 -40.067768 -4.540612 -460 -39.55 -4.937909 -460 -38.947048 -5.18766 -460 -38.3 -5.272845 -450 -38.947048 -5.18766 -450 -39.55 -4.937909 -450 -40.067768 -4.540612 -450 -40.465064 -4.022845 -450 -40.714812 -3.419893 -440 -40.8 38.964152 -460 -40.8 38.964152 -440 -33.3 -5.272845 -440 -32.652954 -5.18766 -440 -32.05 -4.937909 -440 -31.532232 -4.540612 -440 -31.134938 -4.022845 -440 -30.885186 -3.419893 -440 -30.8 -2.772845 -440 -30.8 35.964152 -440 -9.325951 35.964152 -440 -9.325951 39.964152 -440 -14.325902 39.964152 -440 -14.325902 41.5 -440 -25.8 41.5 -440 -25.8 39.964152 -440 -39.8 39.964152 -440 -40.05882 39.93008 -440 -40.3 39.83018 -440 -40.507108 39.67126 -440 -40.666028 39.464152 -440 -40.765928 39.222972 -460 -33.3 -5.272845 -460 -32.652954 -5.18766 -460 -32.05 -4.937909 -460 -31.532232 -4.540612 -460 -31.134938 -4.022845 -460 -30.885186 -3.419893 -460 -30.8 -2.772845 -450 -32.652954 -5.18766 -450 -32.05 -4.937909 -450 -31.532232 -4.540612 -450 -31.134938 -4.022845 -450 -30.885186 -3.419893 -460 -30.8 35.964152 -460 -40.765928 39.222972 -460 -40.666028 39.464152 -460 -40.507108 39.67126 -460 -40.3 39.83018 -460 -40.05882 39.93008 -460 -39.8 39.964152 -460 -25.8 39.964152 -460 -25.8 41.5 -460 -14.325902 41.5 -460 -14.325902 39.964152 -460 -9.325951 39.964152 -460 -9.325951 35.964152 -445 -40.765928 39.222972 -450 -40.765928 39.222972 -455 -40.765928 39.222972 -445 -40.666028 39.464152 -450 -40.666028 39.464152 -455 -40.666028 39.464152 -445 -40.507108 39.67126 -450 -40.507108 39.67126 -455 -40.507108 39.67126 -445 -40.3 39.83018 -450 -40.3 39.83018 -455 -40.3 39.83018 -445 -40.05882 39.93008 -450 -40.05882 39.93008 -455 -40.05882 39.93008 -450 -22.562974 35.964152 -449.35296 -22.47779 35.964152 -448.750016 -22.228038 35.964152 -448.232224 -21.830742 35.964152 -447.834944 -21.312974 35.964152 -447.585184 -20.710024 35.964152 -447.5 -20.062974 35.964152 -447.585184 -19.415928 35.964152 -447.834944 -18.812974 35.964152 -448.232224 -18.295208 35.964152 -448.750016 -17.897912 35.964152 -449.35296 -17.64816 35.964152 -450 -17.562974 35.964152 -450.64704 -17.64816 35.964152 -451.249984 -17.897912 35.964152 -451.767776 -18.295208 35.964152 -452.165056 -18.812974 35.964152 -452.414816 -19.415928 35.964152 -452.5 -20.062974 35.964152 -452.414816 -20.710024 35.964152 -452.165056 -21.312974 35.964152 -451.767776 -21.830742 35.964152 -451.249984 -22.228038 35.964152 -450.64704 -22.47779 35.964152 -450 -22.562974 41.5 -450.64704 -22.47779 41.5 -451.249984 -22.228038 41.5 -451.767776 -21.830742 41.5 -452.165056 -21.312974 41.5 -452.414816 -20.710024 41.5 -452.5 -20.062974 41.5 -452.414816 -19.415928 41.5 -452.165056 -18.812974 41.5 -451.767776 -18.295208 41.5 -451.249984 -17.897912 41.5 -450.64704 -17.64816 41.5 -450 -17.562974 41.5 -449.35296 -17.64816 41.5 -448.750016 -17.897912 41.5 -448.232224 -18.295208 41.5 -447.834944 -18.812974 41.5 -447.585184 -19.415928 41.5 -447.5 -20.062974 41.5 -447.585184 -20.710024 41.5 -447.834944 -21.312974 41.5 -448.232224 -21.830742 41.5 -448.750016 -22.228038 41.5 -449.35296 -22.47779 41.5</float_array>
          <technique_common>
            <accessor source="#pos_10-array" count="603" stride="3">
              <param name="X" type="float"/>
              <param name="Y" type="float"/>
              <param name="Z" type="float"/>
            </accessor>
          </technique_common>
        </source>
        <vertices id="vert_10">
          <input semantic="POSITION" source="#pos_10"/>
        </vertices>
        <triangles count="406" material="mat_16">
          <input semantic="VERTEX" source="#vert_10" offset="0"/>
          <p>1 49 0 0 49 48 0 48 23 23 48 71 23 71 22 22 71 70 22 70 21 21 70 69 21 69 20 20 69 68 20 68 19 19 68 67 19 67 18 18 67 66 18 66 17 17 66 65 17 65 16 16 65 64 16 64 15 15 64 63 15 63 14 14 63 62 14 62 13 13 62 61 13 61 12 12 61 60 12 60 11 11 60 59 11 59 10 10 59 58 10 58 9 9 58 57 9 57 8 8 57 56 8 56 7 7 56 55 7 55 6 6 55 54 6 54 5 5 54 53 5 53 4 4 53 52 4 52 3 3 52 51 3 51 2 2 51 50 2 50 1 1 50 49 25 71 24 24 71 48 24 48 47 47 48 49 47 49 46 46 49 50 46 50 45 45 50 51 45 51 44 44 51 52 44 52 43 43 52 53 43 53 42 42 53 54 42 54 41 41 54 55 41 55 40 40 55 56 40 56 39 39 56 57 39 57 38 38 57 58 38 58 37 37 58 59 37 59 36 36 59 60 36 60 35 35 60 61 35 61 34 34 61 62 34 62 33 33 62 63 33 63 32 32 63 64 32 64 31 31 64 65 31 65 30 30 65 66 30 66 29 29 66 67 29 67 28 28 67 68 28 68 27 27 68 69 27 69 26 26 69 70 26 70 25 25 70 71 85 72 86 86 72 73 86 73 87 87 73 74 87 74 88 88 74 75 88 75 89 89 75 76 89 76 90 90 76 77 90 77 78 78 79 90 90 79 80 90 80 89 89 80 81 89 81 88 88 81 82 88 82 87 87 82 83 87 83 86 86 83 84 86 84 85 78 91 79 79 91 92 1 0 99 99 0 23 99 23 22 22 21 99 99 21 95 99 95 96 20 93 21 21 93 94 21 94 95 20 19 93 93 19 18 93 18 72 72 18 17 72 17 16 16 15 72 72 15 73 73 15 74 74 15 78 74 78 75 75 78 76 76 78 77 15 14 78 78 14 13 78 13 12 12 11 78 78 11 91 91 11 10 91 10 9 9 8 91 91 8 7 91 7 100 100 7 6 100 6 5 5 4 100 100 4 3 100 3 2 2 1 100 100 1 99 96 97 99 99 97 98 101 106 100 100 106 107 100 107 91 91 107 108 91 108 109 102 103 101 101 103 106 103 104 106 106 104 105 109 110 91 91 110 111 91 111 112 93 113 120 120 113 114 120 114 121 121 114 115 121 115 122 122 115 116 122 116 123 123 116 117 123 117 124 124 117 118 124 118 119 119 99 124 124 99 98 124 98 123 123 98 97 123 97 122 122 97 96 122 96 121 121 96 95 121 95 120 120 95 94 120 94 93 99 119 100 100 119 125 85 113 72 72 113 93 25 24 119 119 24 47 119 47 125 125 47 46 125 46 45 45 44 125 125 44 43 125 43 42 42 41 125 125 41 92 125 92 131 131 92 130 130 92 129 129 92 128 128 92 127 127 92 126 41 40 92 92 40 39 92 39 38 38 37 92 92 37 79 79 37 36 79 36 35 35 34 79 79 34 33 79 33 83 83 33 84 84 33 85 85 33 32 85 32 31 31 30 85 85 30 113 113 30 29 113 29 28 28 27 113 113 27 114 114 27 115 115 27 119 115 119 116 116 119 117 117 119 118 27 26 119 119 26 25 83 82 79 79 82 81 79 81 80 131 132 125 125 132 137 137 132 135 137 135 136 132 133 135 135 133 134 137 136 101 101 136 102 136 135 102 102 135 103 112 138 91 91 138 139 91 139 92 92 139 140 92 140 126 126 140 127 127 140 143 127 143 128 128 143 146 128 146 129 129 146 149 129 149 130 130 149 152 130 152 131 131 152 151 131 151 107 107 151 150 107 150 108 108 150 109 109 150 147 109 147 110 110 147 144 110 144 111 111 144 141 111 141 112 112 141 138 143 140 139 139 138 142 142 138 141 142 141 145 145 141 144 145 144 148 148 144 147 148 147 151 151 147 150 146 143 142 142 143 139 146 142 145 149 146 145 149 145 148 152 149 148 152 148 151 107 106 131 131 106 132 101 165 137 137 165 166 137 166 167 100 159 101 101 159 160 101 160 161 125 153 100 100 153 154 100 154 155 137 171 125 125 171 172 125 172 173 155 156 100 100 156 157 100 157 158 158 159 100 161 162 101 101 162 163 101 163 164 164 165 101 167 168 137 137 168 169 137 169 170 170 171 137 173 174 125 125 174 175 125 175 176 176 153 125 106 105 132 132 105 133 178 133 177 177 133 105 177 105 200 200 105 199 199 105 198 198 105 197 197 105 196 196 105 195 195 105 104 195 104 194 194 104 193 193 104 192 192 104 191 191 104 190 190 104 189 189 104 134 189 134 188 188 134 187 187 134 186 186 134 185 185 134 184 184 134 183 183 134 133 183 133 182 182 133 181 181 133 180 180 133 179 179 133 178 104 103 134 134 103 135 176 178 153 153 178 177 153 177 154 154 177 200 154 200 155 155 200 199 155 199 156 156 199 198 156 198 157 157 198 197 157 197 158 158 197 196 158 196 159 159 196 195 159 195 160 160 195 194 160 194 161 161 194 193 161 193 162 162 193 192 162 192 163 163 192 191 163 191 164 164 191 190 164 190 165 165 190 189 165 189 166 166 189 188 166 188 167 167 188 187 167 187 168 168 187 186 168 186 169 169 186 185 169 185 170 170 185 184 170 184 171 171 184 183 171 183 172 172 183 182 172 182 173 173 182 181 173 181 174 174 181 180 174 180 175 175 180 179 175 179 176 176 179 178</p>
        </triangles>
      </mesh>
    </geometry>
    <geometry id="geometry_2367625b_95ce_43e5_b0d9_4ef13d126876">
      <mesh>
        <source id="pos_11">
          <float_array id="pos_11-array" count="1002">-340.138432 3.099998 63.902584 -340.138432 3.099998 56.228484 -335.838432 3.099998 56.228484 -335.838432 3.099998 63.902584 -340.138432 -0.100001 56.228484 -335.838432 -0.100001 56.228484 -340.138432 -0.100001 63.902584 -335.838432 -0.100001 63.902584 -340.138432 0.999998 39.328484 -340.138432 0.741179 39.36256 -340.138432 0.499998 39.46246 -340.138432 0.292891 39.621376 -340.138432 0.133973 39.828484 -340.138432 0.034072 40.069664 -340.138432 -1E-06 40.328484 -340.138432 -1E-06 54.328484 -340.138432 -1.535847 54.328484 -340.138432 -1.535847 65.80258 -340.138432 -1E-06 65.80258 -340.138432 -1E-06 79.802536 -340.138432 0.034072 80.061352 -340.138432 0.133973 80.302536 -340.138432 0.292891 80.50964 -340.138432 0.499998 80.66856 -340.138432 0.741179 80.768456 -340.138432 0.999998 80.802536 -340.138432 16.999998 80.802536 -340.138432 16.999998 70.802536 -340.138432 8.999999 70.802536 -340.138432 8.999999 49.328484 -340.138432 16.999998 49.328484 -340.138432 16.999998 39.328484 -320.138432 3.099998 56.228484 -320.138432 3.099998 63.902584 -324.438432 3.099998 63.902584 -324.438432 3.099998 56.228484 -320.138432 -0.100001 63.902584 -324.438432 -0.100001 63.902584 -320.138432 -0.100001 56.228484 -324.438432 -0.100001 56.228484 -320.138432 -1E-06 40.328484 -320.138432 0.034072 40.069664 -320.138432 0.133973 39.828484 -320.138432 0.292891 39.621376 -320.138432 0.499998 39.46246 -320.138432 0.741179 39.36256 -320.138432 0.999998 39.328484 -320.138432 16.999998 39.328484 -320.138432 16.999998 49.328484 -320.138432 8.999999 49.328484 -320.138432 8.999999 70.802536 -320.138432 16.999998 70.802536 -320.138432 16.999998 80.802536 -320.138432 0.999998 80.802536 -320.138432 0.741179 80.768456 -320.138432 0.499998 80.66856 -320.138432 0.292891 80.50964 -320.138432 0.133973 80.302536 -320.138432 0.034072 80.061352 -320.138432 -1E-06 79.802536 -320.138432 -1E-06 65.80258 -320.138432 -1.535847 65.80258 -320.138432 -1.535847 54.328484 -320.138432 -1E-06 54.328484 -325.138432 0.741179 39.36256 -330.138432 0.741179 39.36256 -335.138432 0.741179 39.36256 -325.138432 0.499998 39.46246 -330.138432 0.499998 39.46246 -335.138432 0.499998 39.46246 -325.138432 0.292891 39.621376 -330.138432 0.292891 39.621376 -335.138432 0.292891 39.621376 -325.138432 0.133973 39.828484 -330.138432 0.133973 39.828484 -335.138432 0.133973 39.828484 -325.138432 0.034072 40.069664 -330.138432 0.034072 40.069664 -335.138432 0.034072 40.069664 -325.138432 0.034072 80.061352 -330.138432 0.034072 80.061352 -335.138432 0.034072 80.061352 -325.138432 0.133973 80.302536 -330.138432 0.133973 80.302536 -335.138432 0.133973 80.302536 -325.138432 0.292891 80.50964 -330.138432 0.292891 80.50964 -335.138432 0.292891 80.50964 -325.138432 0.499998 80.66856 -330.138432 0.499998 80.66856 -335.138432 0.499998 80.66856 -325.138432 0.741179 80.768456 -330.138432 0.741179 80.768456 -335.138432 0.741179 80.768456 -330.125888 -1E-06 73.077552 -330.831168 -1E-06 73.1704 -331.488416 -1E-06 73.442624 -332.052768 -1E-06 73.875688 -332.485824 -1E-06 74.440048 -332.758048 -1E-06 75.097264 -332.85088 -1E-06 75.802552 -332.758048 -1E-06 76.507824 -332.485824 -1E-06 77.165048 -332.052768 -1E-06 77.729416 -331.488416 -1E-06 78.162464 -330.831168 -1E-06 78.434704 -330.125888 -1E-06 78.527552 -329.420608 -1E-06 78.434704 -328.763392 -1E-06 78.162464 -328.19904 -1E-06 77.729416 -327.765984 -1E-06 77.165048 -327.493728 -1E-06 76.507824 -327.400896 -1E-06 75.802552 -327.493728 -1E-06 75.097264 -327.765984 -1E-06 74.440048 -328.19904 -1E-06 73.875688 -328.763392 -1E-06 73.442624 -329.420608 -1E-06 73.1704 -330.138432 -1E-06 41.603484 -329.43312 -1E-06 41.696336 -328.775936 -1E-06 41.968568 -328.211584 -1E-06 42.40162 -327.778496 -1E-06 42.965984 -327.506272 -1E-06 43.623204 -327.413408 -1E-06 44.328484 -327.506272 -1E-06 45.033768 -327.778496 -1E-06 45.690984 -328.211584 -1E-06 46.255352 -328.775936 -1E-06 46.688404 -329.43312 -1E-06 46.960632 -330.138432 -1E-06 47.053484 -330.843712 -1E-06 46.960632 -331.50096 -1E-06 46.688404 -332.065312 -1E-06 46.255352 -332.498368 -1E-06 45.690984 -332.77056 -1E-06 45.033768 -332.863424 -1E-06 44.328484 -332.77056 -1E-06 43.623204 -332.498368 -1E-06 42.965984 -332.065312 -1E-06 42.40162 -331.50096 -1E-06 41.968568 -330.843712 -1E-06 41.696336 -330.138432 16.999998 41.603484 -330.843712 16.999998 41.696336 -331.50096 16.999998 41.968568 -332.065312 16.999998 42.40162 -332.498368 16.999998 42.965984 -332.77056 16.999998 43.623204 -332.863424 16.999998 44.328484 -332.77056 16.999998 45.033768 -332.498368 16.999998 45.690984 -332.065312 16.999998 46.255352 -331.50096 16.999998 46.688404 -330.843712 16.999998 46.960632 -330.138432 16.999998 47.053484 -329.43312 16.999998 46.960632 -328.775936 16.999998 46.688404 -328.211584 16.999998 46.255352 -327.778496 16.999998 45.690984 -327.506272 16.999998 45.033768 -327.413408 16.999998 44.328484 -327.506272 16.999998 43.623204 -327.778496 16.999998 42.965984 -328.211584 16.999998 42.40162 -328.775936 16.999998 41.968568 -329.43312 16.999998 41.696336 -330.138432 8.499999 41.603484 -329.43312 8.499999 41.696336 -328.775936 8.499999 41.968568 -328.211584 8.499999 42.40162 -327.778496 8.499999 42.965984 -327.506272 8.499999 43.623204 -327.413408 8.499999 44.328484 -327.506272 8.499999 45.033768 -327.778496 8.499999 45.690984 -328.211584 8.499999 46.255352 -328.775936 8.499999 46.688404 -329.43312 8.499999 46.960632 -330.138432 8.499999 47.053484 -330.843712 8.499999 46.960632 -331.50096 8.499999 46.688404 -332.065312 8.499999 46.255352 -332.498368 8.499999 45.690984 -332.77056 8.499999 45.033768 -332.863424 8.499999 44.328484 -332.77056 8.499999 43.623204 -332.498368 8.499999 42.965984 -332.065312 8.499999 42.40162 -331.50096 8.499999 41.968568 -330.843712 8.499999 41.696336 -330.125888 16.999998 73.077552 -329.420608 16.999998 73.1704 -328.763392 16.999998 73.442624 -328.19904 16.999998 73.875688 -327.765984 16.999998 74.440048 -327.493728 16.999998 75.097264 -327.400896 16.999998 75.802552 -327.493728 16.999998 76.507824 -327.765984 16.999998 77.165048 -328.19904 16.999998 77.729416 -328.763392 16.999998 78.162464 -329.420608 16.999998 78.434704 -330.125888 16.999998 78.527552 -330.831168 16.999998 78.434704 -331.488416 16.999998 78.162464 -332.052768 16.999998 77.729416 -332.485824 16.999998 77.165048 -332.758048 16.999998 76.507824 -332.85088 16.999998 75.802552 -332.758048 16.999998 75.097264 -332.485824 16.999998 74.440048 -332.052768 16.999998 73.875688 -331.488416 16.999998 73.442624 -330.831168 16.999998 73.1704 -330.138432 8.999999 66.065504 -331.69136 8.999999 65.86106 -333.138432 8.999999 65.261656 -334.381088 8.999999 64.308152 -335.334592 8.999999 63.065508 -335.933984 8.999999 61.618424 -336.138432 8.999999 60.065508 -335.933984 8.999999 58.512596 -335.334592 8.999999 57.065508 -334.381088 8.999999 55.822868 -333.138432 8.999999 54.86936 -331.69136 8.999999 54.269956 -330.138432 8.999999 54.065508 -328.585504 8.999999 54.269956 -327.138432 8.999999 54.86936 -325.895776 8.999999 55.822868 -324.942304 8.999999 57.065508 -324.34288 8.999999 58.512596 -324.138432 8.999999 60.065508 -324.34288 8.999999 61.618424 -324.942304 8.999999 63.065508 -325.895776 8.999999 64.308152 -327.138432 8.999999 65.261656 -328.585504 8.999999 65.86106 -330.138432 3.999998 57.565508 -329.491392 3.999998 57.650696 -328.888416 3.999998 57.900444 -328.370656 3.999998 58.29774 -327.973344 3.999998 58.815508 -327.723616 3.999998 59.41846 -327.638432 3.999998 60.065508 -327.723616 3.999998 60.712556 -327.973344 3.999998 61.315508 -328.370656 3.999998 61.833276 -328.888416 3.999998 62.230572 -329.491392 3.999998 62.480324 -330.138432 3.999998 62.565508 -330.785504 3.999998 62.480324 -331.388416 3.999998 62.230572 -331.906176 3.999998 61.833276 -332.303488 3.999998 61.315508 -332.553248 3.999998 60.712556 -332.638432 3.999998 60.065508 -332.553248 3.999998 59.41846 -332.303488 3.999998 58.815508 -331.906176 3.999998 58.29774 -331.388416 3.999998 57.900444 -330.785504 3.999998 57.650696 -336.138432 3.999998 60.065508 -335.933984 3.999998 61.618424 -335.334592 3.999998 63.065508 -334.381088 3.999998 64.308152 -333.138432 3.999998 65.261656 -331.69136 3.999998 65.86106 -330.138432 3.999998 66.065504 -328.585504 3.999998 65.86106 -327.138432 3.999998 65.261656 -325.895776 3.999998 64.308152 -324.942304 3.999998 63.065508 -324.34288 3.999998 61.618424 -324.138432 3.999998 60.065508 -324.34288 3.999998 58.512596 -324.942304 3.999998 57.065508 -325.895776 3.999998 55.822868 -327.138432 3.999998 54.86936 -328.585504 3.999998 54.269956 -330.138432 3.999998 54.065508 -331.69136 3.999998 54.269956 -333.138432 3.999998 54.86936 -334.381088 3.999998 55.822868 -335.334592 3.999998 57.065508 -335.933984 3.999998 58.512596 -330.138432 -1.535847 57.565508 -330.785504 -1.535847 57.650696 -331.388416 -1.535847 57.900444 -331.906176 -1.535847 58.29774 -332.303488 -1.535847 58.815508 -332.553248 -1.535847 59.41846 -332.638432 -1.535847 60.065508 -332.553248 -1.535847 60.712556 -332.303488 -1.535847 61.315508 -331.906176 -1.535847 61.833276 -331.388416 -1.535847 62.230572 -330.785504 -1.535847 62.480324 -330.138432 -1.535847 62.565508 -329.491392 -1.535847 62.480324 -328.888416 -1.535847 62.230572 -328.370656 -1.535847 61.833276 -327.973344 -1.535847 61.315508 -327.723616 -1.535847 60.712556 -327.638432 -1.535847 60.065508 -327.723616 -1.535847 59.41846 -327.973344 -1.535847 58.815508 -328.370656 -1.535847 58.29774 -328.888416 -1.535847 57.900444 -329.491392 -1.535847 57.650696 -330.125888 8.499999 73.077552 -329.420608 8.499999 73.1704 -328.763392 8.499999 73.442624 -328.19904 8.499999 73.875688 -327.765984 8.499999 74.440048 -327.493728 8.499999 75.097264 -327.400896 8.499999 75.802552 -327.493728 8.499999 76.507824 -327.765984 8.499999 77.165048 -328.19904 8.499999 77.729416 -328.763392 8.499999 78.162464 -329.420608 8.499999 78.434704 -330.125888 8.499999 78.527552 -330.831168 8.499999 78.434704 -331.488416 8.499999 78.162464 -332.052768 8.499999 77.729416 -332.485824 8.499999 77.165048 -332.758048 8.499999 76.507824 -332.85088 8.499999 75.802552 -332.758048 8.499999 75.097264 -332.485824 8.499999 74.440048 -332.052768 8.499999 73.875688 -331.488416 8.499999 73.442624 -330.831168 8.499999 73.1704</float_array>
          <technique_common>
            <accessor source="#pos_11-array" count="1002" stride="3">
              <param name="X" type="float"/>
              <param name="Y" type="float"/>
              <param name="Z" type="float"/>
            </accessor>
          </technique_common>
        </source>
        <vertices id="vert_11">
          <input semantic="POSITION" source="#pos_11"/>
        </vertices>
        <triangles count="676" material="mat_16">
          <input semantic="VERTEX" source="#vert_11" offset="0"/>
          <p>0 1 3 3 1 2 1 4 2 2 4 5 4 6 5 5 6 7 6 0 7 7 0 3 7 3 5 5 3 2 0 28 1 1 28 29 1 29 8 8 29 31 31 29 30 6 18 0 0 18 25 0 25 28 28 25 26 28 26 27 18 6 17 17 6 4 17 4 16 16 4 15 15 4 1 15 1 8 15 8 14 14 8 9 14 9 10 10 11 14 14 11 12 14 12 13 18 19 25 25 19 24 24 19 23 23 19 22 22 19 21 21 19 20 32 33 35 35 33 34 33 36 34 34 36 37 36 38 37 37 38 39 38 32 39 39 32 35 39 35 37 37 35 34 32 50 33 33 50 53 33 53 60 60 53 59 59 53 54 59 54 55 38 63 32 32 63 46 32 46 49 49 46 47 49 47 48 36 61 38 38 61 62 38 62 63 61 36 60 60 36 33 41 42 40 40 42 43 40 43 44 44 45 40 40 45 46 40 46 63 49 50 32 51 52 50 50 52 53 55 56 59 59 56 57 59 57 58 45 64 46 46 64 65 46 65 8 8 65 66 8 66 9 9 66 10 10 66 69 10 69 11 11 69 72 11 72 12 12 72 75 12 75 13 13 75 78 13 78 14 14 78 77 14 77 40 40 77 76 40 76 41 41 76 42 42 76 73 42 73 43 43 73 70 43 70 44 44 70 67 44 67 45 45 67 64 69 66 65 65 64 68 68 64 67 68 67 71 71 67 70 71 70 74 74 70 73 74 73 77 77 73 76 72 69 68 68 69 65 72 68 71 75 72 71 75 71 74 78 75 74 78 74 77 8 31 46 46 31 47 58 79 59 59 79 80 59 80 19 19 80 81 19 81 20 20 81 21 21 81 84 21 84 22 22 84 87 22 87 23 23 87 90 23 90 24 24 90 93 24 93 25 25 93 92 25 92 53 53 92 91 53 91 54 54 91 55 55 91 88 55 88 56 56 88 85 56 85 57 57 85 82 57 82 58 58 82 79 84 81 80 80 79 83 83 79 82 83 82 86 86 82 85 86 85 89 89 85 88 89 88 92 92 88 91 87 84 83 83 84 80 87 83 86 90 87 86 90 86 89 93 90 89 93 89 92 95 18 94 94 18 60 94 60 117 117 60 116 116 60 115 115 60 114 114 60 113 113 60 59 113 59 112 112 59 111 111 59 110 110 59 109 109 59 108 108 59 107 107 59 106 106 59 19 106 19 105 105 19 104 104 19 103 103 19 102 102 19 101 101 19 100 100 19 99 99 19 18 99 18 98 98 18 97 97 18 96 96 18 95 119 167 118 118 167 166 118 166 141 141 166 189 141 189 140 140 189 188 140 188 139 139 188 187 139 187 138 138 187 186 138 186 137 137 186 185 137 185 136 136 185 184 136 184 135 135 184 183 135 183 134 134 183 182 134 182 133 133 182 181 133 181 132 132 181 180 132 180 131 131 180 179 131 179 130 130 179 178 130 178 129 129 178 177 129 177 128 128 177 176 128 176 127 127 176 175 127 175 126 126 175 174 126 174 125 125 174 173 125 173 124 124 173 172 124 172 123 123 172 171 123 171 122 122 171 170 122 170 121 121 170 169 121 169 120 120 169 168 120 168 119 119 168 167 143 189 142 142 189 166 142 166 165 165 166 167 165 167 164 164 167 168 164 168 163 163 168 169 163 169 162 162 169 170 162 170 161 161 170 171 161 171 160 160 171 172 160 172 159 159 172 173 159 173 158 158 173 174 158 174 157 157 174 175 157 175 156 156 175 176 156 176 155 155 176 177 155 177 154 154 177 178 154 178 153 153 178 179 153 179 152 152 179 180 152 180 151 151 180 181 151 181 150 150 181 182 150 182 149 149 182 183 149 183 148 148 183 184 148 184 147 147 184 185 147 185 146 146 185 186 146 186 145 145 186 187 145 187 144 144 187 188 144 188 143 143 188 189 40 118 14 14 118 141 14 141 140 63 125 40 40 125 124 40 124 123 15 130 63 63 130 129 63 129 128 14 135 15 15 135 134 15 134 133 140 139 14 14 139 138 14 138 137 137 136 14 14 136 135 133 132 15 15 132 131 15 131 130 128 127 63 63 127 126 63 126 125 123 122 40 40 122 121 40 121 120 120 119 40 40 119 118 165 47 142 142 47 31 142 31 143 143 31 144 144 31 145 145 31 146 146 31 147 147 31 148 148 31 30 148 30 149 149 30 150 150 30 151 151 30 152 152 30 153 153 30 154 154 30 48 154 48 155 155 48 156 156 48 157 157 48 158 158 48 159 159 48 160 160 48 47 160 47 161 161 47 162 162 47 163 163 47 164 164 47 165 191 51 190 190 51 27 190 27 213 213 27 212 212 27 211 211 27 210 210 27 209 209 27 208 208 27 26 208 26 207 207 26 206 206 26 205 205 26 204 204 26 203 203 26 202 202 26 52 202 52 201 201 52 200 200 52 199 199 52 198 198 52 197 197 52 196 196 52 51 196 51 195 195 51 194 194 51 193 193 51 192 192 51 191 27 51 28 28 51 50 49 232 50 50 232 233 50 233 234 29 226 49 49 226 227 49 227 228 28 220 29 29 220 221 29 221 222 50 214 28 28 214 215 28 215 216 216 217 28 28 217 218 28 218 219 219 220 28 222 223 29 29 223 224 29 224 225 225 226 29 228 229 49 49 229 230 49 230 231 231 232 49 234 235 50 50 235 236 50 236 237 237 214 50 261 238 280 280 238 239 280 239 279 279 239 240 279 240 278 278 240 241 278 241 277 277 241 242 277 242 276 276 242 243 276 243 275 275 243 244 275 244 274 274 244 273 273 244 245 273 245 272 272 245 246 272 246 271 271 246 247 271 247 270 270 247 248 270 248 269 269 248 249 269 249 268 268 249 250 268 250 267 267 250 251 267 251 252 267 252 266 266 252 253 266 253 265 265 253 254 265 254 264 264 254 255 264 255 263 263 255 256 263 256 262 262 256 285 285 256 257 285 257 284 284 257 258 284 258 283 283 258 259 283 259 282 282 259 260 282 260 281 281 260 261 281 261 280 63 62 15 15 62 16 287 16 286 286 16 62 286 62 309 309 62 308 308 62 307 307 62 306 306 62 305 305 62 304 304 62 61 304 61 303 303 61 302 302 61 301 301 61 300 300 61 299 299 61 298 298 61 17 298 17 297 297 17 296 296 17 295 295 17 294 294 17 293 293 17 292 292 17 16 292 16 291 291 16 290 290 16 289 289 16 288 288 16 287 61 60 17 17 60 18 48 30 49 49 30 29 261 287 238 238 287 286 238 286 239 239 286 309 239 309 240 240 309 308 240 308 241 241 308 307 241 307 242 242 307 306 242 306 243 243 306 305 243 305 244 244 305 304 244 304 245 245 304 303 245 303 246 246 303 302 246 302 247 247 302 301 247 301 248 248 301 300 248 300 249 249 300 299 249 299 250 250 299 298 250 298 251 251 298 297 251 297 252 252 297 296 252 296 253 253 296 295 253 295 254 254 295 294 254 294 255 255 294 293 255 293 256 256 293 292 256 292 257 257 292 291 257 291 258 258 291 290 258 290 259 259 290 289 259 289 260 260 289 288 260 288 261 261 288 287 237 269 214 214 269 268 214 268 215 215 268 267 215 267 216 216 267 266 216 266 217 217 266 265 217 265 218 218 265 264 218 264 219 219 264 263 219 263 220 220 263 262 220 262 221 221 262 285 221 285 222 222 285 284 222 284 223 223 284 283 223 283 224 224 283 282 224 282 225 225 282 281 225 281 226 226 281 280 226 280 227 227 280 279 227 279 228 228 279 278 228 278 229 229 278 277 229 277 230 230 277 276 230 276 231 231 276 275 231 275 232 232 275 274 232 274 233 233 274 273 233 273 234 234 273 272 234 272 235 235 272 271 235 271 236 236 271 270 236 270 237 237 270 269 53 52 25 25 52 26 117 311 94 94 311 310 94 310 95 95 310 333 95 333 96 96 333 332 96 332 97 97 332 331 97 331 98 98 331 330 98 330 99 99 330 329 99 329 100 100 329 328 100 328 101 101 328 327 101 327 102 102 327 326 102 326 103 103 326 325 103 325 104 104 325 324 104 324 105 105 324 323 105 323 106 106 323 322 106 322 107 107 322 321 107 321 108 108 321 320 108 320 109 109 320 319 109 319 110 110 319 318 110 318 111 111 318 317 111 317 112 112 317 316 112 316 113 113 316 315 113 315 114 114 315 314 114 314 115 115 314 313 115 313 116 116 313 312 116 312 117 117 312 311 213 333 190 190 333 310 190 310 191 191 310 311 191 311 192 192 311 312 192 312 193 193 312 313 193 313 194 194 313 314 194 314 195 195 314 315 195 315 196 196 315 316 196 316 197 197 316 317 197 317 198 198 317 318 198 318 199 199 318 319 199 319 200 200 319 320 200 320 201 201 320 321 201 321 202 202 321 322 202 322 203 203 322 323 203 323 204 204 323 324 204 324 205 205 324 325 205 325 206 206 325 326 206 326 207 207 326 327 207 327 208 208 327 328 208 328 209 209 328 329 209 329 210 210 329 330 210 330 211 211 330 331 211 331 212 212 331 332 212 332 213 213 332 333</p>
        </triangles>
      </mesh>
    </geometry>
    <geometry id="geometry_196b2406_966b_49da_87e1_4428c925ced8">
      <mesh>
        <source id="pos_12">
          <float_array id="pos_12-array" count="1002">-550.138432 3.099998 63.902584 -550.138432 3.099998 56.228484 -545.838464 3.099998 56.228484 -545.838464 3.099998 63.902584 -550.138432 -0.100001 56.228484 -545.838464 -0.100001 56.228484 -550.138432 -0.100001 63.902584 -545.838464 -0.100001 63.902584 -550.138432 0.999998 39.328484 -550.138432 0.741179 39.36256 -550.138432 0.499998 39.46246 -550.138432 0.292891 39.621376 -550.138432 0.133973 39.828484 -550.138432 0.034072 40.069664 -550.138432 -1E-06 40.328484 -550.138432 -1E-06 54.328484 -550.138432 -1.535847 54.328484 -550.138432 -1.535847 65.80258 -550.138432 -1E-06 65.80258 -550.138432 -1E-06 79.802536 -550.138432 0.034072 80.061352 -550.138432 0.133973 80.302536 -550.138432 0.292891 80.50964 -550.138432 0.499998 80.66856 -550.138432 0.741179 80.768456 -550.138432 0.999998 80.802536 -550.138432 16.999998 80.802536 -550.138432 16.999998 70.802536 -550.138432 8.999999 70.802536 -550.138432 8.999999 49.328484 -550.138432 16.999998 49.328484 -550.138432 16.999998 39.328484 -530.138432 3.099998 56.228484 -530.138432 3.099998 63.902584 -534.4384 3.099998 63.902584 -534.4384 3.099998 56.228484 -530.138432 -0.100001 63.902584 -534.4384 -0.100001 63.902584 -530.138432 -0.100001 56.228484 -534.4384 -0.100001 56.228484 -530.138432 -1E-06 40.328484 -530.138432 0.034072 40.069664 -530.138432 0.133973 39.828484 -530.138432 0.292891 39.621376 -530.138432 0.499998 39.46246 -530.138432 0.741179 39.36256 -530.138432 0.999998 39.328484 -530.138432 16.999998 39.328484 -530.138432 16.999998 49.328484 -530.138432 8.999999 49.328484 -530.138432 8.999999 70.802536 -530.138432 16.999998 70.802536 -530.138432 16.999998 80.802536 -530.138432 0.999998 80.802536 -530.138432 0.741179 80.768456 -530.138432 0.499998 80.66856 -530.138432 0.292891 80.50964 -530.138432 0.133973 80.302536 -530.138432 0.034072 80.061352 -530.138432 -1E-06 79.802536 -530.138432 -1E-06 65.80258 -530.138432 -1.535847 65.80258 -530.138432 -1.535847 54.328484 -530.138432 -1E-06 54.328484 -535.138432 0.741179 39.36256 -540.138432 0.741179 39.36256 -545.138432 0.741179 39.36256 -535.138432 0.499998 39.46246 -540.138432 0.499998 39.46246 -545.138432 0.499998 39.46246 -535.138432 0.292891 39.621376 -540.138432 0.292891 39.621376 -545.138432 0.292891 39.621376 -535.138432 0.133973 39.828484 -540.138432 0.133973 39.828484 -545.138432 0.133973 39.828484 -535.138432 0.034072 40.069664 -540.138432 0.034072 40.069664 -545.138432 0.034072 40.069664 -535.138432 0.034072 80.061352 -540.138432 0.034072 80.061352 -545.138432 0.034072 80.061352 -535.138432 0.133973 80.302536 -540.138432 0.133973 80.302536 -545.138432 0.133973 80.302536 -535.138432 0.292891 80.50964 -540.138432 0.292891 80.50964 -545.138432 0.292891 80.50964 -535.138432 0.499998 80.66856 -540.138432 0.499998 80.66856 -545.138432 0.499998 80.66856 -535.138432 0.741179 80.768456 -540.138432 0.741179 80.768456 -545.138432 0.741179 80.768456 -540.125888 -1E-06 73.077552 -540.831168 -1E-06 73.1704 -541.488384 -1E-06 73.442624 -542.052736 -1E-06 73.875688 -542.485824 -1E-06 74.440048 -542.75808 -1E-06 75.097264 -542.85088 -1E-06 75.802552 -542.75808 -1E-06 76.507824 -542.485824 -1E-06 77.165048 -542.052736 -1E-06 77.729416 -541.488384 -1E-06 78.162464 -540.831168 -1E-06 78.434704 -540.125888 -1E-06 78.527552 -539.420608 -1E-06 78.434704 -538.763456 -1E-06 78.162464 -538.19904 -1E-06 77.729416 -537.766016 -1E-06 77.165048 -537.49376 -1E-06 76.507824 -537.400896 -1E-06 75.802552 -537.49376 -1E-06 75.097264 -537.766016 -1E-06 74.440048 -538.19904 -1E-06 73.875688 -538.763456 -1E-06 73.442624 -539.420608 -1E-06 73.1704 -540.138432 -1E-06 41.603484 -539.433152 -1E-06 41.696336 -538.775936 -1E-06 41.968568 -538.21152 -1E-06 42.40162 -537.778496 -1E-06 42.965984 -537.506304 -1E-06 43.623204 -537.41344 -1E-06 44.328484 -537.506304 -1E-06 45.033768 -537.778496 -1E-06 45.690984 -538.21152 -1E-06 46.255352 -538.775936 -1E-06 46.688404 -539.433152 -1E-06 46.960632 -540.138432 -1E-06 47.053484 -540.843712 -1E-06 46.960632 -541.500928 -1E-06 46.688404 -542.06528 -1E-06 46.255352 -542.498368 -1E-06 45.690984 -542.77056 -1E-06 45.033768 -542.863424 -1E-06 44.328484 -542.77056 -1E-06 43.623204 -542.498368 -1E-06 42.965984 -542.06528 -1E-06 42.40162 -541.500928 -1E-06 41.968568 -540.843712 -1E-06 41.696336 -540.138432 16.999998 41.603484 -540.843712 16.999998 41.696336 -541.500928 16.999998 41.968568 -542.06528 16.999998 42.40162 -542.498368 16.999998 42.965984 -542.77056 16.999998 43.623204 -542.863424 16.999998 44.328484 -542.77056 16.999998 45.033768 -542.498368 16.999998 45.690984 -542.06528 16.999998 46.255352 -541.500928 16.999998 46.688404 -540.843712 16.999998 46.960632 -540.138432 16.999998 47.053484 -539.433152 16.999998 46.960632 -538.775936 16.999998 46.688404 -538.21152 16.999998 46.255352 -537.778496 16.999998 45.690984 -537.506304 16.999998 45.033768 -537.41344 16.999998 44.328484 -537.506304 16.999998 43.623204 -537.778496 16.999998 42.965984 -538.21152 16.999998 42.40162 -538.775936 16.999998 41.968568 -539.433152 16.999998 41.696336 -540.138432 8.499999 41.603484 -539.433152 8.499999 41.696336 -538.775936 8.499999 41.968568 -538.21152 8.499999 42.40162 -537.778496 8.499999 42.965984 -537.506304 8.499999 43.623204 -537.41344 8.499999 44.328484 -537.506304 8.499999 45.033768 -537.778496 8.499999 45.690984 -538.21152 8.499999 46.255352 -538.775936 8.499999 46.688404 -539.433152 8.499999 46.960632 -540.138432 8.499999 47.053484 -540.843712 8.499999 46.960632 -541.500928 8.499999 46.688404 -542.06528 8.499999 46.255352 -542.498368 8.499999 45.690984 -542.77056 8.499999 45.033768 -542.863424 8.499999 44.328484 -542.77056 8.499999 43.623204 -542.498368 8.499999 42.965984 -542.06528 8.499999 42.40162 -541.500928 8.499999 41.968568 -540.843712 8.499999 41.696336 -540.125888 16.999998 73.077552 -539.420608 16.999998 73.1704 -538.763456 16.999998 73.442624 -538.19904 16.999998 73.875688 -537.766016 16.999998 74.440048 -537.49376 16.999998 75.097264 -537.400896 16.999998 75.802552 -537.49376 16.999998 76.507824 -537.766016 16.999998 77.165048 -538.19904 16.999998 77.729416 -538.763456 16.999998 78.162464 -539.420608 16.999998 78.434704 -540.125888 16.999998 78.527552 -540.831168 16.999998 78.434704 -541.488384 16.999998 78.162464 -542.052736 16.999998 77.729416 -542.485824 16.999998 77.165048 -542.75808 16.999998 76.507824 -542.85088 16.999998 75.802552 -542.75808 16.999998 75.097264 -542.485824 16.999998 74.440048 -542.052736 16.999998 73.875688 -541.488384 16.999998 73.442624 -540.831168 16.999998 73.1704 -540.138432 8.999999 66.065504 -541.691328 8.999999 65.86106 -543.138432 8.999999 65.261656 -544.381056 8.999999 64.308152 -545.334592 8.999999 63.065508 -545.933952 8.999999 61.618424 -546.138432 8.999999 60.065508 -545.933952 8.999999 58.512596 -545.334592 8.999999 57.065508 -544.381056 8.999999 55.822868 -543.138432 8.999999 54.86936 -541.691328 8.999999 54.269956 -540.138432 8.999999 54.065508 -538.585536 8.999999 54.269956 -537.138432 8.999999 54.86936 -535.895808 8.999999 55.822868 -534.942272 8.999999 57.065508 -534.34288 8.999999 58.512596 -534.138432 8.999999 60.065508 -534.34288 8.999999 61.618424 -534.942272 8.999999 63.065508 -535.895808 8.999999 64.308152 -537.138432 8.999999 65.261656 -538.585536 8.999999 65.86106 -540.138432 3.999998 57.565508 -539.491392 3.999998 57.650696 -538.888448 3.999998 57.900444 -538.370688 3.999998 58.29774 -537.973376 3.999998 58.815508 -537.723648 3.999998 59.41846 -537.6384 3.999998 60.065508 -537.723648 3.999998 60.712556 -537.973376 3.999998 61.315508 -538.370688 3.999998 61.833276 -538.888448 3.999998 62.230572 -539.491392 3.999998 62.480324 -540.138432 3.999998 62.565508 -540.785472 3.999998 62.480324 -541.388416 3.999998 62.230572 -541.906176 3.999998 61.833276 -542.303488 3.999998 61.315508 -542.553216 3.999998 60.712556 -542.6384 3.999998 60.065508 -542.553216 3.999998 59.41846 -542.303488 3.999998 58.815508 -541.906176 3.999998 58.29774 -541.388416 3.999998 57.900444 -540.785472 3.999998 57.650696 -546.138432 3.999998 60.065508 -545.933952 3.999998 61.618424 -545.334592 3.999998 63.065508 -544.381056 3.999998 64.308152 -543.138432 3.999998 65.261656 -541.691328 3.999998 65.86106 -540.138432 3.999998 66.065504 -538.585536 3.999998 65.86106 -537.138432 3.999998 65.261656 -535.895808 3.999998 64.308152 -534.942272 3.999998 63.065508 -534.34288 3.999998 61.618424 -534.138432 3.999998 60.065508 -534.34288 3.999998 58.512596 -534.942272 3.999998 57.065508 -535.895808 3.999998 55.822868 -537.138432 3.999998 54.86936 -538.585536 3.999998 54.269956 -540.138432 3.999998 54.065508 -541.691328 3.999998 54.269956 -543.138432 3.999998 54.86936 -544.381056 3.999998 55.822868 -545.334592 3.999998 57.065508 -545.933952 3.999998 58.512596 -540.138432 -1.535847 57.565508 -540.785472 -1.535847 57.650696 -541.388416 -1.535847 57.900444 -541.906176 -1.535847 58.29774 -542.303488 -1.535847 58.815508 -542.553216 -1.535847 59.41846 -542.6384 -1.535847 60.065508 -542.553216 -1.535847 60.712556 -542.303488 -1.535847 61.315508 -541.906176 -1.535847 61.833276 -541.388416 -1.535847 62.230572 -540.785472 -1.535847 62.480324 -540.138432 -1.535847 62.565508 -539.491392 -1.535847 62.480324 -538.888448 -1.535847 62.230572 -538.370688 -1.535847 61.833276 -537.973376 -1.535847 61.315508 -537.723648 -1.535847 60.712556 -537.6384 -1.535847 60.065508 -537.723648 -1.535847 59.41846 -537.973376 -1.535847 58.815508 -538.370688 -1.535847 58.29774 -538.888448 -1.535847 57.900444 -539.491392 -1.535847 57.650696 -540.125888 8.499999 73.077552 -539.420608 8.499999 73.1704 -538.763456 8.499999 73.442624 -538.19904 8.499999 73.875688 -537.766016 8.499999 74.440048 -537.49376 8.499999 75.097264 -537.400896 8.499999 75.802552 -537.49376 8.499999 76.507824 -537.766016 8.499999 77.165048 -538.19904 8.499999 77.729416 -538.763456 8.499999 78.162464 -539.420608 8.499999 78.434704 -540.125888 8.499999 78.527552 -540.831168 8.499999 78.434704 -541.488384 8.499999 78.162464 -542.052736 8.499999 77.729416 -542.485824 8.499999 77.165048 -542.75808 8.499999 76.507824 -542.85088 8.499999 75.802552 -542.75808 8.499999 75.097264 -542.485824 8.499999 74.440048 -542.052736 8.499999 73.875688 -541.488384 8.499999 73.442624 -540.831168 8.499999 73.1704</float_array>
          <technique_common>
            <accessor source="#pos_12-array" count="1002" stride="3">
              <param name="X" type="float"/>
              <param name="Y" type="float"/>
              <param name="Z" type="float"/>
            </accessor>
          </technique_common>
        </source>
        <vertices id="vert_12">
          <input semantic="POSITION" source="#pos_12"/>
        </vertices>
        <triangles count="676" material="mat_16">
          <input semantic="VERTEX" source="#vert_12" offset="0"/>
          <p>0 1 3 3 1 2 1 4 2 2 4 5 4 6 5 5 6 7 6 0 7 7 0 3 7 3 5 5 3 2 0 28 1 1 28 29 1 29 8 8 29 31 31 29 30 6 18 0 0 18 25 0 25 28 28 25 26 28 26 27 18 6 17 17 6 4 17 4 16 16 4 15 15 4 1 15 1 8 15 8 14 14 8 9 14 9 10 10 11 14 14 11 12 14 12 13 18 19 25 25 19 24 24 19 23 23 19 22 22 19 21 21 19 20 32 33 35 35 33 34 33 36 34 34 36 37 36 38 37 37 38 39 38 32 39 39 32 35 39 35 37 37 35 34 32 50 33 33 50 53 33 53 60 60 53 59 59 53 54 59 54 55 38 63 32 32 63 46 32 46 49 49 46 47 49 47 48 36 61 38 38 61 62 38 62 63 61 36 60 60 36 33 41 42 40 40 42 43 40 43 44 44 45 40 40 45 46 40 46 63 49 50 32 51 52 50 50 52 53 55 56 59 59 56 57 59 57 58 45 64 46 46 64 65 46 65 8 8 65 66 8 66 9 9 66 10 10 66 69 10 69 11 11 69 72 11 72 12 12 72 75 12 75 13 13 75 78 13 78 14 14 78 77 14 77 40 40 77 76 40 76 41 41 76 42 42 76 73 42 73 43 43 73 70 43 70 44 44 70 67 44 67 45 45 67 64 69 66 65 65 64 68 68 64 67 68 67 71 71 67 70 71 70 74 74 70 73 74 73 77 77 73 76 72 69 68 68 69 65 72 68 71 75 72 71 75 71 74 78 75 74 78 74 77 8 31 46 46 31 47 58 79 59 59 79 80 59 80 19 19 80 81 19 81 20 20 81 21 21 81 84 21 84 22 22 84 87 22 87 23 23 87 90 23 90 24 24 90 93 24 93 25 25 93 92 25 92 53 53 92 91 53 91 54 54 91 55 55 91 88 55 88 56 56 88 85 56 85 57 57 85 82 57 82 58 58 82 79 84 81 80 80 79 83 83 79 82 83 82 86 86 82 85 86 85 89 89 85 88 89 88 92 92 88 91 87 84 83 83 84 80 87 83 86 90 87 86 90 86 89 93 90 89 93 89 92 95 18 94 94 18 60 94 60 117 117 60 116 116 60 115 115 60 114 114 60 113 113 60 59 113 59 112 112 59 111 111 59 110 110 59 109 109 59 108 108 59 107 107 59 106 106 59 19 106 19 105 105 19 104 104 19 103 103 19 102 102 19 101 101 19 100 100 19 99 99 19 18 99 18 98 98 18 97 97 18 96 96 18 95 119 167 118 118 167 166 118 166 141 141 166 189 141 189 140 140 189 188 140 188 139 139 188 187 139 187 138 138 187 186 138 186 137 137 186 185 137 185 136 136 185 184 136 184 135 135 184 183 135 183 134 134 183 182 134 182 133 133 182 181 133 181 132 132 181 180 132 180 131 131 180 179 131 179 130 130 179 178 130 178 129 129 178 177 129 177 128 128 177 176 128 176 127 127 176 175 127 175 126 126 175 174 126 174 125 125 174 173 125 173 124 124 173 172 124 172 123 123 172 171 123 171 122 122 171 170 122 170 121 121 170 169 121 169 120 120 169 168 120 168 119 119 168 167 143 189 142 142 189 166 142 166 165 165 166 167 165 167 164 164 167 168 164 168 163 163 168 169 163 169 162 162 169 170 162 170 161 161 170 171 161 171 160 160 171 172 160 172 159 159 172 173 159 173 158 158 173 174 158 174 157 157 174 175 157 175 156 156 175 176 156 176 155 155 176 177 155 177 154 154 177 178 154 178 153 153 178 179 153 179 152 152 179 180 152 180 151 151 180 181 151 181 150 150 181 182 150 182 149 149 182 183 149 183 148 148 183 184 148 184 147 147 184 185 147 185 146 146 185 186 146 186 145 145 186 187 145 187 144 144 187 188 144 188 143 143 188 189 40 118 14 14 118 141 14 141 140 63 125 40 40 125 124 40 124 123 15 130 63 63 130 129 63 129 128 14 135 15 15 135 134 15 134 133 140 139 14 14 139 138 14 138 137 137 136 14 14 136 135 133 132 15 15 132 131 15 131 130 128 127 63 63 127 126 63 126 125 123 122 40 40 122 121 40 121 120 120 119 40 40 119 118 165 47 142 142 47 31 142 31 143 143 31 144 144 31 145 145 31 146 146 31 147 147 31 148 148 31 30 148 30 149 149 30 150 150 30 151 151 30 152 152 30 153 153 30 154 154 30 48 154 48 155 155 48 156 156 48 157 157 48 158 158 48 159 159 48 160 160 48 47 160 47 161 161 47 162 162 47 163 163 47 164 164 47 165 191 51 190 190 51 27 190 27 213 213 27 212 212 27 211 211 27 210 210 27 209 209 27 208 208 27 26 208 26 207 207 26 206 206 26 205 205 26 204 204 26 203 203 26 202 202 26 52 202 52 201 201 52 200 200 52 199 199 52 198 198 52 197 197 52 196 196 52 51 196 51 195 195 51 194 194 51 193 193 51 192 192 51 191 27 51 28 28 51 50 49 232 50 50 232 233 50 233 234 29 226 49 49 226 227 49 227 228 28 220 29 29 220 221 29 221 222 50 214 28 28 214 215 28 215 216 216 217 28 28 217 218 28 218 219 219 220 28 222 223 29 29 223 224 29 224 225 225 226 29 228 229 49 49 229 230 49 230 231 231 232 49 234 235 50 50 235 236 50 236 237 237 214 50 261 238 280 280 238 239 280 239 279 279 239 240 279 240 278 278 240 241 278 241 277 277 241 242 277 242 276 276 242 243 276 243 275 275 243 244 275 244 274 274 244 273 273 244 245 273 245 272 272 245 246 272 246 271 271 246 247 271 247 270 270 247 248 270 248 269 269 248 249 269 249 268 268 249 250 268 250 267 267 250 251 267 251 252 267 252 266 266 252 253 266 253 265 265 253 254 265 254 264 264 254 255 264 255 263 263 255 256 263 256 262 262 256 285 285 256 257 285 257 284 284 257 258 284 258 283 283 258 259 283 259 282 282 259 260 282 260 281 281 260 261 281 261 280 63 62 15 15 62 16 287 16 286 286 16 62 286 62 309 309 62 308 308 62 307 307 62 306 306 62 305 305 62 304 304 62 61 304 61 303 303 61 302 302 61 301 301 61 300 300 61 299 299 61 298 298 61 17 298 17 297 297 17 296 296 17 295 295 17 294 294 17 293 293 17 292 292 17 16 292 16 291 291 16 290 290 16 289 289 16 288 288 16 287 61 60 17 17 60 18 48 30 49 49 30 29 261 287 238 238 287 286 238 286 239 239 286 309 239 309 240 240 309 308 240 308 241 241 308 307 241 307 242 242 307 306 242 306 243 243 306 305 243 305 244 244 305 304 244 304 245 245 304 303 245 303 246 246 303 302 246 302 247 247 302 301 247 301 248 248 301 300 248 300 249 249 300 299 249 299 250 250 299 298 250 298 251 251 298 297 251 297 252 252 297 296 252 296 253 253 296 295 253 295 254 254 295 294 254 294 255 255 294 293 255 293 256 256 293 292 256 292 257 257 292 291 257 291 258 258 291 290 258 290 259 259 290 289 259 289 260 260 289 288 260 288 261 261 288 287 237 269 214 214 269 268 214 268 215 215 268 267 215 267 216 216 267 266 216 266 217 217 266 265 217 265 218 218 265 264 218 264 219 219 264 263 219 263 220 220 263 262 220 262 221 221 262 285 221 285 222 222 285 284 222 284 223 223 284 283 223 283 224 224 283 282 224 282 225 225 282 281 225 281 226 226 281 280 226 280 227 227 280 279 227 279 228 228 279 278 228 278 229 229 278 277 229 277 230 230 277 276 230 276 231 231 276 275 231 275 232 232 275 274 232 274 233 233 274 273 233 273 234 234 273 272 234 272 235 235 272 271 235 271 236 236 271 270 236 270 237 237 270 269 53 52 25 25 52 26 117 311 94 94 311 310 94 310 95 95 310 333 95 333 96 96 333 332 96 332 97 97 332 331 97 331 98 98 331 330 98 330 99 99 330 329 99 329 100 100 329 328 100 328 101 101 328 327 101 327 102 102 327 326 102 326 103 103 326 325 103 325 104 104 325 324 104 324 105 105 324 323 105 323 106 106 323 322 106 322 107 107 322 321 107 321 108 108 321 320 108 320 109 109 320 319 109 319 110 110 319 318 110 318 111 111 318 317 111 317 112 112 317 316 112 316 113 113 316 315 113 315 114 114 315 314 114 314 115 115 314 313 115 313 116 116 313 312 116 312 117 117 312 311 213 333 190 190 333 310 190 310 191 191 310 311 191 311 192 192 311 312 192 312 193 193 312 313 193 313 194 194 313 314 194 314 195 195 314 315 195 315 196 196 315 316 196 316 197 197 316 317 197 317 198 198 317 318 198 318 199 199 318 319 199 319 200 200 319 320 200 320 201 201 320 321 201 321 202 202 321 322 202 322 203 203 322 323 203 323 204 204 323 324 204 324 205 205 324 325 205 325 206 206 325 326 206 326 207 207 326 327 207 327 208 208 327 328 208 328 209 209 328 329 209 329 210 210 329 330 210 330 211 211 330 331 211 331 212 212 331 332 212 332 213 213 332 333</p>
        </triangles>
      </mesh>
    </geometry>
    <geometry id="geometry_12930e62_1a29_4ad6_83bd_eabce2eead10">
      <mesh>
        <source id="pos_13">
          <float_array id="pos_13-array" count="2232">43 -3 41.437048 42.948888 -3 41.04882 42.799036 -3 40.687048 42.56066 -3 40.376388 42.25 -3 40.138012 41.888228 -3 39.98816 41.5 -3 39.937048 41.5 -2.223543 40.039272 41.5 -1.5 40.338972 41.5 -0.878679 40.815728 41.5 -0.401923 41.437048 41.5 -0.102222 42.160592 41.5 0 42.937048 41.888228 -0.051111 42.937048 42.25 -0.200961 42.937048 42.56066 -0.439339 42.937048 42.799036 -0.75 42.937048 42.948888 -1.111771 42.937048 43 -1.5 42.937048 43 -1.551111 42.54882 43 -1.700962 42.187048 43 -1.939339 41.876388 43 -2.25 41.638012 43 -2.611771 41.48816 41.888228 -2.236771 40.088644 42.25 -2.275555 40.233388 42.56066 -2.337252 40.463644 42.799036 -2.417657 40.763716 42.948888 -2.51129 41.11316 41.888228 -1.525555 40.383236 42.25 -1.60048 40.513012 42.56066 -1.71967 40.719452 42.799036 -1.875 40.988492 42.948888 -2.055885 41.301796 41.888228 -0.91482 40.851872 42.25 -1.020781 40.957828 42.56066 -1.189339 41.126388 42.799036 -1.409009 41.346056 42.948888 -1.66482 41.601872 41.888228 -0.446187 41.462604 42.25 -0.575961 41.537528 42.56066 -0.782403 41.65672 42.799036 -1.051442 41.812048 42.948888 -1.364746 41.992936 41.888228 -0.151592 42.17382 42.25 -0.296336 42.212604 42.56066 -0.526592 42.2743 42.799036 -0.826666 42.354704 42.948888 -1.176111 42.44834 41.5 0 54.2 41.647028 -0.007222 54.192776 41.792636 -0.028822 54.171176 42.074024 -0.11418 54.08582 42.333356 -0.252795 53.947204 42.56066 -0.439339 53.760664 42.747204 -0.666644 53.533356 42.88582 -0.925974 53.274024 42.971176 -1.207364 52.992632 43 -1.5 52.7 41.888228 -0.051111 48.568524 42.25 -0.200961 48.568524 42.56066 -0.439339 48.568524 42.799036 -0.75 48.568524 42.948888 -1.111771 48.568524 43 -3.035845 52.7 43 -3.035845 67.174096 43 -1.5 67.174096 43 -1.5 76.937048 43 -1.551111 77.32528 43 -1.700962 77.687048 43 -1.939339 77.997712 43 -2.25 78.23608 43 -2.611771 78.385944 43 -3 78.437048 43 -12.763 78.437048 43 -12.763 76.901208 43 -27.237098 76.901208 43 -27.237098 78.437048 43 -37 78.437048 43 -37.388228 78.385944 43 -37.75 78.23608 43 -38.06066 77.997712 43 -38.299036 77.687048 43 -38.448888 77.32528 43 -38.5 76.937048 43 -38.5 67.174096 43 -36.964152 67.174096 43 -36.964152 52.7 43 -38.5 52.7 43 -38.5 42.937048 43 -38.448888 42.54882 43 -38.299036 42.187048 43 -38.06066 41.876388 43 -37.75 41.638012 43 -37.388228 41.48816 43 -37 41.437048 43 -27.237098 41.437048 43 -27.237098 42.972896 43 -23.50005 42.972896 43 -23.50005 42.972696 43 -16.50005 42.972696 43 -16.50005 42.972896 43 -12.763 42.972896 43 -12.763 41.437048 41.5 -1.535845 54.2 41.647028 -1.543068 54.192776 41.792636 -1.564668 54.171176 42.074024 -1.650026 54.08582 42.333356 -1.788641 53.947204 42.56066 -1.975185 53.760664 42.747204 -2.20249 53.533356 42.88582 -2.46182 53.274024 42.971176 -2.74321 52.992632 40 -3 39.937048 40 -2.223543 40.039272 40 -1.5 40.338972 40 -0.878679 40.815728 40 -0.401923 41.437048 40 -0.102222 42.160592 40 0 42.937048 42.971176 -23.792684 42.68026 42.88582 -24.074074 42.398868 42.747204 -24.333404 42.139536 42.56066 -24.560708 41.912236 42.333356 -24.747254 41.725688 42.074024 -24.885868 41.587076 41.792636 -24.971228 41.501716 41.647028 -24.992826 41.480116 41.5 -25.00005 41.472896 41.5 -25.00005 41.472696 41.647028 -24.992826 41.479916 41.792636 -24.971228 41.501516 42.074024 -24.885868 41.586872 42.333356 -24.747254 41.725492 42.56066 -24.560708 41.912032 42.747204 -24.333404 42.13934 42.88582 -24.074074 42.398668 42.971176 -23.792684 42.680056 41.5 -40 54.2 41.5 -40 42.937048 41.888228 -39.948888 42.937048 42.25 -39.799036 42.937048 42.56066 -39.56066 42.937048 42.799036 -39.25 42.937048 42.948888 -38.888228 42.937048 42.971176 -38.792636 52.992632 42.88582 -39.074024 53.274024 42.747204 -39.333356 53.533356 42.56066 -39.56066 53.760664 42.333356 -39.747204 53.947204 42.074024 -39.88582 54.08582 41.792636 -39.971176 54.171176 41.647028 -39.99278 54.192776 41.888228 -39.948888 48.568524 42.25 -39.799036 48.568524 42.56066 -39.56066 48.568524 42.799036 -39.25 48.568524 42.948888 -38.888228 48.568524 41.5 -14.263 41.472896 41.5 -14.263 39.937048 41.647028 -14.255777 39.944272 41.792636 -14.234178 39.965868 42.074024 -14.148819 40.051232 42.333356 -14.010204 40.189848 42.56066 -13.82366 40.376388 42.747204 -13.596355 40.603696 42.88582 -13.337025 40.863024 42.971176 -13.055635 41.144412 42.971176 -13.055635 42.68026 42.88582 -13.337025 42.398868 42.747204 -13.596355 42.139536 42.56066 -13.82366 41.912236 42.333356 -14.010204 41.725688 42.074024 -14.148819 41.587076 41.792636 -14.234178 41.501716 41.647028 -14.255777 41.480116 42.971176 -38.792636 66.881464 42.88582 -39.074024 66.600076 42.747204 -39.333356 66.340744 42.56066 -39.56066 66.11344 42.333356 -39.747204 65.926896 42.074024 -39.88582 65.788276 41.792636 -39.971176 65.70292 41.647028 -39.99278 65.68132 41.5 -40 65.674096 41.5 -38.464152 65.674096 41.647028 -38.456932 65.68132 41.792636 -38.435332 65.70292 42.074024 -38.349972 65.788276 42.333356 -38.211356 65.926896 42.56066 -38.024816 66.11344 42.747204 -37.797508 66.340744 42.88582 -37.538176 66.600076 42.971176 -37.256792 66.881464 42.948888 -38.888228 76.937048 42.799036 -39.25 76.937048 42.56066 -39.56066 76.937048 42.25 -39.799036 76.937048 41.888228 -39.948888 76.937048 41.5 -40 76.937048 42.948888 -38.888228 71.305576 42.799036 -39.25 71.305576 42.56066 -39.56066 71.305576 42.25 -39.799036 71.305576 41.888228 -39.948888 71.305576 42.948888 -37 78.82528 42.799036 -37 79.187048 42.56066 -37 79.497712 42.25 -37 79.73608 41.888228 -37 79.885944 41.5 -37 79.937048 41.5 -37.77646 79.834824 41.5 -38.5 79.535128 41.5 -39.12132 79.058376 41.5 -39.598076 78.437048 41.5 -39.897776 77.713512 41.888228 -37.763228 79.785456 42.25 -37.724444 79.640712 42.56066 -37.662748 79.410456 42.799036 -37.582344 79.110384 42.948888 -37.488708 78.760944 41.888228 -38.474444 79.490856 42.25 -38.39952 79.36108 42.56066 -38.280332 79.154648 42.799036 -38.125 78.885608 42.948888 -37.944116 78.572304 41.888228 -39.08518 79.022232 42.25 -38.979216 78.916264 42.56066 -38.81066 78.747712 42.799036 -38.590992 78.52804 42.948888 -38.33518 78.272232 41.888228 -39.553812 78.411488 42.25 -39.424036 78.336568 42.56066 -39.217596 78.217376 42.799036 -38.94856 78.062048 42.948888 -38.635252 77.881168 41.888228 -39.848408 77.70028 42.25 -39.703664 77.661488 42.56066 -39.473408 77.5998 42.799036 -39.173332 77.519392 42.948888 -38.823888 77.42576 41.5 -25.737098 79.937048 42.971176 -26.944462 78.72968 42.88582 -26.663072 79.01108 42.747204 -26.403742 79.2704 42.56066 -26.176438 79.497712 42.333356 -25.989892 79.684248 42.074024 -25.851278 79.822872 41.792636 -25.76592 79.908224 41.647028 -25.744322 79.929824 41.888228 -31.36855 79.885944 42.25 -31.36855 79.73608 42.56066 -31.36855 79.497712 42.799036 -31.36855 79.187048 42.948888 -31.36855 78.82528 41.5 -1.535845 65.674096 41.647028 -1.543068 65.68132 41.792636 -1.564668 65.70292 42.074024 -1.650026 65.788276 42.333356 -1.788641 65.926896 42.56066 -1.975185 66.11344 42.747204 -2.20249 66.340744 42.88582 -2.46182 66.600076 42.971176 -2.74321 66.881464 41.888228 -1.586957 59.937048 42.25 -1.736807 59.937048 42.56066 -1.975185 59.937048 42.799036 -2.285845 59.937048 42.948888 -2.647617 59.937048 42.971176 -26.944462 77.19384 42.88582 -26.663072 77.475224 42.747204 -26.403742 77.73456 42.56066 -26.176438 77.961864 42.333356 -25.989892 78.148408 42.074024 -25.851278 78.287024 41.792636 -25.76592 78.372384 41.647028 -25.744322 78.393984 41.5 -25.737098 78.401208 42.948888 -3 78.82528 42.799036 -3 79.187048 42.56066 -3 79.497712 42.25 -3 79.73608 41.888228 -3 79.885944 41.5 -3 79.937048 41.5 -14.263 79.937048 41.647028 -14.255777 79.929824 41.792636 -14.234178 79.908224 42.074024 -14.148819 79.822872 42.333356 -14.010204 79.684248 42.56066 -13.82366 79.497712 42.747204 -13.596355 79.2704 42.88582 -13.337025 79.01108 42.971176 -13.055635 78.72968 42.948888 -8.6315 78.82528 42.799036 -8.6315 79.187048 42.56066 -8.6315 79.497712 42.25 -8.6315 79.73608 41.888228 -8.6315 79.885944 41.5 -14.263 78.401208 41.647028 -14.255777 78.393984 41.792636 -14.234178 78.372384 42.074024 -14.148819 78.287024 42.333356 -14.010204 78.148408 42.56066 -13.82366 77.961864 42.747204 -13.596355 77.73456 42.88582 -13.337025 77.475224 42.971176 -13.055635 77.19384 42.948888 -1.111771 76.937048 42.799036 -0.75 76.937048 42.56066 -0.439339 76.937048 42.25 -0.200961 76.937048 41.888228 -0.051111 76.937048 41.5 0 76.937048 41.5 -0.102222 77.713512 41.5 -0.401923 78.437048 41.5 -0.878679 79.058376 41.5 -1.5 79.535128 41.5 -2.223543 79.834824 41.888228 -0.151592 77.70028 42.25 -0.296336 77.661488 42.56066 -0.526592 77.5998 42.799036 -0.826666 77.519392 42.948888 -1.176111 77.42576 41.888228 -0.446187 78.411488 42.25 -0.575961 78.336568 42.56066 -0.782403 78.217376 42.799036 -1.051442 78.062048 42.948888 -1.364746 77.881168 41.888228 -0.91482 79.022232 42.25 -1.020781 78.916264 42.56066 -1.189339 78.747712 42.799036 -1.409009 78.52804 42.948888 -1.66482 78.272232 41.888228 -1.525555 79.490856 42.25 -1.60048 79.36108 42.56066 -1.71967 79.154648 42.799036 -1.875 78.885608 42.948888 -2.055885 78.572304 41.888228 -2.236771 79.785456 42.25 -2.275555 79.640712 42.56066 -2.337252 79.410456 42.799036 -2.417657 79.110384 42.948888 -2.51129 78.760944 41.5 0 65.674096 42.971176 -1.207364 66.881464 42.88582 -0.925974 66.600076 42.747204 -0.666644 66.340744 42.56066 -0.439339 66.11344 42.333356 -0.252795 65.926896 42.074024 -0.11418 65.788276 41.792636 -0.028822 65.70292 41.647028 -0.007222 65.68132 41.888228 -0.051111 71.305576 42.25 -0.200961 71.305576 42.56066 -0.439339 71.305576 42.799036 -0.75 71.305576 42.948888 -1.111771 71.305576 42.799036 -20.00005 77.651208 42.948888 -20.00005 77.289432 42.56066 -20.00005 77.961864 42.25 -20.00005 78.20024 41.888228 -20.00005 78.350088 41.888228 -8.6315 39.98816 42.25 -8.6315 40.138012 42.56066 -8.6315 40.376388 42.799036 -8.6315 40.687048 42.948888 -8.6315 41.04882 41.5 -38.464152 54.2 41.647028 -38.456932 54.192776 41.792636 -38.435332 54.171176 42.074024 -38.349972 54.08582 42.333356 -38.211356 53.947204 42.56066 -38.024816 53.760664 42.747204 -37.797508 53.533356 42.88582 -37.538176 53.274024 42.971176 -37.256792 52.992632 42.799036 -37.714152 59.937048 42.948888 -37.352384 59.937048 42.56066 -38.024816 59.937048 42.25 -38.263192 59.937048 41.888228 -38.413044 59.937048 41.5 -15.000049 41.472896 42.971176 -16.207413 42.68026 42.88582 -15.926023 42.398868 42.747204 -15.666694 42.139536 42.56066 -15.439389 41.912236 42.333356 -15.252845 41.725688 42.074024 -15.11423 41.587076 41.792636 -15.028872 41.501716 41.647028 -15.007272 41.480116 41.5 -37 39.937048 41.888228 -37 39.98816 42.25 -37 40.138012 42.56066 -37 40.376388 42.799036 -37 40.687048 42.948888 -37 41.04882 41.5 -39.897776 42.160592 41.5 -39.598076 41.437048 41.5 -39.12132 40.815728 41.5 -38.5 40.338972 41.5 -37.77646 40.039272 42.948888 -37.488708 41.11316 42.799036 -37.582344 40.763716 42.56066 -37.662748 40.463644 42.25 -37.724444 40.233388 41.888228 -37.763228 40.088644 42.948888 -37.944116 41.301796 42.799036 -38.125 40.988492 42.56066 -38.280332 40.719452 42.25 -38.39952 40.513012 41.888228 -38.474444 40.383236 42.948888 -38.33518 41.601872 42.799036 -38.590992 41.346056 42.56066 -38.81066 41.126388 42.25 -38.979216 40.957828 41.888228 -39.08518 40.851872 42.948888 -38.635252 41.992936 42.799036 -38.94856 41.812048 42.56066 -39.217596 41.65672 42.25 -39.424036 41.537528 41.888228 -39.553812 41.462604 42.948888 -38.823888 42.44834 42.799036 -39.173332 42.354704 42.56066 -39.473408 42.2743 42.25 -39.703664 42.212604 41.888228 -39.848408 42.17382 41.5 -25.737098 39.937048 41.647028 -25.744322 39.944272 41.792636 -25.76592 39.965868 42.074024 -25.851278 40.051232 42.333356 -25.989892 40.189848 42.56066 -26.176438 40.376388 42.747204 -26.403742 40.603696 42.88582 -26.663072 40.863024 42.971176 -26.944462 41.144412 42.948888 -31.36855 41.04882 42.799036 -31.36855 40.687048 42.56066 -31.36855 40.376388 42.25 -31.36855 40.138012 41.888228 -31.36855 39.98816 41.5 -15.000049 41.472696 42.971176 -16.207413 42.680056 42.88582 -15.926023 42.398668 42.747204 -15.666694 42.13934 42.56066 -15.439389 41.912032 42.333356 -15.252845 41.725492 42.074024 -15.11423 41.586872 41.792636 -15.028872 41.501516 41.647028 -15.007272 41.479916 41.5 -25.737098 41.472896 41.647028 -25.744322 41.480116 41.792636 -25.76592 41.501716 42.074024 -25.851278 41.587076 42.333356 -25.989892 41.725688 42.56066 -26.176438 41.912236 42.747204 -26.403742 42.139536 42.88582 -26.663072 42.398868 42.971176 -26.944462 42.68026 41.888228 -20.00005 41.523804 42.25 -20.00005 41.673656 42.56066 -20.00005 41.912032 42.799036 -20.00005 42.222696 42.948888 -20.00005 42.584464 40 -25.737098 39.937048 40 -25.737098 41.472896 40 -37 39.937048 40 -40 42.937048 40 -39.897776 42.160592 40 -39.598076 41.437048 40 -39.12132 40.815728 40 -38.5 40.338972 40 -37.77646 40.039272 40 -40 54.2 40 -38.464152 54.2 40 -38.464152 65.674096 40 -40 65.674096 40 -40 76.937048 40 -37 79.937048 40 -37.77646 79.834824 40 -38.5 79.535128 40 -39.12132 79.058376 40 -39.598076 78.437048 40 -39.897776 77.713512 40 -25.737098 79.937048 40 -25.737098 78.401208 40 -14.263 78.401208 40 -14.263 79.937048 40 -3 79.937048 40 -15.000049 41.472696 40 -15.000049 41.472896 40 -25.00005 41.472896 40 -25.00005 41.472696 40 -2.223543 79.834824 40 -1.5 79.535128 40 -0.878679 79.058376 40 -0.401923 78.437048 40 -0.102222 77.713512 40 0 76.937048 40 0 65.674096 40 -1.535845 65.674096 40 -1.535845 54.2 40 0 54.2 40 -14.263 39.937048 40 -14.263 41.472896 40 -24.863698 59.924196 40 -24.696734 58.65598 40 -24.207222 57.474192 40 -23.42852 56.459368 40 -22.413698 55.680668 40 -21.23191 55.191156 40 -19.963698 55.024192 40 -18.695484 55.191156 40 -17.513696 55.680668 40 -16.498875 56.459368 40 -15.720173 57.474192 40 -15.230661 58.65598 40 -15.063698 59.924196 40 -15.230661 61.192404 40 -15.720173 62.374192 40 -16.498875 63.389016 40 -17.513696 64.167716 40 -18.695484 64.657228 40 -19.963698 64.824196 40 -21.23191 64.657228 40 -22.413698 64.167716 40 -23.42852 63.389016 40 -24.207222 62.374192 40 -24.696734 61.192404 40 -3.930868 47.506104 40 -4.469346 47.919292 40 -5.096416 48.179036 40 -5.769346 48.267628 40 -6.442275 48.179036 40 -7.069346 47.919292 40 -7.607824 47.506104 40 -8.021012 46.967628 40 -8.280753 46.340556 40 -8.369345 45.667628 40 -8.280753 44.994696 40 -8.021012 44.367628 40 -7.607824 43.829152 40 -7.069346 43.415964 40 -6.442275 43.15622 40 -5.769346 43.067628 40 -5.096416 43.15622 40 -4.469346 43.415964 40 -3.930868 43.829152 40 -3.51768 44.367628 40 -3.257938 44.994696 40 -3.169346 45.667628 40 -3.257938 46.340556 40 -3.51768 46.967628 40 -36.1079 72.329224 40 -35.56942 71.91604 40 -34.942352 71.656296 40 -34.26942 71.567704 40 -33.596492 71.656296 40 -32.969422 71.91604 40 -32.430942 72.329224 40 -32.017754 72.867704 40 -31.758014 73.494776 40 -31.669422 74.167704 40 -31.758014 74.840632 40 -32.017754 75.467704 40 -32.430942 76.006176 40 -32.969422 76.419376 40 -33.596492 76.679104 40 -34.26942 76.767704 40 -34.942352 76.679104 40 -35.56942 76.419376 40 -36.1079 76.006176 40 -36.521088 75.467704 40 -36.780832 74.840632 40 -36.869424 74.167704 40 -36.780832 73.494776 40 -36.521088 72.867704 40 -7.607824 76.006176 40 -8.021012 75.467704 40 -8.280753 74.840632 40 -8.369345 74.167704 40 -8.280753 73.494776 40 -8.021012 72.867704 40 -7.607824 72.329224 40 -7.069346 71.91604 40 -6.442275 71.656296 40 -5.769346 71.567704 40 -5.096416 71.656296 40 -4.469346 71.91604 40 -3.930868 72.329224 40 -3.51768 72.867704 40 -3.257938 73.494776 40 -3.169346 74.167704 40 -3.257938 74.840632 40 -3.51768 75.467704 40 -3.930868 76.006176 40 -4.469346 76.419376 40 -5.096416 76.679104 40 -5.769346 76.767704 40 -6.442275 76.679104 40 -7.069346 76.419376 40 -32.430942 43.829152 40 -32.017754 44.367628 40 -31.758014 44.994696 40 -31.669422 45.667628 40 -31.758014 46.340556 40 -32.017754 46.967628 40 -32.430942 47.506104 40 -32.969422 47.919292 40 -33.596492 48.179036 40 -34.26942 48.267628 40 -34.942352 48.179036 40 -35.56942 47.919292 40 -36.1079 47.506104 40 -36.521088 46.967628 40 -36.780832 46.340556 40 -36.869424 45.667628 40 -36.780832 44.994696 40 -36.521088 44.367628 40 -36.1079 43.829152 40 -35.56942 43.415964 40 -34.942352 43.15622 40 -34.26942 43.067628 40 -33.596492 43.15622 40 -32.969422 43.415964 35 -32.430942 43.829152 35 -32.017754 44.367628 35 -31.758014 44.994696 35 -31.669422 45.667628 35 -31.758014 46.340556 35 -32.017754 46.967628 35 -32.430942 47.506104 35 -32.969422 47.919292 35 -33.596492 48.179036 35 -34.26942 48.267628 35 -34.942352 48.179036 35 -35.56942 47.919292 35 -36.1079 47.506104 35 -36.521088 46.967628 35 -36.780832 46.340556 35 -36.869424 45.667628 35 -36.780832 44.994696 35 -36.521088 44.367628 35 -36.1079 43.829152 35 -35.56942 43.415964 35 -34.942352 43.15622 35 -34.26942 43.067628 35 -33.596492 43.15622 35 -32.969422 43.415964 35 -7.607824 76.006176 35 -8.021012 75.467704 35 -8.280753 74.840632 35 -8.369345 74.167704 35 -8.280753 73.494776 35 -8.021012 72.867704 35 -7.607824 72.329224 35 -7.069346 71.91604 35 -6.442275 71.656296 35 -5.769346 71.567704 35 -5.096416 71.656296 35 -4.469346 71.91604 35 -3.930868 72.329224 35 -3.51768 72.867704 35 -3.257938 73.494776 35 -3.169346 74.167704 35 -3.257938 74.840632 35 -3.51768 75.467704 35 -3.930868 76.006176 35 -4.469346 76.419376 35 -5.096416 76.679104 35 -5.769346 76.767704 35 -6.442275 76.679104 35 -7.069346 76.419376 35 -3.930868 47.506104 35 -4.469346 47.919292 35 -5.096416 48.179036 35 -5.769346 48.267628 35 -6.442275 48.179036 35 -7.069346 47.919292 35 -7.607824 47.506104 35 -8.021012 46.967628 35 -8.280753 46.340556 35 -8.369345 45.667628 35 -8.280753 44.994696 35 -8.021012 44.367628 35 -7.607824 43.829152 35 -7.069346 43.415964 35 -6.442275 43.15622 35 -5.769346 43.067628 35 -5.096416 43.15622 35 -4.469346 43.415964 35 -3.930868 43.829152 35 -3.51768 44.367628 35 -3.257938 44.994696 35 -3.169346 45.667628 35 -3.257938 46.340556 35 -3.51768 46.967628 35 -36.1079 72.329224 35 -35.56942 71.91604 35 -34.942352 71.656296 35 -34.26942 71.567704 35 -33.596492 71.656296 35 -32.969422 71.91604 35 -32.430942 72.329224 35 -32.017754 72.867704 35 -31.758014 73.494776 35 -31.669422 74.167704 35 -31.758014 74.840632 35 -32.017754 75.467704 35 -32.430942 76.006176 35 -32.969422 76.419376 35 -33.596492 76.679104 35 -34.26942 76.767704 35 -34.942352 76.679104 35 -35.56942 76.419376 35 -36.1079 76.006176 35 -36.521088 75.467704 35 -36.780832 74.840632 35 -36.869424 74.167704 35 -36.780832 73.494776 35 -36.521088 72.867704 35 -24.863698 59.924196 35 -24.696734 58.65598 35 -24.207222 57.474192 35 -23.42852 56.459368 35 -22.413698 55.680668 35 -21.23191 55.191156 35 -19.963698 55.024192 35 -18.695484 55.191156 35 -17.513696 55.680668 35 -16.498875 56.459368 35 -15.720173 57.474192 35 -15.230661 58.65598 35 -15.063698 59.924196 35 -15.230661 61.192404 35 -15.720173 62.374192 35 -16.498875 63.389016 35 -17.513696 64.167716 35 -18.695484 64.657228 35 -19.963698 64.824196 35 -21.23191 64.657228 35 -22.413698 64.167716 35 -23.42852 63.389016 35 -24.207222 62.374192 35 -24.696734 61.192404</float_array>
          <technique_common>
            <accessor source="#pos_13-array" count="2232" stride="3">
              <param name="X" type="float"/>
              <param name="Y" type="float"/>
              <param name="Z" type="float"/>
            </accessor>
          </technique_common>
        </source>
        <vertices id="vert_13">
          <input semantic="POSITION" source="#pos_13"/>
        </vertices>
        <triangles count="1484" material="mat_16">
          <input semantic="VERTEX" source="#vert_13" offset="0"/>
          <p>0 1 23 23 1 28 23 28 22 22 28 33 22 33 21 21 33 38 21 38 20 20 38 43 20 43 19 19 43 48 19 48 18 18 48 17 17 48 47 17 47 16 16 47 46 16 46 15 15 46 45 15 45 14 14 45 44 14 44 13 13 44 11 13 11 12 1 2 28 28 2 27 28 27 33 33 27 32 33 32 38 38 32 37 38 37 43 43 37 42 43 42 48 48 42 47 2 3 27 27 3 26 27 26 32 32 26 31 32 31 37 37 31 36 37 36 42 42 36 41 42 41 47 47 41 46 3 4 26 26 4 25 26 25 31 31 25 30 31 30 36 36 30 35 36 35 41 41 35 40 41 40 46 46 40 45 4 5 25 25 5 24 25 24 30 30 24 29 30 29 35 35 29 34 35 34 40 40 34 39 40 39 45 45 39 44 5 6 24 24 6 7 24 7 29 29 7 8 29 8 34 34 8 9 34 9 39 39 9 10 39 10 44 44 10 11 12 49 59 59 49 50 59 50 51 51 52 59 59 52 60 59 60 14 14 60 15 15 60 61 15 61 16 16 61 62 16 62 17 17 62 63 17 63 18 18 63 57 18 57 58 52 53 60 60 53 61 53 54 61 61 54 55 61 55 62 62 55 56 62 56 63 63 56 57 14 13 59 59 13 12 23 22 0 0 22 21 0 21 20 20 19 0 0 19 18 0 18 64 64 18 58 65 86 64 64 86 101 64 101 102 66 67 65 65 67 73 65 73 75 75 73 74 68 69 67 67 69 70 67 70 71 71 72 67 67 72 73 65 75 86 86 75 76 86 76 84 84 76 78 84 78 79 76 77 78 79 80 84 84 80 81 84 81 82 82 83 84 84 85 86 101 86 98 98 86 87 98 87 97 97 87 89 97 89 95 95 89 90 95 90 91 87 88 89 91 92 95 95 92 93 95 93 94 95 96 97 99 100 98 98 100 101 103 0 102 102 0 64 64 58 112 112 58 57 112 57 111 111 57 56 111 56 110 110 56 55 110 55 109 109 55 54 109 54 108 108 54 53 108 53 107 107 53 52 107 52 106 106 52 51 106 51 105 105 51 50 105 50 104 104 50 49 119 12 118 118 12 11 118 11 117 117 11 10 117 10 116 116 10 9 116 9 115 115 9 8 115 8 114 114 8 7 114 7 113 113 7 6 98 120 99 99 120 137 137 120 121 137 121 136 136 121 122 136 122 135 135 122 123 135 123 134 134 123 124 134 124 133 133 124 125 133 125 132 132 125 126 132 126 131 131 126 127 131 127 130 130 127 128 130 128 129 138 139 152 152 139 153 152 153 151 151 153 150 150 153 154 150 154 149 149 154 155 149 155 148 148 155 147 147 155 156 147 156 146 146 156 157 146 157 145 145 157 88 88 157 89 89 157 144 144 157 143 143 157 156 143 156 142 142 156 155 142 155 141 141 155 154 141 154 140 140 154 153 140 153 139 159 160 158 158 160 175 175 160 161 175 161 174 174 161 162 174 162 173 173 162 163 173 163 172 172 163 164 172 164 171 171 164 165 171 165 170 170 165 166 170 166 169 169 166 167 169 167 168 168 167 103 168 103 102 86 85 193 193 85 176 193 176 192 192 176 177 192 177 191 191 177 178 191 178 190 190 178 179 190 179 189 189 179 180 189 180 188 188 180 181 188 181 187 187 181 182 187 182 186 186 182 183 186 183 185 185 183 184 85 84 176 176 84 200 176 200 177 177 200 201 177 201 178 178 201 202 178 202 179 179 202 180 180 202 203 180 203 181 181 203 204 181 204 182 182 204 183 183 204 184 184 204 199 199 204 198 198 204 197 197 204 203 197 203 196 196 203 202 196 202 195 195 202 201 195 201 194 194 201 200 194 200 84 78 205 79 79 205 220 79 220 80 80 220 225 80 225 81 81 225 230 81 230 82 82 230 235 82 235 83 83 235 240 83 240 84 84 240 194 194 240 239 194 239 195 195 239 238 195 238 196 196 238 237 196 237 197 197 237 236 197 236 198 198 236 215 198 215 199 205 206 220 220 206 219 220 219 225 225 219 224 225 224 230 230 224 229 230 229 235 235 229 234 235 234 240 240 234 239 206 207 219 219 207 218 219 218 224 224 218 223 224 223 229 229 223 228 229 228 234 234 228 233 234 233 239 239 233 238 207 208 218 218 208 217 218 217 223 223 217 222 223 222 228 228 222 227 228 227 233 233 227 232 233 232 238 238 232 237 208 209 217 217 209 216 217 216 222 222 216 221 222 221 227 227 221 226 227 226 232 232 226 231 232 231 237 237 231 236 209 210 216 216 210 211 216 211 221 221 211 212 221 212 226 226 212 213 226 213 231 231 213 214 231 214 236 236 214 215 241 210 249 249 210 250 249 250 248 248 250 247 247 250 251 247 251 246 246 251 252 246 252 245 245 252 244 244 252 253 244 253 243 243 253 254 243 254 242 242 254 77 77 254 78 78 254 205 205 254 206 206 254 253 206 253 207 207 253 252 207 252 208 208 252 251 208 251 209 209 251 250 209 250 210 104 255 105 105 255 256 105 256 264 264 256 257 264 257 258 264 258 265 265 258 259 265 259 266 266 259 260 266 260 261 266 261 267 267 261 262 267 262 268 268 262 263 268 263 64 64 263 65 64 112 268 268 112 111 268 111 267 267 111 110 267 110 266 266 110 109 266 109 108 266 108 265 265 108 107 265 107 264 264 107 106 264 106 105 76 269 77 77 269 242 242 269 270 242 270 243 243 270 271 243 271 244 244 271 272 244 272 245 245 272 273 245 273 246 246 273 274 246 274 247 247 274 275 247 275 248 248 275 276 248 276 249 249 276 277 249 277 241 74 73 292 292 73 293 292 293 291 291 293 294 291 294 290 290 294 295 290 295 289 289 295 288 288 295 296 288 296 287 287 296 297 287 297 286 286 297 285 285 297 284 284 297 283 283 297 282 282 297 281 281 297 296 281 296 280 280 296 295 280 295 279 279 295 294 279 294 278 278 294 293 278 293 73 75 74 306 306 74 292 306 292 305 305 292 291 305 291 304 304 291 290 304 290 303 303 290 289 303 289 302 302 289 288 302 288 301 301 288 287 301 287 300 300 287 286 300 286 299 299 286 285 299 285 298 298 285 284 67 307 68 68 307 322 68 322 69 69 322 327 69 327 70 70 327 332 70 332 71 71 332 337 71 337 72 72 337 342 72 342 73 73 342 278 278 342 341 278 341 279 279 341 280 280 341 340 280 340 281 281 340 339 281 339 282 282 339 338 282 338 283 283 338 317 317 338 316 316 338 333 316 333 315 315 333 328 315 328 314 314 328 323 314 323 313 313 323 318 313 318 312 312 318 311 311 318 319 311 319 310 310 319 320 310 320 309 309 320 321 309 321 308 308 321 322 308 322 307 319 318 324 324 318 323 324 323 329 329 323 328 329 328 334 334 328 333 334 333 339 339 333 338 320 319 325 325 319 324 325 324 330 330 324 329 330 329 335 335 329 334 335 334 340 340 334 339 327 322 321 321 320 326 326 320 325 326 325 331 331 325 330 331 330 336 336 330 335 336 335 341 341 335 340 332 327 326 326 327 321 332 326 331 337 332 331 337 331 336 342 337 336 342 336 341 343 312 351 351 312 352 351 352 350 350 352 349 349 352 353 349 353 348 348 353 354 348 354 347 347 354 346 346 354 355 346 355 345 345 355 356 345 356 344 344 356 66 66 356 67 67 356 307 307 356 308 308 356 355 308 355 309 309 355 354 309 354 310 310 354 353 310 353 311 311 353 352 311 352 312 76 75 269 269 75 358 269 358 270 270 358 357 270 357 271 271 357 359 271 359 272 272 359 273 273 359 360 273 360 274 274 360 361 274 361 275 275 361 276 276 361 299 276 299 277 277 299 298 75 306 358 358 306 305 358 305 357 357 305 304 357 304 359 359 304 303 359 303 302 359 302 360 360 302 301 360 301 361 361 301 300 361 300 299 343 351 255 255 351 256 256 351 350 256 350 257 257 350 349 257 349 258 258 349 348 258 348 259 259 348 347 259 347 260 260 347 346 260 346 261 261 346 345 261 345 262 262 345 344 262 344 263 263 344 66 263 66 65 5 362 6 6 362 160 6 160 159 362 5 363 363 5 4 363 4 364 364 4 3 364 3 365 365 3 2 365 2 366 366 2 1 366 1 0 0 103 366 366 103 167 366 167 166 366 166 365 365 166 165 365 165 364 364 165 164 364 164 163 364 163 363 363 163 162 363 162 362 362 162 161 362 161 160 87 86 375 375 86 377 375 377 374 374 377 376 374 376 373 373 376 378 373 378 372 372 378 371 371 378 379 371 379 370 370 379 380 370 380 369 369 380 368 368 380 186 368 186 367 367 186 185 86 193 377 377 193 192 377 192 376 376 192 191 376 191 378 378 191 190 378 190 189 378 189 379 379 189 188 379 188 380 380 188 187 380 187 186 87 375 88 88 375 145 145 375 374 145 374 146 146 374 373 146 373 147 147 373 372 147 372 148 148 372 371 148 371 149 149 371 370 149 370 150 150 370 369 150 369 151 151 369 368 151 368 152 152 368 367 152 367 138 381 158 389 389 158 175 389 175 388 388 175 174 388 174 173 388 173 387 387 173 172 387 172 386 386 172 385 385 172 171 385 171 384 384 171 170 384 170 169 384 169 383 383 169 168 383 168 382 382 168 101 101 168 102 400 390 405 405 390 391 405 391 404 404 391 392 404 392 403 403 392 393 403 393 402 402 393 394 402 394 395 402 395 401 401 395 95 401 95 94 401 94 406 406 94 93 406 93 411 411 93 92 411 92 416 416 92 91 416 91 421 421 91 90 421 90 144 144 90 89 144 143 421 421 143 422 421 422 416 416 422 417 416 417 411 411 417 412 411 412 406 406 412 407 406 407 401 401 407 402 143 142 422 422 142 423 422 423 417 417 423 418 417 418 412 412 418 413 412 413 407 407 413 408 407 408 402 402 408 403 142 141 423 423 141 424 423 424 418 418 424 419 418 419 413 413 419 414 413 414 408 408 414 409 408 409 403 403 409 404 141 140 424 424 140 425 424 425 419 419 425 420 419 420 414 414 420 415 414 415 409 409 415 410 409 410 404 404 410 405 140 139 425 425 139 396 425 396 420 420 396 397 420 397 415 415 397 398 415 398 410 410 398 399 410 399 405 405 399 400 96 95 434 434 95 435 434 435 433 433 435 436 433 436 432 432 436 437 432 437 431 431 437 430 430 437 438 430 438 429 429 438 439 429 439 428 428 439 427 427 439 426 426 439 390 390 439 391 391 439 392 392 439 438 392 438 393 393 438 437 393 437 394 394 437 436 394 436 395 395 436 435 395 435 95 440 381 448 448 381 389 448 389 447 447 389 388 447 388 446 446 388 387 446 387 445 445 387 386 445 386 444 444 386 385 444 385 443 443 385 384 443 384 442 442 384 383 442 383 441 441 383 382 441 382 100 100 382 101 97 96 457 457 96 434 457 434 456 456 434 433 456 433 455 455 433 432 455 432 454 454 432 431 454 431 453 453 431 430 453 430 452 452 430 429 452 429 451 451 429 428 451 428 450 450 428 427 450 427 449 449 427 426 129 440 130 130 440 458 130 458 131 131 458 132 132 458 459 132 459 133 133 459 460 133 460 134 134 460 135 135 460 461 135 461 136 136 461 462 136 462 137 137 462 99 99 462 441 99 441 100 440 448 458 458 448 447 458 447 446 458 446 459 459 446 445 459 445 460 460 445 444 460 444 443 460 443 461 461 443 442 461 442 462 462 442 441 98 97 120 120 97 457 120 457 456 120 456 121 121 456 455 121 455 122 122 455 123 123 455 454 123 454 124 124 454 453 124 453 452 124 452 125 125 452 451 125 451 126 126 451 127 127 451 450 127 450 128 128 450 449 449 426 464 464 426 463 426 390 463 463 390 465 465 390 471 471 390 400 471 400 470 470 400 399 470 399 469 469 399 398 469 398 468 468 398 397 468 397 467 467 397 396 467 396 466 466 396 139 139 138 466 466 138 472 138 367 472 472 367 473 367 185 473 473 185 474 185 184 474 474 184 475 184 199 475 475 199 476 476 199 482 482 199 215 482 215 481 481 215 214 481 214 480 480 214 213 480 213 479 479 213 212 479 212 478 478 212 211 478 211 477 477 211 210 210 241 477 477 241 483 241 277 483 483 277 484 277 298 484 484 298 485 298 284 485 485 284 486 284 283 486 486 283 487 440 488 381 381 488 489 128 490 129 129 490 491 440 129 488 488 129 491 486 576 485 485 576 577 485 577 578 487 598 486 486 598 599 486 599 576 492 594 487 487 594 595 487 595 596 492 493 594 594 493 494 594 494 495 495 496 594 594 496 497 594 497 593 593 497 592 592 497 591 591 497 590 590 497 498 590 498 589 589 498 588 588 498 499 588 499 587 587 499 586 586 499 585 585 499 584 584 499 518 584 518 583 583 518 519 583 519 582 582 519 581 581 519 520 581 520 580 580 520 485 580 485 579 579 485 578 500 516 499 499 516 517 499 517 518 501 528 500 500 528 529 500 529 530 119 550 501 501 550 551 501 551 528 118 547 119 119 547 548 119 548 549 547 118 546 546 118 117 546 117 116 116 115 546 546 115 114 546 114 113 502 542 113 113 542 543 113 543 544 503 540 502 502 540 541 502 541 542 489 536 503 503 536 537 503 537 538 488 491 489 489 491 490 489 490 510 510 490 509 509 490 508 508 490 604 508 604 605 490 464 604 604 464 603 603 464 602 602 464 601 601 464 600 600 464 463 600 463 623 623 463 622 622 463 465 622 465 621 621 465 620 620 465 619 619 465 618 618 465 471 618 471 470 470 469 618 618 469 468 618 468 467 467 466 618 618 466 617 617 466 616 616 466 615 615 466 614 614 466 472 614 472 613 613 472 612 612 472 473 612 473 611 611 473 610 610 473 609 609 473 608 608 473 506 608 506 607 607 506 507 607 507 606 606 507 605 605 507 508 474 504 473 473 504 505 473 505 506 475 552 474 474 552 553 474 553 554 476 574 475 475 574 575 475 575 552 482 570 476 476 570 571 476 571 572 482 481 570 570 481 480 570 480 479 479 478 570 570 478 569 569 478 477 569 477 568 568 477 567 567 477 566 566 477 483 566 483 565 565 483 564 564 483 484 564 484 563 563 484 562 562 484 561 561 484 560 560 484 524 560 524 559 559 524 525 559 525 558 558 525 557 557 525 526 557 526 556 556 526 474 556 474 555 555 474 554 485 522 484 484 522 523 484 523 524 510 511 489 489 511 512 489 512 536 536 512 535 535 512 513 535 513 534 534 513 533 533 513 514 533 514 532 532 514 500 532 500 531 531 500 530 514 515 500 500 515 516 520 521 485 485 521 522 526 527 474 474 527 504 538 539 503 503 539 540 544 545 113 113 545 546 549 550 119 572 573 476 476 573 574 596 597 487 487 597 598 255 104 499 499 104 500 343 255 498 498 255 499 104 49 500 500 49 501 128 449 490 490 449 464 159 158 502 502 158 503 312 343 497 497 343 498 6 159 113 113 159 502 625 601 624 624 601 600 624 600 647 647 600 623 647 623 646 646 623 622 646 622 645 645 622 621 645 621 644 644 621 620 644 620 643 643 620 619 643 619 642 642 619 618 642 618 641 641 618 617 641 617 640 640 617 616 640 616 639 639 616 615 639 615 638 638 615 614 638 614 637 637 614 613 637 613 636 636 613 612 636 612 635 635 612 611 635 611 634 634 611 610 634 610 633 633 610 609 633 609 632 632 609 608 632 608 631 631 608 607 631 607 630 630 607 606 630 606 629 629 606 605 629 605 628 628 605 604 628 604 627 627 604 603 627 603 626 626 603 602 626 602 625 625 602 601 647 643 624 624 643 642 624 642 625 625 642 641 625 641 626 626 641 640 626 640 627 627 640 639 627 639 628 628 639 638 628 638 629 629 638 637 629 637 630 630 637 636 630 636 631 631 636 635 631 635 632 632 635 634 632 634 633 643 647 644 644 647 646 644 646 645 649 577 648 648 577 576 648 576 671 671 576 599 671 599 670 670 599 598 670 598 669 669 598 597 669 597 668 668 597 596 668 596 667 667 596 595 667 595 666 666 595 594 666 594 665 665 594 593 665 593 664 664 593 592 664 592 663 663 592 591 663 591 662 662 591 590 662 590 661 661 590 589 661 589 660 660 589 588 660 588 659 659 588 587 659 587 658 658 587 586 658 586 657 657 586 585 657 585 656 656 585 584 656 584 655 655 584 583 655 583 654 654 583 582 654 582 653 653 582 581 653 581 652 652 581 580 652 580 651 651 580 579 651 579 650 650 579 578 650 578 649 649 578 577 671 667 648 648 667 666 648 666 649 649 666 665 649 665 650 650 665 664 650 664 651 651 664 663 651 663 652 652 663 662 652 662 653 653 662 661 653 661 654 654 661 660 654 660 655 655 660 659 655 659 656 656 659 658 656 658 657 667 671 668 668 671 670 668 670 669 673 529 672 672 529 528 672 528 695 695 528 551 695 551 694 694 551 550 694 550 693 693 550 549 693 549 692 692 549 548 692 548 691 691 548 547 691 547 690 690 547 546 690 546 689 689 546 545 689 545 688 688 545 544 688 544 687 687 544 543 687 543 686 686 543 542 686 542 685 685 542 541 685 541 684 684 541 540 684 540 683 683 540 539 683 539 682 682 539 538 682 538 681 681 538 537 681 537 680 680 537 536 680 536 679 679 536 535 679 535 678 678 535 534 678 534 677 677 534 533 677 533 676 676 533 532 676 532 675 675 532 531 675 531 674 674 531 530 674 530 673 673 530 529 695 679 672 672 679 678 672 678 673 673 678 677 673 677 674 674 677 676 674 676 675 679 695 680 680 695 694 680 694 681 681 694 693 681 693 682 682 693 692 682 692 683 683 692 691 683 691 684 684 691 690 684 690 685 685 690 689 685 689 686 686 689 688 686 688 687 697 553 696 696 553 552 696 552 719 719 552 575 719 575 718 718 575 574 718 574 717 717 574 573 717 573 716 716 573 572 716 572 715 715 572 571 715 571 714 714 571 570 714 570 713 713 570 569 713 569 712 712 569 568 712 568 711 711 568 567 711 567 710 710 567 566 710 566 709 709 566 565 709 565 708 708 565 564 708 564 707 707 564 563 707 563 706 706 563 562 706 562 705 705 562 561 705 561 704 704 561 560 704 560 703 703 560 559 703 559 702 702 559 558 702 558 701 701 558 557 701 557 700 700 557 556 700 556 699 699 556 555 699 555 698 698 555 554 698 554 697 697 554 553 719 703 696 696 703 702 696 702 697 697 702 701 697 701 698 698 701 700 698 700 699 703 719 704 704 719 718 704 718 705 705 718 717 705 717 706 706 717 716 706 716 707 707 716 715 707 715 708 708 715 714 708 714 709 709 714 713 709 713 710 710 713 712 710 712 711 158 381 503 503 381 489 721 505 720 720 505 504 720 504 743 743 504 527 743 527 742 742 527 526 742 526 741 741 526 525 741 525 740 740 525 524 740 524 739 739 524 523 739 523 738 738 523 522 738 522 737 737 522 521 737 521 736 736 521 520 736 520 735 735 520 519 735 519 734 734 519 518 734 518 733 733 518 517 733 517 732 732 517 516 732 516 731 731 516 515 731 515 730 730 515 514 730 514 729 729 514 513 729 513 728 728 513 512 728 512 727 727 512 511 727 511 726 726 511 510 726 510 725 725 510 509 725 509 724 724 509 508 724 508 723 723 508 507 723 507 722 722 507 506 722 506 721 721 506 505 743 733 720 720 733 732 720 732 721 721 732 731 721 731 722 722 731 730 722 730 723 723 730 729 723 729 724 724 729 728 724 728 725 725 728 727 725 727 726 733 743 734 734 743 742 734 742 735 735 742 741 735 741 736 736 741 740 736 740 737 737 740 739 737 739 738 49 12 501 501 12 119 487 283 492 492 283 317 492 317 493 493 317 316 493 316 494 494 316 315 494 315 495 495 315 314 495 314 496 496 314 313 496 313 497 497 313 312</p>
        </triangles>
      </mesh>
    </geometry>
    <geometry id="geometry_0911d477_5e88_463c_9cb9_0034a0c799f0">
      <mesh>
        <source id="pos_14">
          <float_array id="pos_14-array" count="336">-340.138432 2.999998 56.328484 -340.138432 2.999998 63.80258 -336.138432 2.999998 63.80258 -336.138432 2.999998 56.328484 -340.138432 -1E-06 63.80258 -336.138432 -1E-06 63.80258 -340.138432 -1E-06 56.328484 -336.138432 -1E-06 56.328484 -340.138432 -1E-06 38.950892 -340.138432 0.145675 36.697568 -340.138432 0.580281 34.48176 -340.138432 1.296579 32.340354 -340.138432 2.282645 30.309008 -340.138432 3.947331 27.377692 -340.138432 4.602581 26.314156 -340.138432 5.332031 25.300076 -340.138432 6.131963 24.340612 -340.138432 4.731207 33.253598 -340.138432 3.766264 42.269476 -340.138432 3.226781 51.326308 -340.138432 3.102405 60.362156 -340.138432 3.386829 69.394352 -340.138432 4.087184 78.440336 -340.138432 5.213261 87.43756 -340.138432 6.774853 96.323456 -340.138432 5.647749 95.118992 -340.138432 4.639061 93.813768 -340.138432 3.75775 92.41936 -340.138432 2.282753 89.822128 -340.138432 1.296641 87.790752 -340.138432 0.580308 85.649296 -340.138432 0.145682 83.433432 -340.138432 -1E-06 81.180056 -340.138432 -1E-06 65.80258 -340.138432 -1.535847 65.80258 -340.138432 -1.535847 54.328484 -340.138432 -1E-06 54.328484 -530.138432 2.282753 89.822128 -530.138432 1.296641 87.790752 -530.138432 0.580308 85.649296 -530.138432 0.145682 83.433432 -530.138432 -1E-06 81.180056 -387.638432 0.145682 83.433432 -435.138432 0.145682 83.433432 -482.638432 0.145682 83.433432 -387.638432 0.580308 85.649296 -435.138432 0.580308 85.649296 -482.638432 0.580308 85.649296 -387.638432 1.296641 87.790752 -435.138432 1.296641 87.790752 -482.638432 1.296641 87.790752 -530.138432 3.75775 92.41936 -530.138432 6.774853 96.323456 -530.138432 5.647749 95.118992 -530.138432 4.639061 93.813768 -387.638432 5.128018 94.478272 -435.138432 5.128018 94.478272 -482.638432 5.128018 94.478272 -530.138432 6.131963 24.340612 -530.138432 5.392094 28.681574 -530.138432 4.753264 33.088222 -530.138432 3.783912 42.061124 -530.138432 3.232114 51.183344 -530.138432 3.102543 60.377652 -530.138432 3.396294 69.566192 -530.138432 4.110882 78.671184 -530.138432 5.240256 87.615512 -530.138432 5.957634 92.003696 -435.138432 5.381922 28.746192 -435.138432 4.731423 33.253628 -435.138432 4.198008 37.72616 -435.138432 3.766509 42.269496 -435.138432 3.226847 51.326312 -435.138432 3.102405 60.362156 -435.138432 3.386896 69.394344 -435.138432 4.087437 78.440304 -435.138432 4.600038 82.975752 -435.138432 5.213485 87.437528 -435.138432 5.945174 91.932904 -530.138432 3.947331 27.377692 -530.138432 4.602581 26.314156 -530.138432 5.332031 25.300076 -378.138432 4.958255 25.800604 -416.138432 4.958255 25.800604 -454.138432 4.958255 25.800604 -492.138432 4.958255 25.800604 -530.138432 2.282645 30.309008 -530.138432 2.999998 63.80258 -530.138432 2.999998 56.328484 -534.138432 2.999998 56.328484 -534.138432 2.999998 63.80258 -530.138432 -1E-06 63.80258 -534.138432 -1E-06 63.80258 -530.138432 -1E-06 56.328484 -534.138432 -1E-06 56.328484 -530.138432 1.296579 32.340354 -530.138432 0.580281 34.48176 -530.138432 0.145675 36.697568 -530.138432 -1E-06 38.950892 -530.138432 -1E-06 54.328484 -530.138432 -1.535847 54.328484 -530.138432 -1.535847 65.80258 -530.138432 -1E-06 65.80258 -387.638432 1.296579 32.340354 -435.138432 1.296579 32.340354 -482.638432 1.296579 32.340354 -387.638432 0.580281 34.48176 -435.138432 0.580281 34.48176 -482.638432 0.580281 34.48176 -387.638432 0.145675 36.697568 -435.138432 0.145675 36.697568 -482.638432 0.145675 36.697568</float_array>
          <technique_common>
            <accessor source="#pos_14-array" count="336" stride="3">
              <param name="X" type="float"/>
              <param name="Y" type="float"/>
              <param name="Z" type="float"/>
            </accessor>
          </technique_common>
        </source>
        <vertices id="vert_14">
          <input semantic="POSITION" source="#pos_14"/>
        </vertices>
        <triangles count="220" material="mat_16">
          <input semantic="VERTEX" source="#vert_14" offset="0"/>
          <p>0 1 3 3 1 2 1 4 2 2 4 5 4 6 5 5 6 7 6 0 7 7 0 3 7 3 5 5 3 2 0 20 1 1 20 21 1 21 29 29 21 28 28 21 22 28 22 27 27 22 26 26 22 23 26 23 25 25 23 24 6 36 0 0 36 19 0 19 20 4 34 6 6 34 35 6 35 36 34 4 33 33 4 1 33 1 29 9 10 8 8 10 36 36 10 11 36 11 19 19 11 12 19 12 18 18 12 13 18 13 17 17 13 14 17 14 15 15 16 17 29 30 33 33 30 32 32 30 31 31 42 32 32 42 43 32 43 41 41 43 44 41 44 40 40 44 39 39 44 47 39 47 38 38 47 50 38 50 37 37 50 49 37 49 28 28 49 48 28 48 29 29 48 30 30 48 45 30 45 31 31 45 42 47 44 43 43 42 46 46 42 45 46 45 49 49 45 48 50 47 46 46 47 43 50 46 49 28 27 37 37 27 51 26 55 27 27 55 56 27 56 57 57 56 52 57 52 53 26 25 55 55 25 52 55 52 56 25 24 52 53 54 57 57 54 27 54 51 27 52 24 78 78 24 23 78 23 77 77 23 76 77 76 66 66 76 65 65 76 75 65 75 64 64 75 74 64 74 63 63 74 73 63 73 72 72 73 20 72 20 19 23 22 76 76 22 75 22 21 75 75 21 74 21 20 74 74 20 73 19 18 72 72 18 71 72 71 62 62 71 61 61 71 70 61 70 60 60 70 69 60 69 68 68 69 17 68 17 16 71 18 70 70 18 17 70 17 69 58 59 16 16 59 68 59 60 68 62 63 72 77 66 78 78 66 67 78 67 52 15 82 16 16 82 83 16 83 84 84 83 79 84 79 85 85 79 80 85 80 81 15 14 82 82 14 83 13 79 14 14 79 83 58 16 81 81 16 84 81 84 85 13 12 79 79 12 86 87 88 90 90 88 89 91 87 92 92 87 90 93 91 94 94 91 92 88 93 89 89 93 94 89 94 90 90 94 92 37 51 65 65 51 54 65 54 66 66 54 53 66 53 67 67 53 52 65 64 37 37 64 38 38 64 87 38 87 102 102 87 91 102 91 101 101 91 93 101 93 100 100 93 99 99 93 88 99 88 62 62 88 63 63 88 87 63 87 64 61 86 62 62 86 95 62 95 99 99 95 96 99 96 98 98 96 97 86 61 79 79 61 60 79 60 80 80 60 59 80 59 81 81 59 58 38 102 39 39 102 41 39 41 40 11 103 12 12 103 104 12 104 86 86 104 105 86 105 95 95 105 96 96 105 108 96 108 97 97 108 111 97 111 98 98 111 110 98 110 8 8 110 109 8 109 9 9 109 10 10 109 106 10 106 11 11 106 103 108 105 104 104 103 107 107 103 106 107 106 110 110 106 109 111 108 107 107 108 104 111 107 110 33 32 102 102 32 41 8 36 98 98 36 99 36 35 99 99 35 100 35 34 100 100 34 101 34 33 101 101 33 102</p>
        </triangles>
      </mesh>
    </geometry>
    <geometry id="geometry_e6784486_da1f_4586_b861_31ae1631d270">
      <mesh>
        <source id="pos_15">
          <float_array id="pos_15-array" count="522">-330.138464 22.000126 73.60256 -330.138464 22.00014 46.52846 -330.138464 17.00014 46.528456 -330.138464 17.000126 73.602552 -0.137477 17.000306 80.802536 -0.137477 17.000328 39.328532 -0.13748 22.000328 39.328536 -0.13748 22.000306 80.802536 -10.138457 22.000302 78.00256 -10.707859 22.0003 77.9276 -11.238458 22.0003 77.707816 -11.694093 22.0003 77.358192 -12.043714 22.0003 76.90256 -12.263494 22.0003 76.37196 -12.338457 22.000302 75.80256 -12.263494 22.000302 75.23316 -12.043714 22.000302 74.70256 -11.694093 22.000302 74.246928 -11.238458 22.000302 73.897312 -10.707859 22.000304 73.67752 -10.138457 22.000304 73.60256 -9.569056 22.000304 73.67752 -9.038458 22.000304 73.897312 -8.582823 22.000304 74.246928 -8.233202 22.000304 74.70256 -8.013421 22.000304 75.23316 -7.938457 22.000304 75.80256 -8.013421 22.000304 76.37196 -8.233202 22.000302 76.90256 -8.582823 22.000302 77.358192 -9.038458 22.000302 77.707816 -9.569056 22.000302 77.9276 -10.125923 22.000318 46.528496 -10.695325 22.000318 46.453532 -11.225924 22.000318 46.233752 -11.681559 22.000318 45.884132 -12.031179 22.000318 45.428496 -12.25096 22.000318 44.8979 -12.325924 22.000318 44.328496 -12.25096 22.000318 43.759096 -12.031179 22.000318 43.228496 -11.681559 22.000318 42.77286 -11.225924 22.00032 42.42324 -10.695325 22.00032 42.20346 -10.125923 22.00032 42.128496 -9.556521 22.00032 42.20346 -9.025924 22.00032 42.42324 -8.570289 22.00032 42.77286 -8.220668 22.00032 43.228496 -8.000887 22.00032 43.759096 -7.925923 22.00032 44.328496 -8.000887 22.00032 44.8979 -8.220668 22.00032 45.428496 -8.570289 22.000318 45.884132 -9.025924 22.000318 46.233752 -9.556521 22.000318 46.453532 -329.569056 22.000126 73.67752 -329.038464 22.000126 73.897312 -328.582816 22.000126 74.246928 -328.233216 22.000126 74.70256 -328.01344 22.000126 75.23316 -327.938432 22.000126 75.80256 -328.01344 22.000124 76.37196 -328.233216 22.000124 76.90256 -328.582816 22.000124 77.358192 -329.038464 22.000124 77.707816 -329.569056 22.000122 77.9276 -330.138464 22.000122 78.00256 -330.138464 22.00012 80.802536 -320.138464 22.000126 80.802536 -320.138464 22.000134 67.565536 -20.137434 22.000302 67.565536 -20.137434 22.000294 80.802536 -20.137456 22.000316 39.328536 -20.137456 22.000308 52.565536 -320.138464 22.000144 52.565536 -320.138464 22.000148 39.328536 -330.138464 22.000144 39.328536 -330.138464 22.000144 42.128532 -329.609728 22.000144 42.189912 -329.111232 22.000144 42.376476 -328.672128 22.000144 42.677304 -328.318112 22.000144 43.074788 -328.06992 22.000144 43.54566 -327.94208 22.000144 44.06236 -327.94208 22.000144 44.594636 -328.06992 22.000142 45.111332 -328.318112 22.000142 45.582204 -328.672128 22.000142 45.979688 -329.111232 22.000142 46.280516 -329.609728 22.000142 46.467084 -20.137432 17.000294 80.802536 -20.137432 17.000302 67.565536 -320.138464 17.000134 67.565536 -320.138464 17.000126 80.802536 -330.138464 17.00012 80.802536 -330.138464 17.000122 78.002552 -329.569056 17.000122 77.9276 -329.038464 17.000124 77.707816 -328.582816 17.000124 77.358192 -328.233184 17.000124 76.90256 -328.01344 17.000124 76.37196 -327.938432 17.000126 75.80256 -328.01344 17.000126 75.233152 -328.233184 17.000126 74.70256 -328.582816 17.000126 74.246928 -329.038464 17.000126 73.897304 -329.569056 17.000126 73.67752 -329.609728 17.000142 46.46708 -329.1112 17.000142 46.280512 -328.672128 17.000142 45.979684 -328.31808 17.000142 45.5822 -328.06992 17.000142 45.111328 -327.94208 17.000144 44.594632 -327.94208 17.000144 44.062356 -328.06992 17.000144 43.54566 -328.31808 17.000144 43.074788 -328.672128 17.000144 42.677304 -329.1112 17.000144 42.376472 -329.609728 17.000144 42.189908 -330.138464 17.000144 42.128528 -330.138464 17.000144 39.328532 -320.138464 17.000148 39.328532 -320.138464 17.000144 52.565532 -20.137454 17.000308 52.565532 -20.137454 17.000316 39.328532 -10.138454 17.000302 78.002552 -9.569053 17.000302 77.9276 -9.038455 17.000302 77.707816 -8.58282 17.000302 77.358192 -8.233199 17.000302 76.90256 -8.013418 17.000304 76.37196 -7.938454 17.000304 75.80256 -8.013418 17.000304 75.233152 -8.233199 17.000304 74.70256 -8.58282 17.000304 74.246928 -9.038455 17.000304 73.897304 -9.569053 17.000304 73.67752 -10.138454 17.000304 73.602552 -10.707856 17.000304 73.67752 -11.238455 17.000302 73.897304 -11.69409 17.000302 74.246928 -12.043711 17.000302 74.70256 -12.263492 17.000302 75.233152 -12.338455 17.000302 75.80256 -12.263492 17.0003 76.37196 -12.043711 17.0003 76.90256 -11.69409 17.0003 77.358192 -11.238455 17.0003 77.707816 -10.707856 17.0003 77.9276 -10.12592 17.000318 46.528492 -9.556519 17.000318 46.453528 -9.025921 17.000318 46.233748 -8.570286 17.000318 45.884128 -8.220665 17.00032 45.428492 -8.000884 17.00032 44.897896 -7.92592 17.00032 44.328496 -8.000884 17.00032 43.759092 -8.220665 17.00032 43.228492 -8.570286 17.00032 42.772856 -9.025921 17.00032 42.423236 -9.556519 17.00032 42.203456 -10.12592 17.00032 42.128496 -10.695323 17.00032 42.203456 -11.225921 17.00032 42.423236 -11.681556 17.000318 42.772856 -12.031177 17.000318 43.228492 -12.250957 17.000318 43.759092 -12.325921 17.000318 44.328496 -12.250957 17.000318 44.897896 -12.031177 17.000318 45.428492 -11.681556 17.000318 45.884128 -11.225921 17.000318 46.233748 -10.695323 17.000318 46.453528</float_array>
          <technique_common>
            <accessor source="#pos_15-array" count="522" stride="3">
              <param name="X" type="float"/>
              <param name="Y" type="float"/>
              <param name="Z" type="float"/>
            </accessor>
          </technique_common>
        </source>
        <vertices id="vert_15">
          <input semantic="POSITION" source="#pos_15"/>
        </vertices>
        <triangles count="352" material="mat_16">
          <input semantic="VERTEX" source="#vert_15" offset="0"/>
          <p>1 2 0 0 2 3 4 5 7 7 5 6 9 72 8 8 72 7 8 7 31 31 7 30 30 7 29 29 7 28 28 7 27 27 7 26 26 7 25 25 7 24 24 7 23 23 7 53 23 53 54 9 10 72 72 10 11 72 11 12 12 13 72 72 13 14 72 14 15 72 15 71 71 15 16 71 16 17 17 18 71 71 18 19 71 19 20 20 21 71 71 21 22 71 22 54 54 22 23 55 32 74 74 32 33 74 33 34 34 35 74 74 35 36 74 36 37 74 37 73 73 37 38 73 38 39 39 40 73 73 40 41 73 41 42 42 43 73 73 43 44 73 44 6 6 44 45 6 45 46 46 47 6 6 47 48 6 48 49 49 50 6 6 50 51 6 51 52 52 53 6 6 53 7 71 54 74 74 54 55 90 1 75 75 1 0 75 0 70 70 0 56 70 56 57 57 58 70 70 58 59 70 59 60 70 60 69 69 60 61 69 61 62 62 63 69 69 63 64 69 64 65 65 66 69 69 66 67 69 67 68 75 70 74 74 70 71 76 86 75 75 86 87 75 87 88 77 78 76 76 78 79 76 79 80 80 81 76 76 81 82 76 82 83 83 84 76 76 84 85 76 85 86 88 89 75 75 89 90 91 126 4 4 126 127 4 127 128 92 143 91 91 143 144 91 144 145 93 124 92 92 124 152 92 152 136 136 152 135 135 152 153 135 153 4 4 153 5 5 153 154 5 154 155 94 103 93 93 103 104 93 104 105 95 96 94 94 96 97 94 97 98 98 99 94 94 99 100 94 100 101 101 102 94 94 102 103 105 106 93 93 106 107 93 107 3 93 3 123 123 3 2 123 2 108 108 109 123 123 109 110 123 110 111 111 112 123 123 112 122 122 112 113 122 113 114 114 115 122 122 115 116 122 116 117 117 118 122 122 118 119 122 119 120 120 121 122 123 124 93 125 169 124 124 169 170 124 170 171 5 162 125 125 162 163 125 163 164 128 129 4 4 129 130 4 130 131 131 132 4 4 132 133 4 133 134 134 135 4 136 137 92 92 137 138 92 138 139 139 140 92 92 140 141 92 141 142 142 143 92 145 146 91 91 146 147 91 147 148 148 149 91 91 149 126 173 150 124 124 150 151 124 151 152 155 156 5 5 156 157 5 157 158 158 159 5 5 159 160 5 160 161 161 162 5 164 165 125 125 165 166 125 166 167 167 168 125 125 168 169 171 172 124 124 172 173 96 67 97 97 67 66 97 66 98 98 66 65 98 65 99 99 65 64 99 64 100 100 64 63 100 63 101 101 63 62 101 62 102 102 62 61 102 61 103 103 61 60 103 60 104 104 60 59 104 59 105 105 59 58 105 58 106 106 58 57 106 57 107 107 57 56 107 56 3 3 56 0 2 1 108 108 1 90 108 90 89 108 89 109 109 89 88 109 88 110 110 88 87 110 87 111 111 87 86 111 86 112 112 86 85 112 85 113 113 85 84 113 84 114 114 84 83 114 83 115 115 83 82 115 82 116 116 82 81 116 81 117 117 81 80 117 80 118 118 80 79 118 79 119 119 79 120 120 79 78 120 78 121 121 78 77 67 96 68 68 96 95 75 123 76 76 123 122 76 122 77 77 122 121 93 70 94 94 70 69 68 95 69 69 95 94 173 33 150 150 33 32 150 32 151 151 32 55 151 55 152 152 55 54 152 54 153 153 54 53 153 53 154 154 53 52 154 52 155 155 52 51 155 51 156 156 51 50 156 50 157 157 50 49 157 49 158 158 49 48 158 48 159 159 48 47 159 47 160 160 47 46 160 46 161 161 46 45 161 45 162 162 45 44 162 44 163 163 44 43 163 43 164 164 43 42 164 42 165 165 42 41 165 41 166 166 41 40 166 40 167 167 40 39 167 39 168 168 39 38 168 38 169 169 38 37 169 37 170 170 37 36 170 36 171 171 36 35 171 35 172 172 35 34 172 34 173 173 34 33 149 9 126 126 9 8 126 8 127 127 8 31 127 31 128 128 31 30 128 30 129 129 30 29 129 29 130 130 29 28 130 28 131 131 28 27 131 27 132 132 27 26 132 26 133 133 26 25 133 25 134 134 25 24 134 24 135 135 24 23 135 23 136 136 23 22 136 22 137 137 22 21 137 21 138 138 21 20 138 20 139 139 20 19 139 19 140 140 19 18 140 18 141 141 18 17 141 17 142 142 17 16 142 16 143 143 16 15 143 15 144 144 15 14 144 14 145 145 14 13 145 13 146 146 13 12 146 12 147 147 12 11 147 11 148 148 11 10 148 10 149 149 10 9 124 74 125 125 74 73 125 73 5 5 73 6 71 92 72 72 92 91 72 91 7 7 91 4 71 70 92 92 70 93 75 74 123 123 74 124</p>
        </triangles>
      </mesh>
    </geometry>
  </library_geometries>
  <library_visual_scenes>
    <visual_scene id="DefaultScene">
      <node id="node_4c26b96c_9ef9_4dec_a689_ef32f44c924e" type="NODE">
        <matrix>1 0 0 0 0 1 0 0 0 0 1 0 0 0 0 1</matrix>
        <node id="node_10a8272e_f34b_4fb6_8210_6d310bea3099" type="NODE">
          <matrix>1 0 0 0 0 1 0 0 0 0 1 0 0 0 0 1</matrix>
          <node id="node_362325276_1" type="NODE">
            <matrix>1 0 0 0 0 1 0 0 0 0 1 0 0 0 0 1</matrix>
            <node id="node_362325276_1_mesh0" type="NODE">
              <matrix>1 0 0 0 0 1 0 0 0 0 1 0 0 0 0 1</matrix>
              <instance_geometry url="#geometry_d78493ea_1302_4eca_af65_411ba23ee51a">
                <bind_material>
                  <technique_common>
                    <instance_material symbol="mat_16" target="#mat_16"/>
                  </technique_common>
                </bind_material>
              </instance_geometry>
            </node>
          </node>
        </node>
        <node id="node_77fec094_d12e_45cb_8e35_364dbf872816" type="NODE">
          <matrix>1 0 0 0 0 1 0 0 0 0 1 0 0 0 0 1</matrix>
          <node id="node_362325276_3" type="NODE">
            <matrix>1 0 0 0 0 1 0 0 0 0 1 0 0 0 0 1</matrix>
            <node id="node_362325276_3_mesh0" type="NODE">
              <matrix>1 0 0 0 0 1 0 0 0 0 1 0 0 0 0 1</matrix>
              <instance_geometry url="#geometry_03a2ee1c_f9bf_4c28_88e5_c7a6432a33f2">
                <bind_material>
                  <technique_common>
                    <instance_material symbol="mat_16" target="#mat_16"/>
                  </technique_common>
                </bind_material>
              </instance_geometry>
            </node>
          </node>
        </node>
        <node id="node_17cb135d_7359_4b09_9bd3_3eaeea4f322f" type="NODE">
          <matrix>1 0 0 0 0 1 0 0 0 0 1 0 0 0 0 1</matrix>
          <node id="node_362325276_5" type="NODE">
            <matrix>1 0 0 0 0 1 0 0 0 0 1 0 0 0 0 1</matrix>
            <node id="node_362325276_5_mesh0" type="NODE">
              <matrix>1 0 0 0 0 1 0 0 0 0 1 0 0 0 0 1</matrix>
              <instance_geometry url="#geometry_01c3be71_72eb_4edf_b8e1_765c49093f43">
                <bind_material>
                  <technique_common>
                    <instance_material symbol="mat_16" target="#mat_16"/>
                  </technique_common>
                </bind_material>
              </instance_geometry>
            </node>
          </node>
        </node>
        <node id="node_c77d667e_9d4f_4643_a79b_1256c46a080a" type="NODE">
          <matrix>1 0 0 0 0 1 0 0 0 0 1 0 0 0 0 1</matrix>
          <node id="node_362325276_7" type="NODE">
            <matrix>1 0 0 0 0 1 0 0 0 0 1 0 0 0 0 1</matrix>
            <node id="node_362325276_7_mesh0" type="NODE">
              <matrix>1 0 0 0 0 1 0 0 0 0 1 0 0 0 0 1</matrix>
              <instance_geometry url="#geometry_d50ba041_aae8_44ad_8198_56669a5c7620">
                <bind_material>
                  <technique_common>
                    <instance_material symbol="mat_16" target="#mat_16"/>
                  </technique_common>
                </bind_material>
              </instance_geometry>
            </node>
          </node>
        </node>
        <node id="node_d3c91dce_56d5_474f_b611_9ec9e9c14cc7" type="NODE">
          <matrix>1 0 0 0 0 1 0 0 0 0 1 0 0 0 0 1</matrix>
          <node id="node_362325276_9" type="NODE">
            <matrix>1 0 0 0 0 1 0 0 0 0 1 0 0 0 0 1</matrix>
            <node id="node_362325276_9_mesh0" type="NODE">
              <matrix>1 0 0 0 0 1 0 0 0 0 1 0 0 0 0 1</matrix>
              <instance_geometry url="#geometry_81affb70_e353_4666_981b_e4f89c2896b5">
                <bind_material>
                  <technique_common>
                    <instance_material symbol="mat_16" target="#mat_16"/>
                  </technique_common>
                </bind_material>
              </instance_geometry>
            </node>
          </node>
        </node>
        <node id="node_f122b917_cce2_4439_86ce_26d4446b127c" type="NODE">
          <matrix>1 0 0 0 0 1 0 0 0 0 1 0 0 0 0 1</matrix>
          <node id="node_362325276_11" type="NODE">
            <matrix>1 0 0 0 0 1 0 0 0 0 1 0 0 0 0 1</matrix>
            <node id="node_362325276_11_mesh0" type="NODE">
              <matrix>1 0 0 0 0 1 0 0 0 0 1 0 0 0 0 1</matrix>
              <instance_geometry url="#geometry_01b0d4d9_8c22_48bc_b1f9_2a0e74ea27a6">
                <bind_material>
                  <technique_common>
                    <instance_material symbol="mat_16" target="#mat_16"/>
                  </technique_common>
                </bind_material>
              </instance_geometry>
            </node>
          </node>
        </node>
        <node id="node_e98f37b8_f973_498b_ad63_64e95580cf75" type="NODE">
          <matrix>1 0 0 0 0 1 0 0 0 0 1 0 0 0 0 1</matrix>
          <node id="node_362325276_13" type="NODE">
            <matrix>1 0 0 0 0 1 0 0 0 0 1 0 0 0 0 1</matrix>
            <node id="node_362325276_13_mesh0" type="NODE">
              <matrix>1 0 0 0 0 1 0 0 0 0 1 0 0 0 0 1</matrix>
              <instance_geometry url="#geometry_13d8ed7a_d3a1_4e68_864e_6968a7cfe54b">
                <bind_material>
                  <technique_common>
                    <instance_material symbol="mat_16" target="#mat_16"/>
                  </technique_common>
                </bind_material>
              </instance_geometry>
            </node>
          </node>
        </node>
        <node id="node_1eadec84_557b_4a8a_bb8f_0a2ce6bf27af" type="NODE">
          <matrix>1 0 0 0 0 1 0 0 0 0 1 0 0 0 0 1</matrix>
          <node id="node_362325276_15" type="NODE">
            <matrix>1 0 0 0 0 1 0 0 0 0 1 0 0 0 0 1</matrix>
            <node id="node_362325276_15_mesh0" type="NODE">
              <matrix>1 0 0 0 0 1 0 0 0 0 1 0 0 0 0 1</matrix>
              <instance_geometry url="#geometry_8df0d1ee_07ab_47ee_a70c_599207faa423">
                <bind_material>
                  <technique_common>
                    <instance_material symbol="mat_16" target="#mat_16"/>
                  </technique_common>
                </bind_material>
              </instance_geometry>
            </node>
          </node>
        </node>
        <node id="node_691cd42e_41af_4a74_8aff_a6df86d56c91" type="NODE">
          <matrix>1 0 0 0 0 1 0 0 0 0 1 0 0 0 0 1</matrix>
          <node id="node_362325276_17" type="NODE">
            <matrix>1 0 0 0 0 1 0 0 0 0 1 0 0 0 0 1</matrix>
            <node id="node_362325276_17_mesh0" type="NODE">
              <matrix>1 0 0 0 0 1 0 0 0 0 1 0 0 0 0 1</matrix>
              <instance_geometry url="#geometry_2bba31ff_0367_40d8_8ebf_6fd16b69379b">
                <bind_material>
                  <technique_common>
                    <instance_material symbol="mat_16" target="#mat_16"/>
                  </technique_common>
                </bind_material>
              </instance_geometry>
            </node>
          </node>
        </node>
        <node id="node_6367e7ce_37ce_45f7_a360_0151f53fc7ba" type="NODE">
          <matrix>1 0 0 0 0 1 0 0 0 0 1 0 0 0 0 1</matrix>
          <node id="node_362325276_19" type="NODE">
            <matrix>1 0 0 0 0 1 0 0 0 0 1 0 0 0 0 1</matrix>
            <node id="node_362325276_19_mesh0" type="NODE">
              <matrix>1 0 0 0 0 1 0 0 0 0 1 0 0 0 0 1</matrix>
              <instance_geometry url="#geometry_e9dc3759_f99e_43fd_9df3_41154ab19514">
                <bind_material>
                  <technique_common>
                    <instance_material symbol="mat_16" target="#mat_16"/>
                  </technique_common>
                </bind_material>
              </instance_geometry>
            </node>
          </node>
        </node>
        <node id="node_13de32bb_436c_46ef_af36_005b3d1bccdf" type="NODE">
          <matrix>1 0 0 0 0 1 0 0 0 0 1 0 0 0 0 1</matrix>
          <node id="node_362325276_21" type="NODE">
            <matrix>1 0 0 0 0 1 0 0 0 0 1 0 0 0 0 1</matrix>
            <node id="node_362325276_21_mesh0" type="NODE">
              <matrix>1 0 0 0 0 1 0 0 0 0 1 0 0 0 0 1</matrix>
              <instance_geometry url="#geometry_7350c77c_04e9_40cd_93f3_90ed7c0b3740">
                <bind_material>
                  <technique_common>
                    <instance_material symbol="mat_16" target="#mat_16"/>
                  </technique_common>
                </bind_material>
              </instance_geometry>
            </node>
          </node>
        </node>
        <node id="node_f2b8883f_8363_48ac_903a_a39fc885bb83" type="NODE">
          <matrix>1 0 0 0 0 1 0 0 0 0 1 0 0 0 0 1</matrix>
          <node id="node_362325276_23" type="NODE">
            <matrix>1 0 0 0 0 1 0 0 0 0 1 0 0 0 0 1</matrix>
            <node id="node_362325276_23_mesh0" type="NODE">
              <matrix>1 0 0 0 0 1 0 0 0 0 1 0 0 0 0 1</matrix>
              <instance_geometry url="#geometry_2367625b_95ce_43e5_b0d9_4ef13d126876">
                <bind_material>
                  <technique_common>
                    <instance_material symbol="mat_16" target="#mat_16"/>
                  </technique_common>
                </bind_material>
              </instance_geometry>
            </node>
          </node>
        </node>
        <node id="node_044ca9a1_47ba_4ed3_92d3_e9c60975edab" type="NODE">
          <matrix>1 0 0 0 0 1 0 0 0 0 1 0 0 0 0 1</matrix>
          <node id="node_362325276_25" type="NODE">
            <matrix>1 0 0 0 0 1 0 0 0 0 1 0 0 0 0 1</matrix>
            <node id="node_362325276_25_mesh0" type="NODE">
              <matrix>1 0 0 0 0 1 0 0 0 0 1 0 0 0 0 1</matrix>
              <instance_geometry url="#geometry_196b2406_966b_49da_87e1_4428c925ced8">
                <bind_material>
                  <technique_common>
                    <instance_material symbol="mat_16" target="#mat_16"/>
                  </technique_common>
                </bind_material>
              </instance_geometry>
            </node>
          </node>
        </node>
        <node id="node_e8b1b430_f21f_4f15_b832_9cfeb4a32d2e" type="NODE">
          <matrix>1 0 0 0 0 1 0 0 0 0 1 0 0 0 0 1</matrix>
          <node id="node_362325276_27" type="NODE">
            <matrix>1 0 0 0 0 1 0 0 0 0 1 0 0 0 0 1</matrix>
            <node id="node_362325276_27_mesh0" type="NODE">
              <matrix>1 0 0 0 0 1 0 0 0 0 1 0 0 0 0 1</matrix>
              <instance_geometry url="#geometry_12930e62_1a29_4ad6_83bd_eabce2eead10">
                <bind_material>
                  <technique_common>
                    <instance_material symbol="mat_16" target="#mat_16"/>
                  </technique_common>
                </bind_material>
              </instance_geometry>
            </node>
          </node>
        </node>
        <node id="node_21f93ebf_f81c_4269_9545_5981483028b9" type="NODE">
          <matrix>1 0 0 0 0 1 0 0 0 0 1 0 0 0 0 1</matrix>
          <node id="node_362325276_29" type="NODE">
            <matrix>1 0 0 0 0 1 0 0 0 0 1 0 0 0 0 1</matrix>
            <node id="node_362325276_29_mesh0" type="NODE">
              <matrix>1 0 0 0 0 1 0 0 0 0 1 0 0 0 0 1</matrix>
              <instance_geometry url="#geometry_0911d477_5e88_463c_9cb9_0034a0c799f0">
                <bind_material>
                  <technique_common>
                    <instance_material symbol="mat_16" target="#mat_16"/>
                  </technique_common>
                </bind_material>
              </instance_geometry>
            </node>
          </node>
        </node>
        <node id="node_b94e4b42_d049_4f83_8cd5_273f27797708" type="NODE">
          <matrix>1 0 0 0 0 1 0 0 0 0 1 0 0 0 0 1</matrix>
          <node id="node_362325276_31" type="NODE">
            <matrix>1 0 0 0 0 1 0 0 0 0 1 0 0 0 0 1</matrix>
            <node id="node_362325276_31_mesh0" type="NODE">
              <matrix>1 0 0 0 0 1 0 0 0 0 1 0 0 0 0 1</matrix>
              <instance_geometry url="#geometry_e6784486_da1f_4586_b861_31ae1631d270">
                <bind_material>
                  <technique_common>
                    <instance_material symbol="mat_16" target="#mat_16"/>
                  </technique_common>
                </bind_material>
              </instance_geometry>
            </node>
          </node>
        </node>
      </node>
    </visual_scene>
  </library_visual_scenes>
  <scene>
    <instance_visual_scene url="#DefaultScene"/>
  </scene>
</COLLADA>
